ISO-10303-21;
HEADER;
/* Generated by software containing ST-Developer
 * from STEP Tools, Inc. (www.steptools.com) 
 */

FILE_DESCRIPTION(
/* description */ (''),
/* implementation_level */ '2;1');

FILE_NAME(
/* name */ 'Cube Accoustic Chamber.step',
/* time_stamp */ '2026-09-29T16:41:55+02:00',
/* author */ (''),
/* organization */ (''),
/* preprocessor_version */ 'ST-DEVELOPER v20.2',
/* originating_system */ 'Autodesk Translation Framework v15.15.0.0',
/* authorisation */ '');

FILE_SCHEMA (('AUTOMOTIVE_DESIGN { 1 0 10303 214 3 1 1 }'));
ENDSEC;

DATA;
#10=MECHANICAL_DESIGN_GEOMETRIC_PRESENTATION_REPRESENTATION('',(#13,#14,
#15,#16),#4835);
#11=SHAPE_REPRESENTATION_RELATIONSHIP('SRR','None',#4842,#12);
#12=ADVANCED_BREP_SHAPE_REPRESENTATION('',(#17,#18,#19,#20),#4834);
#13=STYLED_ITEM('',(#4852),#17);
#14=STYLED_ITEM('',(#4852),#18);
#15=STYLED_ITEM('',(#4852),#19);
#16=STYLED_ITEM('',(#4852),#20);
#17=MANIFOLD_SOLID_BREP('Back Plate',#2900);
#18=MANIFOLD_SOLID_BREP('Chamber',#2901);
#19=MANIFOLD_SOLID_BREP('Back Gasket',#2902);
#20=MANIFOLD_SOLID_BREP('Speaker Gasket',#2903);
#21=FACE_BOUND('',#365,.T.);
#22=FACE_BOUND('',#368,.T.);
#23=FACE_BOUND('',#371,.T.);
#24=FACE_BOUND('',#374,.T.);
#25=FACE_BOUND('',#377,.T.);
#26=FACE_BOUND('',#380,.T.);
#27=FACE_BOUND('',#383,.T.);
#28=FACE_BOUND('',#386,.T.);
#29=FACE_BOUND('',#398,.T.);
#30=FACE_BOUND('',#399,.T.);
#31=FACE_BOUND('',#400,.T.);
#32=FACE_BOUND('',#401,.T.);
#33=FACE_BOUND('',#402,.T.);
#34=FACE_BOUND('',#403,.T.);
#35=FACE_BOUND('',#404,.T.);
#36=FACE_BOUND('',#405,.T.);
#37=FACE_BOUND('',#406,.T.);
#38=FACE_BOUND('',#409,.T.);
#39=FACE_BOUND('',#410,.T.);
#40=FACE_BOUND('',#411,.T.);
#41=FACE_BOUND('',#412,.T.);
#42=FACE_BOUND('',#413,.T.);
#43=FACE_BOUND('',#414,.T.);
#44=FACE_BOUND('',#415,.T.);
#45=FACE_BOUND('',#416,.T.);
#46=FACE_BOUND('',#417,.T.);
#47=FACE_BOUND('',#439,.T.);
#48=FACE_BOUND('',#440,.T.);
#49=FACE_BOUND('',#441,.T.);
#50=FACE_BOUND('',#442,.T.);
#51=FACE_BOUND('',#443,.T.);
#52=FACE_BOUND('',#446,.T.);
#53=FACE_BOUND('',#447,.T.);
#54=FACE_BOUND('',#448,.T.);
#55=FACE_BOUND('',#449,.T.);
#56=FACE_BOUND('',#450,.T.);
#57=FACE_BOUND('',#451,.T.);
#58=FACE_BOUND('',#452,.T.);
#59=FACE_BOUND('',#453,.T.);
#60=FACE_BOUND('',#454,.T.);
#61=FACE_BOUND('',#479,.T.);
#62=FACE_BOUND('',#492,.T.);
#63=FACE_BOUND('',#493,.T.);
#64=FACE_BOUND('',#552,.T.);
#65=FACE_BOUND('',#553,.T.);
#66=FACE_BOUND('',#554,.T.);
#67=FACE_BOUND('',#555,.T.);
#68=FACE_BOUND('',#556,.T.);
#69=FACE_BOUND('',#557,.T.);
#70=FACE_BOUND('',#558,.T.);
#71=FACE_BOUND('',#559,.T.);
#72=FACE_BOUND('',#560,.T.);
#73=FACE_BOUND('',#562,.T.);
#74=FACE_BOUND('',#563,.T.);
#75=FACE_BOUND('',#564,.T.);
#76=FACE_BOUND('',#565,.T.);
#77=FACE_BOUND('',#566,.T.);
#78=FACE_BOUND('',#567,.T.);
#79=FACE_BOUND('',#568,.T.);
#80=FACE_BOUND('',#569,.T.);
#81=FACE_BOUND('',#570,.T.);
#82=FACE_BOUND('',#572,.T.);
#83=FACE_BOUND('',#573,.T.);
#84=FACE_BOUND('',#574,.T.);
#85=FACE_BOUND('',#575,.T.);
#86=FACE_BOUND('',#576,.T.);
#87=FACE_BOUND('',#591,.T.);
#88=FACE_BOUND('',#592,.T.);
#89=FACE_BOUND('',#593,.T.);
#90=FACE_BOUND('',#594,.T.);
#91=FACE_BOUND('',#595,.T.);
#92=PLANE('',#2920);
#93=PLANE('',#2925);
#94=PLANE('',#2930);
#95=PLANE('',#2935);
#96=PLANE('',#2940);
#97=PLANE('',#2945);
#98=PLANE('',#2950);
#99=PLANE('',#2955);
#100=PLANE('',#2973);
#101=PLANE('',#2974);
#102=PLANE('',#2975);
#103=PLANE('',#2979);
#104=PLANE('',#2980);
#105=PLANE('',#2981);
#106=PLANE('',#2985);
#107=PLANE('',#2989);
#108=PLANE('',#2993);
#109=PLANE('',#2997);
#110=PLANE('',#3001);
#111=PLANE('',#3005);
#112=PLANE('',#3009);
#113=PLANE('',#3013);
#114=PLANE('',#3014);
#115=PLANE('',#3015);
#116=PLANE('',#3016);
#117=PLANE('',#3022);
#118=PLANE('',#3023);
#119=PLANE('',#3024);
#120=PLANE('',#3025);
#121=PLANE('',#3026);
#122=PLANE('',#3027);
#123=PLANE('',#3028);
#124=PLANE('',#3029);
#125=PLANE('',#3030);
#126=PLANE('',#3031);
#127=PLANE('',#3032);
#128=PLANE('',#3033);
#129=PLANE('',#3034);
#130=PLANE('',#3035);
#131=PLANE('',#3036);
#132=PLANE('',#3037);
#133=PLANE('',#3038);
#134=PLANE('',#3039);
#135=PLANE('',#3040);
#136=PLANE('',#3041);
#137=PLANE('',#3042);
#138=PLANE('',#3043);
#139=PLANE('',#3044);
#140=PLANE('',#3045);
#141=PLANE('',#3046);
#142=PLANE('',#3047);
#143=PLANE('',#3061);
#144=PLANE('',#3062);
#145=PLANE('',#3063);
#146=PLANE('',#3064);
#147=PLANE('',#3065);
#148=PLANE('',#3066);
#149=PLANE('',#3067);
#150=PLANE('',#3071);
#151=PLANE('',#3075);
#152=PLANE('',#3076);
#153=PLANE('',#3079);
#154=PLANE('',#3082);
#155=PLANE('',#3085);
#156=PLANE('',#3088);
#157=PLANE('',#3092);
#158=PLANE('',#3095);
#159=PLANE('',#3098);
#160=PLANE('',#3101);
#161=PLANE('',#3102);
#162=PLANE('',#3103);
#163=PLANE('',#3104);
#164=PLANE('',#3105);
#165=PLANE('',#3106);
#166=PLANE('',#3107);
#167=PLANE('',#3108);
#168=PLANE('',#3109);
#169=PLANE('',#3110);
#170=PLANE('',#3111);
#171=PLANE('',#3112);
#172=PLANE('',#3113);
#173=PLANE('',#3114);
#174=PLANE('',#3115);
#175=PLANE('',#3116);
#176=PLANE('',#3117);
#177=PLANE('',#3118);
#178=PLANE('',#3119);
#179=PLANE('',#3120);
#180=PLANE('',#3121);
#181=PLANE('',#3122);
#182=PLANE('',#3123);
#183=PLANE('',#3124);
#184=PLANE('',#3125);
#185=PLANE('',#3126);
#186=PLANE('',#3127);
#187=PLANE('',#3128);
#188=PLANE('',#3129);
#189=PLANE('',#3154);
#190=PLANE('',#3155);
#191=PLANE('',#3156);
#192=PLANE('',#3157);
#193=PLANE('',#3158);
#194=PLANE('',#3159);
#195=PLANE('',#3160);
#196=PLANE('',#3170);
#197=PLANE('',#3173);
#198=PLANE('',#3186);
#199=PLANE('',#3189);
#200=PLANE('',#3192);
#201=FACE_OUTER_BOUND('',#363,.T.);
#202=FACE_OUTER_BOUND('',#364,.T.);
#203=FACE_OUTER_BOUND('',#366,.T.);
#204=FACE_OUTER_BOUND('',#367,.T.);
#205=FACE_OUTER_BOUND('',#369,.T.);
#206=FACE_OUTER_BOUND('',#370,.T.);
#207=FACE_OUTER_BOUND('',#372,.T.);
#208=FACE_OUTER_BOUND('',#373,.T.);
#209=FACE_OUTER_BOUND('',#375,.T.);
#210=FACE_OUTER_BOUND('',#376,.T.);
#211=FACE_OUTER_BOUND('',#378,.T.);
#212=FACE_OUTER_BOUND('',#379,.T.);
#213=FACE_OUTER_BOUND('',#381,.T.);
#214=FACE_OUTER_BOUND('',#382,.T.);
#215=FACE_OUTER_BOUND('',#384,.T.);
#216=FACE_OUTER_BOUND('',#385,.T.);
#217=FACE_OUTER_BOUND('',#387,.T.);
#218=FACE_OUTER_BOUND('',#388,.T.);
#219=FACE_OUTER_BOUND('',#389,.T.);
#220=FACE_OUTER_BOUND('',#390,.T.);
#221=FACE_OUTER_BOUND('',#391,.T.);
#222=FACE_OUTER_BOUND('',#392,.T.);
#223=FACE_OUTER_BOUND('',#393,.T.);
#224=FACE_OUTER_BOUND('',#394,.T.);
#225=FACE_OUTER_BOUND('',#395,.T.);
#226=FACE_OUTER_BOUND('',#396,.T.);
#227=FACE_OUTER_BOUND('',#397,.T.);
#228=FACE_OUTER_BOUND('',#407,.T.);
#229=FACE_OUTER_BOUND('',#408,.T.);
#230=FACE_OUTER_BOUND('',#418,.T.);
#231=FACE_OUTER_BOUND('',#419,.T.);
#232=FACE_OUTER_BOUND('',#420,.T.);
#233=FACE_OUTER_BOUND('',#421,.T.);
#234=FACE_OUTER_BOUND('',#422,.T.);
#235=FACE_OUTER_BOUND('',#423,.T.);
#236=FACE_OUTER_BOUND('',#424,.T.);
#237=FACE_OUTER_BOUND('',#425,.T.);
#238=FACE_OUTER_BOUND('',#426,.T.);
#239=FACE_OUTER_BOUND('',#427,.T.);
#240=FACE_OUTER_BOUND('',#428,.T.);
#241=FACE_OUTER_BOUND('',#429,.T.);
#242=FACE_OUTER_BOUND('',#430,.T.);
#243=FACE_OUTER_BOUND('',#431,.T.);
#244=FACE_OUTER_BOUND('',#432,.T.);
#245=FACE_OUTER_BOUND('',#433,.T.);
#246=FACE_OUTER_BOUND('',#434,.T.);
#247=FACE_OUTER_BOUND('',#435,.T.);
#248=FACE_OUTER_BOUND('',#436,.T.);
#249=FACE_OUTER_BOUND('',#437,.T.);
#250=FACE_OUTER_BOUND('',#438,.T.);
#251=FACE_OUTER_BOUND('',#444,.T.);
#252=FACE_OUTER_BOUND('',#445,.T.);
#253=FACE_OUTER_BOUND('',#455,.T.);
#254=FACE_OUTER_BOUND('',#456,.T.);
#255=FACE_OUTER_BOUND('',#457,.T.);
#256=FACE_OUTER_BOUND('',#458,.T.);
#257=FACE_OUTER_BOUND('',#459,.T.);
#258=FACE_OUTER_BOUND('',#460,.T.);
#259=FACE_OUTER_BOUND('',#461,.T.);
#260=FACE_OUTER_BOUND('',#462,.T.);
#261=FACE_OUTER_BOUND('',#463,.T.);
#262=FACE_OUTER_BOUND('',#464,.T.);
#263=FACE_OUTER_BOUND('',#465,.T.);
#264=FACE_OUTER_BOUND('',#466,.T.);
#265=FACE_OUTER_BOUND('',#467,.T.);
#266=FACE_OUTER_BOUND('',#468,.T.);
#267=FACE_OUTER_BOUND('',#469,.T.);
#268=FACE_OUTER_BOUND('',#470,.T.);
#269=FACE_OUTER_BOUND('',#471,.T.);
#270=FACE_OUTER_BOUND('',#472,.T.);
#271=FACE_OUTER_BOUND('',#473,.T.);
#272=FACE_OUTER_BOUND('',#474,.T.);
#273=FACE_OUTER_BOUND('',#475,.T.);
#274=FACE_OUTER_BOUND('',#476,.T.);
#275=FACE_OUTER_BOUND('',#477,.T.);
#276=FACE_OUTER_BOUND('',#478,.T.);
#277=FACE_OUTER_BOUND('',#480,.T.);
#278=FACE_OUTER_BOUND('',#481,.T.);
#279=FACE_OUTER_BOUND('',#482,.T.);
#280=FACE_OUTER_BOUND('',#483,.T.);
#281=FACE_OUTER_BOUND('',#484,.T.);
#282=FACE_OUTER_BOUND('',#485,.T.);
#283=FACE_OUTER_BOUND('',#486,.T.);
#284=FACE_OUTER_BOUND('',#487,.T.);
#285=FACE_OUTER_BOUND('',#488,.T.);
#286=FACE_OUTER_BOUND('',#489,.T.);
#287=FACE_OUTER_BOUND('',#490,.T.);
#288=FACE_OUTER_BOUND('',#491,.T.);
#289=FACE_OUTER_BOUND('',#494,.T.);
#290=FACE_OUTER_BOUND('',#495,.T.);
#291=FACE_OUTER_BOUND('',#496,.T.);
#292=FACE_OUTER_BOUND('',#497,.T.);
#293=FACE_OUTER_BOUND('',#498,.T.);
#294=FACE_OUTER_BOUND('',#499,.T.);
#295=FACE_OUTER_BOUND('',#500,.T.);
#296=FACE_OUTER_BOUND('',#501,.T.);
#297=FACE_OUTER_BOUND('',#502,.T.);
#298=FACE_OUTER_BOUND('',#503,.T.);
#299=FACE_OUTER_BOUND('',#504,.T.);
#300=FACE_OUTER_BOUND('',#505,.T.);
#301=FACE_OUTER_BOUND('',#506,.T.);
#302=FACE_OUTER_BOUND('',#507,.T.);
#303=FACE_OUTER_BOUND('',#508,.T.);
#304=FACE_OUTER_BOUND('',#509,.T.);
#305=FACE_OUTER_BOUND('',#510,.T.);
#306=FACE_OUTER_BOUND('',#511,.T.);
#307=FACE_OUTER_BOUND('',#512,.T.);
#308=FACE_OUTER_BOUND('',#513,.T.);
#309=FACE_OUTER_BOUND('',#514,.T.);
#310=FACE_OUTER_BOUND('',#515,.T.);
#311=FACE_OUTER_BOUND('',#516,.T.);
#312=FACE_OUTER_BOUND('',#517,.T.);
#313=FACE_OUTER_BOUND('',#518,.T.);
#314=FACE_OUTER_BOUND('',#519,.T.);
#315=FACE_OUTER_BOUND('',#520,.T.);
#316=FACE_OUTER_BOUND('',#521,.T.);
#317=FACE_OUTER_BOUND('',#522,.T.);
#318=FACE_OUTER_BOUND('',#523,.T.);
#319=FACE_OUTER_BOUND('',#524,.T.);
#320=FACE_OUTER_BOUND('',#525,.T.);
#321=FACE_OUTER_BOUND('',#526,.T.);
#322=FACE_OUTER_BOUND('',#527,.T.);
#323=FACE_OUTER_BOUND('',#528,.T.);
#324=FACE_OUTER_BOUND('',#529,.T.);
#325=FACE_OUTER_BOUND('',#530,.T.);
#326=FACE_OUTER_BOUND('',#531,.T.);
#327=FACE_OUTER_BOUND('',#532,.T.);
#328=FACE_OUTER_BOUND('',#533,.T.);
#329=FACE_OUTER_BOUND('',#534,.T.);
#330=FACE_OUTER_BOUND('',#535,.T.);
#331=FACE_OUTER_BOUND('',#536,.T.);
#332=FACE_OUTER_BOUND('',#537,.T.);
#333=FACE_OUTER_BOUND('',#538,.T.);
#334=FACE_OUTER_BOUND('',#539,.T.);
#335=FACE_OUTER_BOUND('',#540,.T.);
#336=FACE_OUTER_BOUND('',#541,.T.);
#337=FACE_OUTER_BOUND('',#542,.T.);
#338=FACE_OUTER_BOUND('',#543,.T.);
#339=FACE_OUTER_BOUND('',#544,.T.);
#340=FACE_OUTER_BOUND('',#545,.T.);
#341=FACE_OUTER_BOUND('',#546,.T.);
#342=FACE_OUTER_BOUND('',#547,.T.);
#343=FACE_OUTER_BOUND('',#548,.T.);
#344=FACE_OUTER_BOUND('',#549,.T.);
#345=FACE_OUTER_BOUND('',#550,.T.);
#346=FACE_OUTER_BOUND('',#551,.T.);
#347=FACE_OUTER_BOUND('',#561,.T.);
#348=FACE_OUTER_BOUND('',#571,.T.);
#349=FACE_OUTER_BOUND('',#577,.T.);
#350=FACE_OUTER_BOUND('',#578,.T.);
#351=FACE_OUTER_BOUND('',#579,.T.);
#352=FACE_OUTER_BOUND('',#580,.T.);
#353=FACE_OUTER_BOUND('',#581,.T.);
#354=FACE_OUTER_BOUND('',#582,.T.);
#355=FACE_OUTER_BOUND('',#583,.T.);
#356=FACE_OUTER_BOUND('',#584,.T.);
#357=FACE_OUTER_BOUND('',#585,.T.);
#358=FACE_OUTER_BOUND('',#586,.T.);
#359=FACE_OUTER_BOUND('',#587,.T.);
#360=FACE_OUTER_BOUND('',#588,.T.);
#361=FACE_OUTER_BOUND('',#589,.T.);
#362=FACE_OUTER_BOUND('',#590,.T.);
#363=EDGE_LOOP('',(#1907,#1908,#1909,#1910));
#364=EDGE_LOOP('',(#1911));
#365=EDGE_LOOP('',(#1912));
#366=EDGE_LOOP('',(#1913,#1914,#1915,#1916));
#367=EDGE_LOOP('',(#1917));
#368=EDGE_LOOP('',(#1918));
#369=EDGE_LOOP('',(#1919,#1920,#1921,#1922));
#370=EDGE_LOOP('',(#1923));
#371=EDGE_LOOP('',(#1924));
#372=EDGE_LOOP('',(#1925,#1926,#1927,#1928));
#373=EDGE_LOOP('',(#1929));
#374=EDGE_LOOP('',(#1930));
#375=EDGE_LOOP('',(#1931,#1932,#1933,#1934));
#376=EDGE_LOOP('',(#1935));
#377=EDGE_LOOP('',(#1936));
#378=EDGE_LOOP('',(#1937,#1938,#1939,#1940));
#379=EDGE_LOOP('',(#1941));
#380=EDGE_LOOP('',(#1942));
#381=EDGE_LOOP('',(#1943,#1944,#1945,#1946));
#382=EDGE_LOOP('',(#1947));
#383=EDGE_LOOP('',(#1948));
#384=EDGE_LOOP('',(#1949,#1950,#1951,#1952));
#385=EDGE_LOOP('',(#1953));
#386=EDGE_LOOP('',(#1954));
#387=EDGE_LOOP('',(#1955,#1956,#1957,#1958));
#388=EDGE_LOOP('',(#1959,#1960,#1961,#1962));
#389=EDGE_LOOP('',(#1963,#1964,#1965,#1966));
#390=EDGE_LOOP('',(#1967,#1968,#1969,#1970));
#391=EDGE_LOOP('',(#1971,#1972,#1973,#1974));
#392=EDGE_LOOP('',(#1975,#1976,#1977,#1978));
#393=EDGE_LOOP('',(#1979,#1980,#1981,#1982));
#394=EDGE_LOOP('',(#1983,#1984,#1985,#1986));
#395=EDGE_LOOP('',(#1987,#1988,#1989,#1990));
#396=EDGE_LOOP('',(#1991,#1992,#1993,#1994));
#397=EDGE_LOOP('',(#1995,#1996,#1997,#1998));
#398=EDGE_LOOP('',(#1999));
#399=EDGE_LOOP('',(#2000));
#400=EDGE_LOOP('',(#2001));
#401=EDGE_LOOP('',(#2002));
#402=EDGE_LOOP('',(#2003));
#403=EDGE_LOOP('',(#2004));
#404=EDGE_LOOP('',(#2005));
#405=EDGE_LOOP('',(#2006));
#406=EDGE_LOOP('',(#2007));
#407=EDGE_LOOP('',(#2008,#2009,#2010,#2011));
#408=EDGE_LOOP('',(#2012,#2013,#2014,#2015));
#409=EDGE_LOOP('',(#2016));
#410=EDGE_LOOP('',(#2017));
#411=EDGE_LOOP('',(#2018));
#412=EDGE_LOOP('',(#2019));
#413=EDGE_LOOP('',(#2020));
#414=EDGE_LOOP('',(#2021));
#415=EDGE_LOOP('',(#2022));
#416=EDGE_LOOP('',(#2023));
#417=EDGE_LOOP('',(#2024));
#418=EDGE_LOOP('',(#2025,#2026,#2027,#2028));
#419=EDGE_LOOP('',(#2029,#2030,#2031,#2032));
#420=EDGE_LOOP('',(#2033,#2034,#2035,#2036));
#421=EDGE_LOOP('',(#2037));
#422=EDGE_LOOP('',(#2038,#2039,#2040,#2041));
#423=EDGE_LOOP('',(#2042));
#424=EDGE_LOOP('',(#2043,#2044,#2045,#2046));
#425=EDGE_LOOP('',(#2047));
#426=EDGE_LOOP('',(#2048,#2049,#2050,#2051));
#427=EDGE_LOOP('',(#2052));
#428=EDGE_LOOP('',(#2053,#2054,#2055,#2056));
#429=EDGE_LOOP('',(#2057));
#430=EDGE_LOOP('',(#2058,#2059,#2060,#2061));
#431=EDGE_LOOP('',(#2062));
#432=EDGE_LOOP('',(#2063,#2064,#2065,#2066));
#433=EDGE_LOOP('',(#2067));
#434=EDGE_LOOP('',(#2068,#2069,#2070,#2071));
#435=EDGE_LOOP('',(#2072));
#436=EDGE_LOOP('',(#2073,#2074,#2075,#2076));
#437=EDGE_LOOP('',(#2077,#2078,#2079,#2080));
#438=EDGE_LOOP('',(#2081,#2082,#2083,#2084));
#439=EDGE_LOOP('',(#2085));
#440=EDGE_LOOP('',(#2086));
#441=EDGE_LOOP('',(#2087));
#442=EDGE_LOOP('',(#2088));
#443=EDGE_LOOP('',(#2089));
#444=EDGE_LOOP('',(#2090,#2091,#2092,#2093,#2094,#2095));
#445=EDGE_LOOP('',(#2096,#2097,#2098,#2099));
#446=EDGE_LOOP('',(#2100,#2101,#2102,#2103,#2104,#2105,#2106,#2107,#2108,
#2109,#2110,#2111,#2112,#2113,#2114,#2115,#2116,#2117,#2118,#2119,#2120,
#2121,#2122,#2123,#2124,#2125,#2126,#2127));
#447=EDGE_LOOP('',(#2128));
#448=EDGE_LOOP('',(#2129));
#449=EDGE_LOOP('',(#2130));
#450=EDGE_LOOP('',(#2131));
#451=EDGE_LOOP('',(#2132));
#452=EDGE_LOOP('',(#2133));
#453=EDGE_LOOP('',(#2134));
#454=EDGE_LOOP('',(#2135));
#455=EDGE_LOOP('',(#2136,#2137,#2138,#2139));
#456=EDGE_LOOP('',(#2140,#2141,#2142,#2143));
#457=EDGE_LOOP('',(#2144,#2145,#2146,#2147));
#458=EDGE_LOOP('',(#2148,#2149,#2150,#2151));
#459=EDGE_LOOP('',(#2152,#2153,#2154,#2155));
#460=EDGE_LOOP('',(#2156,#2157,#2158,#2159));
#461=EDGE_LOOP('',(#2160,#2161,#2162,#2163));
#462=EDGE_LOOP('',(#2164,#2165,#2166,#2167));
#463=EDGE_LOOP('',(#2168,#2169,#2170,#2171));
#464=EDGE_LOOP('',(#2172,#2173,#2174,#2175));
#465=EDGE_LOOP('',(#2176,#2177,#2178,#2179));
#466=EDGE_LOOP('',(#2180,#2181,#2182,#2183));
#467=EDGE_LOOP('',(#2184,#2185,#2186,#2187));
#468=EDGE_LOOP('',(#2188,#2189,#2190,#2191));
#469=EDGE_LOOP('',(#2192,#2193,#2194,#2195));
#470=EDGE_LOOP('',(#2196,#2197,#2198,#2199));
#471=EDGE_LOOP('',(#2200,#2201,#2202,#2203));
#472=EDGE_LOOP('',(#2204,#2205,#2206,#2207));
#473=EDGE_LOOP('',(#2208,#2209,#2210,#2211));
#474=EDGE_LOOP('',(#2212,#2213,#2214,#2215));
#475=EDGE_LOOP('',(#2216,#2217,#2218,#2219));
#476=EDGE_LOOP('',(#2220,#2221,#2222,#2223));
#477=EDGE_LOOP('',(#2224,#2225,#2226,#2227));
#478=EDGE_LOOP('',(#2228,#2229,#2230,#2231,#2232,#2233,#2234,#2235,#2236,
#2237,#2238,#2239,#2240,#2241,#2242,#2243,#2244,#2245,#2246,#2247,#2248,
#2249,#2250,#2251,#2252,#2253,#2254,#2255));
#479=EDGE_LOOP('',(#2256,#2257,#2258,#2259,#2260,#2261,#2262,#2263,#2264,
#2265,#2266,#2267,#2268));
#480=EDGE_LOOP('',(#2269,#2270,#2271,#2272));
#481=EDGE_LOOP('',(#2273,#2274,#2275,#2276));
#482=EDGE_LOOP('',(#2277,#2278,#2279,#2280));
#483=EDGE_LOOP('',(#2281,#2282,#2283,#2284));
#484=EDGE_LOOP('',(#2285,#2286,#2287,#2288));
#485=EDGE_LOOP('',(#2289,#2290,#2291,#2292));
#486=EDGE_LOOP('',(#2293,#2294,#2295,#2296));
#487=EDGE_LOOP('',(#2297,#2298,#2299,#2300));
#488=EDGE_LOOP('',(#2301));
#489=EDGE_LOOP('',(#2302,#2303,#2304,#2305));
#490=EDGE_LOOP('',(#2306));
#491=EDGE_LOOP('',(#2307,#2308,#2309,#2310,#2311,#2312));
#492=EDGE_LOOP('',(#2313));
#493=EDGE_LOOP('',(#2314));
#494=EDGE_LOOP('',(#2315,#2316,#2317,#2318));
#495=EDGE_LOOP('',(#2319));
#496=EDGE_LOOP('',(#2320,#2321,#2322,#2323));
#497=EDGE_LOOP('',(#2324));
#498=EDGE_LOOP('',(#2325,#2326,#2327,#2328));
#499=EDGE_LOOP('',(#2329));
#500=EDGE_LOOP('',(#2330,#2331,#2332,#2333));
#501=EDGE_LOOP('',(#2334));
#502=EDGE_LOOP('',(#2335,#2336,#2337,#2338,#2339,#2340,#2341,#2342));
#503=EDGE_LOOP('',(#2343,#2344,#2345,#2346,#2347));
#504=EDGE_LOOP('',(#2348));
#505=EDGE_LOOP('',(#2349,#2350,#2351,#2352,#2353));
#506=EDGE_LOOP('',(#2354));
#507=EDGE_LOOP('',(#2355,#2356,#2357,#2358,#2359));
#508=EDGE_LOOP('',(#2360));
#509=EDGE_LOOP('',(#2361,#2362,#2363,#2364,#2365));
#510=EDGE_LOOP('',(#2366));
#511=EDGE_LOOP('',(#2367,#2368,#2369,#2370));
#512=EDGE_LOOP('',(#2371,#2372,#2373,#2374));
#513=EDGE_LOOP('',(#2375,#2376,#2377,#2378));
#514=EDGE_LOOP('',(#2379,#2380,#2381,#2382));
#515=EDGE_LOOP('',(#2383,#2384,#2385,#2386));
#516=EDGE_LOOP('',(#2387,#2388,#2389,#2390));
#517=EDGE_LOOP('',(#2391,#2392,#2393,#2394));
#518=EDGE_LOOP('',(#2395,#2396,#2397,#2398));
#519=EDGE_LOOP('',(#2399,#2400,#2401,#2402));
#520=EDGE_LOOP('',(#2403,#2404,#2405,#2406));
#521=EDGE_LOOP('',(#2407,#2408,#2409,#2410));
#522=EDGE_LOOP('',(#2411,#2412,#2413,#2414));
#523=EDGE_LOOP('',(#2415,#2416,#2417,#2418));
#524=EDGE_LOOP('',(#2419,#2420,#2421,#2422));
#525=EDGE_LOOP('',(#2423,#2424,#2425,#2426));
#526=EDGE_LOOP('',(#2427,#2428,#2429,#2430));
#527=EDGE_LOOP('',(#2431,#2432,#2433,#2434));
#528=EDGE_LOOP('',(#2435,#2436,#2437,#2438));
#529=EDGE_LOOP('',(#2439,#2440,#2441,#2442));
#530=EDGE_LOOP('',(#2443,#2444,#2445,#2446));
#531=EDGE_LOOP('',(#2447,#2448,#2449,#2450));
#532=EDGE_LOOP('',(#2451,#2452,#2453,#2454));
#533=EDGE_LOOP('',(#2455,#2456,#2457,#2458));
#534=EDGE_LOOP('',(#2459,#2460,#2461,#2462));
#535=EDGE_LOOP('',(#2463,#2464,#2465,#2466));
#536=EDGE_LOOP('',(#2467,#2468,#2469,#2470));
#537=EDGE_LOOP('',(#2471,#2472,#2473,#2474));
#538=EDGE_LOOP('',(#2475,#2476,#2477,#2478));
#539=EDGE_LOOP('',(#2479,#2480,#2481,#2482));
#540=EDGE_LOOP('',(#2483,#2484,#2485,#2486));
#541=EDGE_LOOP('',(#2487,#2488,#2489,#2490));
#542=EDGE_LOOP('',(#2491,#2492,#2493,#2494));
#543=EDGE_LOOP('',(#2495,#2496,#2497,#2498));
#544=EDGE_LOOP('',(#2499,#2500,#2501,#2502));
#545=EDGE_LOOP('',(#2503,#2504,#2505,#2506));
#546=EDGE_LOOP('',(#2507,#2508,#2509,#2510));
#547=EDGE_LOOP('',(#2511,#2512,#2513,#2514));
#548=EDGE_LOOP('',(#2515,#2516,#2517,#2518));
#549=EDGE_LOOP('',(#2519,#2520,#2521,#2522));
#550=EDGE_LOOP('',(#2523,#2524,#2525,#2526));
#551=EDGE_LOOP('',(#2527,#2528,#2529,#2530));
#552=EDGE_LOOP('',(#2531));
#553=EDGE_LOOP('',(#2532));
#554=EDGE_LOOP('',(#2533));
#555=EDGE_LOOP('',(#2534));
#556=EDGE_LOOP('',(#2535));
#557=EDGE_LOOP('',(#2536));
#558=EDGE_LOOP('',(#2537));
#559=EDGE_LOOP('',(#2538));
#560=EDGE_LOOP('',(#2539,#2540,#2541,#2542,#2543,#2544,#2545,#2546,#2547,
#2548,#2549,#2550,#2551,#2552,#2553,#2554,#2555,#2556,#2557,#2558,#2559,
#2560,#2561,#2562,#2563,#2564,#2565,#2566));
#561=EDGE_LOOP('',(#2567,#2568,#2569,#2570));
#562=EDGE_LOOP('',(#2571));
#563=EDGE_LOOP('',(#2572));
#564=EDGE_LOOP('',(#2573));
#565=EDGE_LOOP('',(#2574));
#566=EDGE_LOOP('',(#2575));
#567=EDGE_LOOP('',(#2576));
#568=EDGE_LOOP('',(#2577));
#569=EDGE_LOOP('',(#2578));
#570=EDGE_LOOP('',(#2579,#2580,#2581,#2582,#2583,#2584,#2585,#2586,#2587,
#2588,#2589,#2590,#2591,#2592,#2593,#2594,#2595,#2596,#2597,#2598,#2599,
#2600,#2601,#2602,#2603,#2604,#2605,#2606));
#571=EDGE_LOOP('',(#2607,#2608,#2609,#2610,#2611,#2612,#2613,#2614));
#572=EDGE_LOOP('',(#2615));
#573=EDGE_LOOP('',(#2616));
#574=EDGE_LOOP('',(#2617));
#575=EDGE_LOOP('',(#2618));
#576=EDGE_LOOP('',(#2619));
#577=EDGE_LOOP('',(#2620,#2621,#2622,#2623));
#578=EDGE_LOOP('',(#2624,#2625,#2626,#2627));
#579=EDGE_LOOP('',(#2628,#2629,#2630,#2631));
#580=EDGE_LOOP('',(#2632,#2633,#2634,#2635));
#581=EDGE_LOOP('',(#2636,#2637,#2638,#2639));
#582=EDGE_LOOP('',(#2640,#2641,#2642,#2643));
#583=EDGE_LOOP('',(#2644,#2645,#2646,#2647));
#584=EDGE_LOOP('',(#2648,#2649,#2650,#2651));
#585=EDGE_LOOP('',(#2652,#2653,#2654,#2655));
#586=EDGE_LOOP('',(#2656,#2657,#2658,#2659));
#587=EDGE_LOOP('',(#2660,#2661,#2662,#2663));
#588=EDGE_LOOP('',(#2664,#2665,#2666,#2667));
#589=EDGE_LOOP('',(#2668,#2669,#2670,#2671));
#590=EDGE_LOOP('',(#2672,#2673,#2674,#2675,#2676,#2677,#2678,#2679));
#591=EDGE_LOOP('',(#2680));
#592=EDGE_LOOP('',(#2681));
#593=EDGE_LOOP('',(#2682));
#594=EDGE_LOOP('',(#2683));
#595=EDGE_LOOP('',(#2684));
#596=LINE('',#4027,#871);
#597=LINE('',#4036,#872);
#598=LINE('',#4045,#873);
#599=LINE('',#4054,#874);
#600=LINE('',#4063,#875);
#601=LINE('',#4072,#876);
#602=LINE('',#4081,#877);
#603=LINE('',#4090,#878);
#604=LINE('',#4098,#879);
#605=LINE('',#4102,#880);
#606=LINE('',#4106,#881);
#607=LINE('',#4110,#882);
#608=LINE('',#4114,#883);
#609=LINE('',#4118,#884);
#610=LINE('',#4122,#885);
#611=LINE('',#4126,#886);
#612=LINE('',#4130,#887);
#613=LINE('',#4132,#888);
#614=LINE('',#4134,#889);
#615=LINE('',#4135,#890);
#616=LINE('',#4138,#891);
#617=LINE('',#4140,#892);
#618=LINE('',#4141,#893);
#619=LINE('',#4144,#894);
#620=LINE('',#4145,#895);
#621=LINE('',#4151,#896);
#622=LINE('',#4154,#897);
#623=LINE('',#4155,#898);
#624=LINE('',#4157,#899);
#625=LINE('',#4163,#900);
#626=LINE('',#4170,#901);
#627=LINE('',#4177,#902);
#628=LINE('',#4184,#903);
#629=LINE('',#4191,#904);
#630=LINE('',#4198,#905);
#631=LINE('',#4205,#906);
#632=LINE('',#4212,#907);
#633=LINE('',#4218,#908);
#634=LINE('',#4220,#909);
#635=LINE('',#4222,#910);
#636=LINE('',#4223,#911);
#637=LINE('',#4226,#912);
#638=LINE('',#4228,#913);
#639=LINE('',#4229,#914);
#640=LINE('',#4232,#915);
#641=LINE('',#4234,#916);
#642=LINE('',#4235,#917);
#643=LINE('',#4248,#918);
#644=LINE('',#4250,#919);
#645=LINE('',#4251,#920);
#646=LINE('',#4255,#921);
#647=LINE('',#4256,#922);
#648=LINE('',#4257,#923);
#649=LINE('',#4260,#924);
#650=LINE('',#4262,#925);
#651=LINE('',#4264,#926);
#652=LINE('',#4266,#927);
#653=LINE('',#4268,#928);
#654=LINE('',#4270,#929);
#655=LINE('',#4272,#930);
#656=LINE('',#4274,#931);
#657=LINE('',#4276,#932);
#658=LINE('',#4278,#933);
#659=LINE('',#4280,#934);
#660=LINE('',#4282,#935);
#661=LINE('',#4284,#936);
#662=LINE('',#4286,#937);
#663=LINE('',#4288,#938);
#664=LINE('',#4290,#939);
#665=LINE('',#4292,#940);
#666=LINE('',#4294,#941);
#667=LINE('',#4296,#942);
#668=LINE('',#4298,#943);
#669=LINE('',#4300,#944);
#670=LINE('',#4302,#945);
#671=LINE('',#4304,#946);
#672=LINE('',#4306,#947);
#673=LINE('',#4308,#948);
#674=LINE('',#4310,#949);
#675=LINE('',#4312,#950);
#676=LINE('',#4313,#951);
#677=LINE('',#4316,#952);
#678=LINE('',#4318,#953);
#679=LINE('',#4319,#954);
#680=LINE('',#4322,#955);
#681=LINE('',#4323,#956);
#682=LINE('',#4326,#957);
#683=LINE('',#4327,#958);
#684=LINE('',#4330,#959);
#685=LINE('',#4331,#960);
#686=LINE('',#4334,#961);
#687=LINE('',#4335,#962);
#688=LINE('',#4338,#963);
#689=LINE('',#4339,#964);
#690=LINE('',#4342,#965);
#691=LINE('',#4343,#966);
#692=LINE('',#4346,#967);
#693=LINE('',#4347,#968);
#694=LINE('',#4350,#969);
#695=LINE('',#4351,#970);
#696=LINE('',#4354,#971);
#697=LINE('',#4355,#972);
#698=LINE('',#4358,#973);
#699=LINE('',#4359,#974);
#700=LINE('',#4362,#975);
#701=LINE('',#4363,#976);
#702=LINE('',#4366,#977);
#703=LINE('',#4367,#978);
#704=LINE('',#4370,#979);
#705=LINE('',#4371,#980);
#706=LINE('',#4373,#981);
#707=LINE('',#4376,#982);
#708=LINE('',#4378,#983);
#709=LINE('',#4379,#984);
#710=LINE('',#4382,#985);
#711=LINE('',#4383,#986);
#712=LINE('',#4386,#987);
#713=LINE('',#4387,#988);
#714=LINE('',#4390,#989);
#715=LINE('',#4391,#990);
#716=LINE('',#4394,#991);
#717=LINE('',#4395,#992);
#718=LINE('',#4398,#993);
#719=LINE('',#4399,#994);
#720=LINE('',#4402,#995);
#721=LINE('',#4403,#996);
#722=LINE('',#4406,#997);
#723=LINE('',#4407,#998);
#724=LINE('',#4410,#999);
#725=LINE('',#4412,#1000);
#726=LINE('',#4413,#1001);
#727=LINE('',#4415,#1002);
#728=LINE('',#4417,#1003);
#729=LINE('',#4418,#1004);
#730=LINE('',#4442,#1005);
#731=LINE('',#4443,#1006);
#732=LINE('',#4447,#1007);
#733=LINE('',#4448,#1008);
#734=LINE('',#4452,#1009);
#735=LINE('',#4457,#1010);
#736=LINE('',#4464,#1011);
#737=LINE('',#4470,#1012);
#738=LINE('',#4475,#1013);
#739=LINE('',#4480,#1014);
#740=LINE('',#4485,#1015);
#741=LINE('',#4489,#1016);
#742=LINE('',#4493,#1017);
#743=LINE('',#4498,#1018);
#744=LINE('',#4503,#1019);
#745=LINE('',#4508,#1020);
#746=LINE('',#4513,#1021);
#747=LINE('',#4515,#1022);
#748=LINE('',#4517,#1023);
#749=LINE('',#4518,#1024);
#750=LINE('',#4521,#1025);
#751=LINE('',#4523,#1026);
#752=LINE('',#4524,#1027);
#753=LINE('',#4527,#1028);
#754=LINE('',#4529,#1029);
#755=LINE('',#4530,#1030);
#756=LINE('',#4533,#1031);
#757=LINE('',#4535,#1032);
#758=LINE('',#4536,#1033);
#759=LINE('',#4539,#1034);
#760=LINE('',#4541,#1035);
#761=LINE('',#4542,#1036);
#762=LINE('',#4545,#1037);
#763=LINE('',#4547,#1038);
#764=LINE('',#4548,#1039);
#765=LINE('',#4551,#1040);
#766=LINE('',#4553,#1041);
#767=LINE('',#4554,#1042);
#768=LINE('',#4557,#1043);
#769=LINE('',#4559,#1044);
#770=LINE('',#4560,#1045);
#771=LINE('',#4563,#1046);
#772=LINE('',#4565,#1047);
#773=LINE('',#4566,#1048);
#774=LINE('',#4569,#1049);
#775=LINE('',#4571,#1050);
#776=LINE('',#4572,#1051);
#777=LINE('',#4575,#1052);
#778=LINE('',#4577,#1053);
#779=LINE('',#4578,#1054);
#780=LINE('',#4581,#1055);
#781=LINE('',#4583,#1056);
#782=LINE('',#4584,#1057);
#783=LINE('',#4587,#1058);
#784=LINE('',#4589,#1059);
#785=LINE('',#4590,#1060);
#786=LINE('',#4593,#1061);
#787=LINE('',#4595,#1062);
#788=LINE('',#4596,#1063);
#789=LINE('',#4599,#1064);
#790=LINE('',#4601,#1065);
#791=LINE('',#4602,#1066);
#792=LINE('',#4605,#1067);
#793=LINE('',#4607,#1068);
#794=LINE('',#4608,#1069);
#795=LINE('',#4611,#1070);
#796=LINE('',#4613,#1071);
#797=LINE('',#4614,#1072);
#798=LINE('',#4617,#1073);
#799=LINE('',#4619,#1074);
#800=LINE('',#4620,#1075);
#801=LINE('',#4623,#1076);
#802=LINE('',#4625,#1077);
#803=LINE('',#4626,#1078);
#804=LINE('',#4629,#1079);
#805=LINE('',#4631,#1080);
#806=LINE('',#4632,#1081);
#807=LINE('',#4635,#1082);
#808=LINE('',#4637,#1083);
#809=LINE('',#4638,#1084);
#810=LINE('',#4641,#1085);
#811=LINE('',#4643,#1086);
#812=LINE('',#4644,#1087);
#813=LINE('',#4647,#1088);
#814=LINE('',#4649,#1089);
#815=LINE('',#4650,#1090);
#816=LINE('',#4653,#1091);
#817=LINE('',#4655,#1092);
#818=LINE('',#4656,#1093);
#819=LINE('',#4659,#1094);
#820=LINE('',#4661,#1095);
#821=LINE('',#4662,#1096);
#822=LINE('',#4665,#1097);
#823=LINE('',#4667,#1098);
#824=LINE('',#4668,#1099);
#825=LINE('',#4671,#1100);
#826=LINE('',#4673,#1101);
#827=LINE('',#4674,#1102);
#828=LINE('',#4676,#1103);
#829=LINE('',#4677,#1104);
#830=LINE('',#4682,#1105);
#831=LINE('',#4688,#1106);
#832=LINE('',#4694,#1107);
#833=LINE('',#4700,#1108);
#834=LINE('',#4706,#1109);
#835=LINE('',#4712,#1110);
#836=LINE('',#4718,#1111);
#837=LINE('',#4724,#1112);
#838=LINE('',#4729,#1113);
#839=LINE('',#4731,#1114);
#840=LINE('',#4733,#1115);
#841=LINE('',#4734,#1116);
#842=LINE('',#4737,#1117);
#843=LINE('',#4739,#1118);
#844=LINE('',#4740,#1119);
#845=LINE('',#4743,#1120);
#846=LINE('',#4745,#1121);
#847=LINE('',#4746,#1122);
#848=LINE('',#4748,#1123);
#849=LINE('',#4749,#1124);
#850=LINE('',#4757,#1125);
#851=LINE('',#4761,#1126);
#852=LINE('',#4765,#1127);
#853=LINE('',#4768,#1128);
#854=LINE('',#4781,#1129);
#855=LINE('',#4783,#1130);
#856=LINE('',#4784,#1131);
#857=LINE('',#4787,#1132);
#858=LINE('',#4791,#1133);
#859=LINE('',#4792,#1134);
#860=LINE('',#4795,#1135);
#861=LINE('',#4799,#1136);
#862=LINE('',#4803,#1137);
#863=LINE('',#4807,#1138);
#864=LINE('',#4811,#1139);
#865=LINE('',#4815,#1140);
#866=LINE('',#4819,#1141);
#867=LINE('',#4820,#1142);
#868=LINE('',#4823,#1143);
#869=LINE('',#4827,#1144);
#870=LINE('',#4828,#1145);
#871=VECTOR('',#3199,2.);
#872=VECTOR('',#3210,2.);
#873=VECTOR('',#3221,2.);
#874=VECTOR('',#3232,1.99999999999999);
#875=VECTOR('',#3243,2.);
#876=VECTOR('',#3254,1.99999999999999);
#877=VECTOR('',#3265,2.);
#878=VECTOR('',#3276,1.99999999999999);
#879=VECTOR('',#3287,1.40000000000001);
#880=VECTOR('',#3292,1.40000000000001);
#881=VECTOR('',#3297,1.4);
#882=VECTOR('',#3302,1.40000000000001);
#883=VECTOR('',#3307,1.39999999999999);
#884=VECTOR('',#3312,1.4);
#885=VECTOR('',#3317,1.4);
#886=VECTOR('',#3322,1.40000000000001);
#887=VECTOR('',#3325,10.);
#888=VECTOR('',#3326,10.);
#889=VECTOR('',#3327,10.);
#890=VECTOR('',#3328,10.);
#891=VECTOR('',#3331,10.);
#892=VECTOR('',#3332,10.);
#893=VECTOR('',#3333,10.);
#894=VECTOR('',#3336,10.);
#895=VECTOR('',#3337,10.);
#896=VECTOR('',#3344,1.75);
#897=VECTOR('',#3347,10.);
#898=VECTOR('',#3348,10.);
#899=VECTOR('',#3351,10.);
#900=VECTOR('',#3358,1.65000000000003);
#901=VECTOR('',#3367,1.64999999999999);
#902=VECTOR('',#3376,1.64999999999999);
#903=VECTOR('',#3385,1.64999999999999);
#904=VECTOR('',#3394,1.64999999999999);
#905=VECTOR('',#3403,1.64999999999999);
#906=VECTOR('',#3412,1.64999999999999);
#907=VECTOR('',#3421,1.64999999999999);
#908=VECTOR('',#3428,10.);
#909=VECTOR('',#3429,10.);
#910=VECTOR('',#3430,10.);
#911=VECTOR('',#3431,10.);
#912=VECTOR('',#3434,10.);
#913=VECTOR('',#3435,10.);
#914=VECTOR('',#3436,10.);
#915=VECTOR('',#3439,10.);
#916=VECTOR('',#3440,10.);
#917=VECTOR('',#3441,10.);
#918=VECTOR('',#3454,10.);
#919=VECTOR('',#3455,10.);
#920=VECTOR('',#3456,10.);
#921=VECTOR('',#3459,10.);
#922=VECTOR('',#3460,10.);
#923=VECTOR('',#3461,10.);
#924=VECTOR('',#3462,10.);
#925=VECTOR('',#3463,10.);
#926=VECTOR('',#3464,10.);
#927=VECTOR('',#3465,10.);
#928=VECTOR('',#3466,10.);
#929=VECTOR('',#3467,10.);
#930=VECTOR('',#3468,10.);
#931=VECTOR('',#3469,10.);
#932=VECTOR('',#3470,10.);
#933=VECTOR('',#3471,10.);
#934=VECTOR('',#3472,10.);
#935=VECTOR('',#3473,10.);
#936=VECTOR('',#3474,10.);
#937=VECTOR('',#3475,10.);
#938=VECTOR('',#3476,10.);
#939=VECTOR('',#3477,10.);
#940=VECTOR('',#3478,10.);
#941=VECTOR('',#3479,10.);
#942=VECTOR('',#3480,10.);
#943=VECTOR('',#3481,10.);
#944=VECTOR('',#3482,10.);
#945=VECTOR('',#3483,10.);
#946=VECTOR('',#3484,10.);
#947=VECTOR('',#3485,10.);
#948=VECTOR('',#3486,10.);
#949=VECTOR('',#3487,10.);
#950=VECTOR('',#3488,10.);
#951=VECTOR('',#3489,10.);
#952=VECTOR('',#3492,10.);
#953=VECTOR('',#3493,10.);
#954=VECTOR('',#3494,10.);
#955=VECTOR('',#3497,10.);
#956=VECTOR('',#3498,10.);
#957=VECTOR('',#3501,10.);
#958=VECTOR('',#3502,10.);
#959=VECTOR('',#3505,10.);
#960=VECTOR('',#3506,10.);
#961=VECTOR('',#3509,10.);
#962=VECTOR('',#3510,10.);
#963=VECTOR('',#3513,10.);
#964=VECTOR('',#3514,10.);
#965=VECTOR('',#3517,10.);
#966=VECTOR('',#3518,10.);
#967=VECTOR('',#3521,10.);
#968=VECTOR('',#3522,10.);
#969=VECTOR('',#3525,10.);
#970=VECTOR('',#3526,10.);
#971=VECTOR('',#3529,10.);
#972=VECTOR('',#3530,10.);
#973=VECTOR('',#3533,10.);
#974=VECTOR('',#3534,10.);
#975=VECTOR('',#3537,10.);
#976=VECTOR('',#3538,10.);
#977=VECTOR('',#3541,10.);
#978=VECTOR('',#3542,10.);
#979=VECTOR('',#3545,10.);
#980=VECTOR('',#3546,10.);
#981=VECTOR('',#3549,10.);
#982=VECTOR('',#3552,10.);
#983=VECTOR('',#3553,10.);
#984=VECTOR('',#3554,10.);
#985=VECTOR('',#3557,10.);
#986=VECTOR('',#3558,10.);
#987=VECTOR('',#3561,10.);
#988=VECTOR('',#3562,10.);
#989=VECTOR('',#3565,10.);
#990=VECTOR('',#3566,10.);
#991=VECTOR('',#3569,10.);
#992=VECTOR('',#3570,10.);
#993=VECTOR('',#3573,10.);
#994=VECTOR('',#3574,10.);
#995=VECTOR('',#3577,10.);
#996=VECTOR('',#3578,10.);
#997=VECTOR('',#3581,10.);
#998=VECTOR('',#3582,10.);
#999=VECTOR('',#3585,10.);
#1000=VECTOR('',#3586,10.);
#1001=VECTOR('',#3587,10.);
#1002=VECTOR('',#3588,10.);
#1003=VECTOR('',#3589,10.);
#1004=VECTOR('',#3590,10.);
#1005=VECTOR('',#3619,10.);
#1006=VECTOR('',#3620,10.);
#1007=VECTOR('',#3627,10.);
#1008=VECTOR('',#3628,10.);
#1009=VECTOR('',#3635,10.);
#1010=VECTOR('',#3640,1.65);
#1011=VECTOR('',#3649,1.65);
#1012=VECTOR('',#3658,2.4);
#1013=VECTOR('',#3665,2.4);
#1014=VECTOR('',#3672,2.4);
#1015=VECTOR('',#3679,2.4);
#1016=VECTOR('',#3686,33.);
#1017=VECTOR('',#3691,3.76955262170048);
#1018=VECTOR('',#3698,3.76955262170048);
#1019=VECTOR('',#3705,3.76955262170047);
#1020=VECTOR('',#3712,3.76955262170048);
#1021=VECTOR('',#3717,10.);
#1022=VECTOR('',#3718,10.);
#1023=VECTOR('',#3719,10.);
#1024=VECTOR('',#3720,10.);
#1025=VECTOR('',#3723,10.);
#1026=VECTOR('',#3724,10.);
#1027=VECTOR('',#3725,10.);
#1028=VECTOR('',#3728,10.);
#1029=VECTOR('',#3729,10.);
#1030=VECTOR('',#3730,10.);
#1031=VECTOR('',#3733,10.);
#1032=VECTOR('',#3734,10.);
#1033=VECTOR('',#3735,10.);
#1034=VECTOR('',#3738,10.);
#1035=VECTOR('',#3739,10.);
#1036=VECTOR('',#3740,10.);
#1037=VECTOR('',#3743,10.);
#1038=VECTOR('',#3744,10.);
#1039=VECTOR('',#3745,10.);
#1040=VECTOR('',#3748,10.);
#1041=VECTOR('',#3749,10.);
#1042=VECTOR('',#3750,10.);
#1043=VECTOR('',#3753,10.);
#1044=VECTOR('',#3754,10.);
#1045=VECTOR('',#3755,10.);
#1046=VECTOR('',#3758,10.);
#1047=VECTOR('',#3759,10.);
#1048=VECTOR('',#3760,10.);
#1049=VECTOR('',#3763,10.);
#1050=VECTOR('',#3764,10.);
#1051=VECTOR('',#3765,10.);
#1052=VECTOR('',#3768,10.);
#1053=VECTOR('',#3769,10.);
#1054=VECTOR('',#3770,10.);
#1055=VECTOR('',#3773,10.);
#1056=VECTOR('',#3774,10.);
#1057=VECTOR('',#3775,10.);
#1058=VECTOR('',#3778,10.);
#1059=VECTOR('',#3779,10.);
#1060=VECTOR('',#3780,10.);
#1061=VECTOR('',#3783,10.);
#1062=VECTOR('',#3784,10.);
#1063=VECTOR('',#3785,10.);
#1064=VECTOR('',#3788,10.);
#1065=VECTOR('',#3789,10.);
#1066=VECTOR('',#3790,10.);
#1067=VECTOR('',#3793,10.);
#1068=VECTOR('',#3794,10.);
#1069=VECTOR('',#3795,10.);
#1070=VECTOR('',#3798,10.);
#1071=VECTOR('',#3799,10.);
#1072=VECTOR('',#3800,10.);
#1073=VECTOR('',#3803,10.);
#1074=VECTOR('',#3804,10.);
#1075=VECTOR('',#3805,10.);
#1076=VECTOR('',#3808,10.);
#1077=VECTOR('',#3809,10.);
#1078=VECTOR('',#3810,10.);
#1079=VECTOR('',#3813,10.);
#1080=VECTOR('',#3814,10.);
#1081=VECTOR('',#3815,10.);
#1082=VECTOR('',#3818,10.);
#1083=VECTOR('',#3819,10.);
#1084=VECTOR('',#3820,10.);
#1085=VECTOR('',#3823,10.);
#1086=VECTOR('',#3824,10.);
#1087=VECTOR('',#3825,10.);
#1088=VECTOR('',#3828,10.);
#1089=VECTOR('',#3829,10.);
#1090=VECTOR('',#3830,10.);
#1091=VECTOR('',#3833,10.);
#1092=VECTOR('',#3834,10.);
#1093=VECTOR('',#3835,10.);
#1094=VECTOR('',#3838,10.);
#1095=VECTOR('',#3839,10.);
#1096=VECTOR('',#3840,10.);
#1097=VECTOR('',#3843,10.);
#1098=VECTOR('',#3844,10.);
#1099=VECTOR('',#3845,10.);
#1100=VECTOR('',#3848,10.);
#1101=VECTOR('',#3849,10.);
#1102=VECTOR('',#3850,10.);
#1103=VECTOR('',#3853,10.);
#1104=VECTOR('',#3854,10.);
#1105=VECTOR('',#3859,1.64999999999999);
#1106=VECTOR('',#3866,1.64999999999999);
#1107=VECTOR('',#3873,1.65000000000003);
#1108=VECTOR('',#3880,1.64999999999999);
#1109=VECTOR('',#3887,1.64999999999999);
#1110=VECTOR('',#3894,1.64999999999999);
#1111=VECTOR('',#3901,1.64999999999999);
#1112=VECTOR('',#3908,1.64999999999999);
#1113=VECTOR('',#3913,10.);
#1114=VECTOR('',#3914,10.);
#1115=VECTOR('',#3915,10.);
#1116=VECTOR('',#3916,10.);
#1117=VECTOR('',#3919,10.);
#1118=VECTOR('',#3920,10.);
#1119=VECTOR('',#3921,10.);
#1120=VECTOR('',#3924,10.);
#1121=VECTOR('',#3925,10.);
#1122=VECTOR('',#3926,10.);
#1123=VECTOR('',#3929,10.);
#1124=VECTOR('',#3930,10.);
#1125=VECTOR('',#3939,10.);
#1126=VECTOR('',#3942,10.);
#1127=VECTOR('',#3945,10.);
#1128=VECTOR('',#3948,10.);
#1129=VECTOR('',#3961,10.);
#1130=VECTOR('',#3962,10.);
#1131=VECTOR('',#3963,10.);
#1132=VECTOR('',#3966,10.);
#1133=VECTOR('',#3971,10.);
#1134=VECTOR('',#3972,10.);
#1135=VECTOR('',#3975,10.);
#1136=VECTOR('',#3980,2.4);
#1137=VECTOR('',#3985,33.);
#1138=VECTOR('',#3990,2.4);
#1139=VECTOR('',#3995,2.4);
#1140=VECTOR('',#4000,2.4);
#1141=VECTOR('',#4005,10.);
#1142=VECTOR('',#4006,10.);
#1143=VECTOR('',#4009,10.);
#1144=VECTOR('',#4014,10.);
#1145=VECTOR('',#4015,10.);
#1146=CIRCLE('',#2918,2.);
#1147=CIRCLE('',#2919,2.);
#1148=CIRCLE('',#2921,1.40000000000001);
#1149=CIRCLE('',#2923,2.);
#1150=CIRCLE('',#2924,2.);
#1151=CIRCLE('',#2926,1.40000000000001);
#1152=CIRCLE('',#2928,2.);
#1153=CIRCLE('',#2929,2.);
#1154=CIRCLE('',#2931,1.4);
#1155=CIRCLE('',#2933,1.99999999999999);
#1156=CIRCLE('',#2934,1.99999999999999);
#1157=CIRCLE('',#2936,1.39999999999999);
#1158=CIRCLE('',#2938,2.);
#1159=CIRCLE('',#2939,2.);
#1160=CIRCLE('',#2941,1.4);
#1161=CIRCLE('',#2943,1.99999999999999);
#1162=CIRCLE('',#2944,1.99999999999999);
#1163=CIRCLE('',#2946,1.40000000000001);
#1164=CIRCLE('',#2948,2.);
#1165=CIRCLE('',#2949,2.);
#1166=CIRCLE('',#2951,1.4);
#1167=CIRCLE('',#2953,1.99999999999999);
#1168=CIRCLE('',#2954,1.99999999999999);
#1169=CIRCLE('',#2956,1.40000000000001);
#1170=CIRCLE('',#2958,1.40000000000001);
#1171=CIRCLE('',#2960,1.40000000000001);
#1172=CIRCLE('',#2962,1.4);
#1173=CIRCLE('',#2964,1.40000000000001);
#1174=CIRCLE('',#2966,1.39999999999999);
#1175=CIRCLE('',#2968,1.4);
#1176=CIRCLE('',#2970,1.4);
#1177=CIRCLE('',#2972,1.40000000000001);
#1178=CIRCLE('',#2976,1.75);
#1179=CIRCLE('',#2978,1.75);
#1180=CIRCLE('',#2983,1.65000000000003);
#1181=CIRCLE('',#2984,1.65000000000003);
#1182=CIRCLE('',#2987,1.64999999999999);
#1183=CIRCLE('',#2988,1.64999999999999);
#1184=CIRCLE('',#2991,1.64999999999999);
#1185=CIRCLE('',#2992,1.64999999999999);
#1186=CIRCLE('',#2995,1.64999999999999);
#1187=CIRCLE('',#2996,1.64999999999999);
#1188=CIRCLE('',#2999,1.64999999999999);
#1189=CIRCLE('',#3000,1.64999999999999);
#1190=CIRCLE('',#3003,1.64999999999999);
#1191=CIRCLE('',#3004,1.64999999999999);
#1192=CIRCLE('',#3007,1.64999999999999);
#1193=CIRCLE('',#3008,1.64999999999999);
#1194=CIRCLE('',#3011,1.64999999999999);
#1195=CIRCLE('',#3012,1.64999999999999);
#1196=CIRCLE('',#3017,33.);
#1197=CIRCLE('',#3018,2.4);
#1198=CIRCLE('',#3019,2.4);
#1199=CIRCLE('',#3020,2.4);
#1200=CIRCLE('',#3021,2.4);
#1201=CIRCLE('',#3048,3.76955262170048);
#1202=CIRCLE('',#3049,3.76955262170048);
#1203=CIRCLE('',#3050,33.);
#1204=CIRCLE('',#3051,3.76955262170048);
#1205=CIRCLE('',#3052,3.76955262170048);
#1206=CIRCLE('',#3053,33.);
#1207=CIRCLE('',#3054,33.);
#1208=CIRCLE('',#3055,3.76955262170047);
#1209=CIRCLE('',#3056,3.76955262170047);
#1210=CIRCLE('',#3057,33.);
#1211=CIRCLE('',#3058,3.76955262170048);
#1212=CIRCLE('',#3059,3.76955262170048);
#1213=CIRCLE('',#3060,33.);
#1214=CIRCLE('',#3069,1.65);
#1215=CIRCLE('',#3070,1.65);
#1216=CIRCLE('',#3073,1.65);
#1217=CIRCLE('',#3074,1.65);
#1218=CIRCLE('',#3078,2.4);
#1219=CIRCLE('',#3081,2.4);
#1220=CIRCLE('',#3084,2.4);
#1221=CIRCLE('',#3087,2.4);
#1222=CIRCLE('',#3091,3.76955262170048);
#1223=CIRCLE('',#3094,3.76955262170048);
#1224=CIRCLE('',#3097,3.76955262170047);
#1225=CIRCLE('',#3100,3.76955262170048);
#1226=CIRCLE('',#3131,1.64999999999999);
#1227=CIRCLE('',#3132,1.64999999999999);
#1228=CIRCLE('',#3134,1.64999999999999);
#1229=CIRCLE('',#3135,1.64999999999999);
#1230=CIRCLE('',#3137,1.65000000000003);
#1231=CIRCLE('',#3138,1.65000000000003);
#1232=CIRCLE('',#3140,1.64999999999999);
#1233=CIRCLE('',#3141,1.64999999999999);
#1234=CIRCLE('',#3143,1.64999999999999);
#1235=CIRCLE('',#3144,1.64999999999999);
#1236=CIRCLE('',#3146,1.64999999999999);
#1237=CIRCLE('',#3147,1.64999999999999);
#1238=CIRCLE('',#3149,1.64999999999999);
#1239=CIRCLE('',#3150,1.64999999999999);
#1240=CIRCLE('',#3152,1.64999999999999);
#1241=CIRCLE('',#3153,1.64999999999999);
#1242=CIRCLE('',#3161,16.);
#1243=CIRCLE('',#3162,16.);
#1244=CIRCLE('',#3163,16.);
#1245=CIRCLE('',#3164,16.);
#1246=CIRCLE('',#3165,2.4);
#1247=CIRCLE('',#3166,2.4);
#1248=CIRCLE('',#3167,2.4);
#1249=CIRCLE('',#3168,32.6);
#1250=CIRCLE('',#3169,2.4);
#1251=CIRCLE('',#3172,16.);
#1252=CIRCLE('',#3175,16.);
#1253=CIRCLE('',#3177,2.4);
#1254=CIRCLE('',#3179,32.6);
#1255=CIRCLE('',#3181,2.4);
#1256=CIRCLE('',#3183,2.4);
#1257=CIRCLE('',#3185,2.4);
#1258=CIRCLE('',#3188,16.);
#1259=CIRCLE('',#3191,16.);
#1260=VERTEX_POINT('',#4024);
#1261=VERTEX_POINT('',#4026);
#1262=VERTEX_POINT('',#4030);
#1263=VERTEX_POINT('',#4033);
#1264=VERTEX_POINT('',#4035);
#1265=VERTEX_POINT('',#4039);
#1266=VERTEX_POINT('',#4042);
#1267=VERTEX_POINT('',#4044);
#1268=VERTEX_POINT('',#4048);
#1269=VERTEX_POINT('',#4051);
#1270=VERTEX_POINT('',#4053);
#1271=VERTEX_POINT('',#4057);
#1272=VERTEX_POINT('',#4060);
#1273=VERTEX_POINT('',#4062);
#1274=VERTEX_POINT('',#4066);
#1275=VERTEX_POINT('',#4069);
#1276=VERTEX_POINT('',#4071);
#1277=VERTEX_POINT('',#4075);
#1278=VERTEX_POINT('',#4078);
#1279=VERTEX_POINT('',#4080);
#1280=VERTEX_POINT('',#4084);
#1281=VERTEX_POINT('',#4087);
#1282=VERTEX_POINT('',#4089);
#1283=VERTEX_POINT('',#4093);
#1284=VERTEX_POINT('',#4096);
#1285=VERTEX_POINT('',#4100);
#1286=VERTEX_POINT('',#4104);
#1287=VERTEX_POINT('',#4108);
#1288=VERTEX_POINT('',#4112);
#1289=VERTEX_POINT('',#4116);
#1290=VERTEX_POINT('',#4120);
#1291=VERTEX_POINT('',#4124);
#1292=VERTEX_POINT('',#4128);
#1293=VERTEX_POINT('',#4129);
#1294=VERTEX_POINT('',#4131);
#1295=VERTEX_POINT('',#4133);
#1296=VERTEX_POINT('',#4137);
#1297=VERTEX_POINT('',#4139);
#1298=VERTEX_POINT('',#4143);
#1299=VERTEX_POINT('',#4146);
#1300=VERTEX_POINT('',#4149);
#1301=VERTEX_POINT('',#4153);
#1302=VERTEX_POINT('',#4160);
#1303=VERTEX_POINT('',#4162);
#1304=VERTEX_POINT('',#4167);
#1305=VERTEX_POINT('',#4169);
#1306=VERTEX_POINT('',#4174);
#1307=VERTEX_POINT('',#4176);
#1308=VERTEX_POINT('',#4181);
#1309=VERTEX_POINT('',#4183);
#1310=VERTEX_POINT('',#4188);
#1311=VERTEX_POINT('',#4190);
#1312=VERTEX_POINT('',#4195);
#1313=VERTEX_POINT('',#4197);
#1314=VERTEX_POINT('',#4202);
#1315=VERTEX_POINT('',#4204);
#1316=VERTEX_POINT('',#4209);
#1317=VERTEX_POINT('',#4211);
#1318=VERTEX_POINT('',#4216);
#1319=VERTEX_POINT('',#4217);
#1320=VERTEX_POINT('',#4219);
#1321=VERTEX_POINT('',#4221);
#1322=VERTEX_POINT('',#4225);
#1323=VERTEX_POINT('',#4227);
#1324=VERTEX_POINT('',#4231);
#1325=VERTEX_POINT('',#4233);
#1326=VERTEX_POINT('',#4236);
#1327=VERTEX_POINT('',#4238);
#1328=VERTEX_POINT('',#4240);
#1329=VERTEX_POINT('',#4242);
#1330=VERTEX_POINT('',#4244);
#1331=VERTEX_POINT('',#4247);
#1332=VERTEX_POINT('',#4249);
#1333=VERTEX_POINT('',#4253);
#1334=VERTEX_POINT('',#4254);
#1335=VERTEX_POINT('',#4258);
#1336=VERTEX_POINT('',#4259);
#1337=VERTEX_POINT('',#4261);
#1338=VERTEX_POINT('',#4263);
#1339=VERTEX_POINT('',#4265);
#1340=VERTEX_POINT('',#4267);
#1341=VERTEX_POINT('',#4269);
#1342=VERTEX_POINT('',#4271);
#1343=VERTEX_POINT('',#4273);
#1344=VERTEX_POINT('',#4275);
#1345=VERTEX_POINT('',#4277);
#1346=VERTEX_POINT('',#4279);
#1347=VERTEX_POINT('',#4281);
#1348=VERTEX_POINT('',#4283);
#1349=VERTEX_POINT('',#4285);
#1350=VERTEX_POINT('',#4287);
#1351=VERTEX_POINT('',#4289);
#1352=VERTEX_POINT('',#4291);
#1353=VERTEX_POINT('',#4293);
#1354=VERTEX_POINT('',#4295);
#1355=VERTEX_POINT('',#4297);
#1356=VERTEX_POINT('',#4299);
#1357=VERTEX_POINT('',#4301);
#1358=VERTEX_POINT('',#4303);
#1359=VERTEX_POINT('',#4305);
#1360=VERTEX_POINT('',#4307);
#1361=VERTEX_POINT('',#4309);
#1362=VERTEX_POINT('',#4311);
#1363=VERTEX_POINT('',#4315);
#1364=VERTEX_POINT('',#4317);
#1365=VERTEX_POINT('',#4321);
#1366=VERTEX_POINT('',#4325);
#1367=VERTEX_POINT('',#4329);
#1368=VERTEX_POINT('',#4333);
#1369=VERTEX_POINT('',#4337);
#1370=VERTEX_POINT('',#4341);
#1371=VERTEX_POINT('',#4345);
#1372=VERTEX_POINT('',#4349);
#1373=VERTEX_POINT('',#4353);
#1374=VERTEX_POINT('',#4357);
#1375=VERTEX_POINT('',#4361);
#1376=VERTEX_POINT('',#4365);
#1377=VERTEX_POINT('',#4369);
#1378=VERTEX_POINT('',#4375);
#1379=VERTEX_POINT('',#4377);
#1380=VERTEX_POINT('',#4381);
#1381=VERTEX_POINT('',#4385);
#1382=VERTEX_POINT('',#4389);
#1383=VERTEX_POINT('',#4393);
#1384=VERTEX_POINT('',#4397);
#1385=VERTEX_POINT('',#4401);
#1386=VERTEX_POINT('',#4405);
#1387=VERTEX_POINT('',#4409);
#1388=VERTEX_POINT('',#4411);
#1389=VERTEX_POINT('',#4414);
#1390=VERTEX_POINT('',#4416);
#1391=VERTEX_POINT('',#4419);
#1392=VERTEX_POINT('',#4420);
#1393=VERTEX_POINT('',#4423);
#1394=VERTEX_POINT('',#4425);
#1395=VERTEX_POINT('',#4428);
#1396=VERTEX_POINT('',#4430);
#1397=VERTEX_POINT('',#4432);
#1398=VERTEX_POINT('',#4435);
#1399=VERTEX_POINT('',#4437);
#1400=VERTEX_POINT('',#4454);
#1401=VERTEX_POINT('',#4456);
#1402=VERTEX_POINT('',#4461);
#1403=VERTEX_POINT('',#4463);
#1404=VERTEX_POINT('',#4469);
#1405=VERTEX_POINT('',#4474);
#1406=VERTEX_POINT('',#4479);
#1407=VERTEX_POINT('',#4484);
#1408=VERTEX_POINT('',#4491);
#1409=VERTEX_POINT('',#4496);
#1410=VERTEX_POINT('',#4501);
#1411=VERTEX_POINT('',#4506);
#1412=VERTEX_POINT('',#4511);
#1413=VERTEX_POINT('',#4512);
#1414=VERTEX_POINT('',#4514);
#1415=VERTEX_POINT('',#4516);
#1416=VERTEX_POINT('',#4520);
#1417=VERTEX_POINT('',#4522);
#1418=VERTEX_POINT('',#4526);
#1419=VERTEX_POINT('',#4528);
#1420=VERTEX_POINT('',#4532);
#1421=VERTEX_POINT('',#4534);
#1422=VERTEX_POINT('',#4538);
#1423=VERTEX_POINT('',#4540);
#1424=VERTEX_POINT('',#4544);
#1425=VERTEX_POINT('',#4546);
#1426=VERTEX_POINT('',#4550);
#1427=VERTEX_POINT('',#4552);
#1428=VERTEX_POINT('',#4556);
#1429=VERTEX_POINT('',#4558);
#1430=VERTEX_POINT('',#4562);
#1431=VERTEX_POINT('',#4564);
#1432=VERTEX_POINT('',#4568);
#1433=VERTEX_POINT('',#4570);
#1434=VERTEX_POINT('',#4574);
#1435=VERTEX_POINT('',#4576);
#1436=VERTEX_POINT('',#4580);
#1437=VERTEX_POINT('',#4582);
#1438=VERTEX_POINT('',#4586);
#1439=VERTEX_POINT('',#4588);
#1440=VERTEX_POINT('',#4592);
#1441=VERTEX_POINT('',#4594);
#1442=VERTEX_POINT('',#4598);
#1443=VERTEX_POINT('',#4600);
#1444=VERTEX_POINT('',#4604);
#1445=VERTEX_POINT('',#4606);
#1446=VERTEX_POINT('',#4610);
#1447=VERTEX_POINT('',#4612);
#1448=VERTEX_POINT('',#4616);
#1449=VERTEX_POINT('',#4618);
#1450=VERTEX_POINT('',#4622);
#1451=VERTEX_POINT('',#4624);
#1452=VERTEX_POINT('',#4628);
#1453=VERTEX_POINT('',#4630);
#1454=VERTEX_POINT('',#4634);
#1455=VERTEX_POINT('',#4636);
#1456=VERTEX_POINT('',#4640);
#1457=VERTEX_POINT('',#4642);
#1458=VERTEX_POINT('',#4646);
#1459=VERTEX_POINT('',#4648);
#1460=VERTEX_POINT('',#4652);
#1461=VERTEX_POINT('',#4654);
#1462=VERTEX_POINT('',#4658);
#1463=VERTEX_POINT('',#4660);
#1464=VERTEX_POINT('',#4664);
#1465=VERTEX_POINT('',#4666);
#1466=VERTEX_POINT('',#4670);
#1467=VERTEX_POINT('',#4672);
#1468=VERTEX_POINT('',#4679);
#1469=VERTEX_POINT('',#4681);
#1470=VERTEX_POINT('',#4685);
#1471=VERTEX_POINT('',#4687);
#1472=VERTEX_POINT('',#4691);
#1473=VERTEX_POINT('',#4693);
#1474=VERTEX_POINT('',#4697);
#1475=VERTEX_POINT('',#4699);
#1476=VERTEX_POINT('',#4703);
#1477=VERTEX_POINT('',#4705);
#1478=VERTEX_POINT('',#4709);
#1479=VERTEX_POINT('',#4711);
#1480=VERTEX_POINT('',#4715);
#1481=VERTEX_POINT('',#4717);
#1482=VERTEX_POINT('',#4721);
#1483=VERTEX_POINT('',#4723);
#1484=VERTEX_POINT('',#4727);
#1485=VERTEX_POINT('',#4728);
#1486=VERTEX_POINT('',#4730);
#1487=VERTEX_POINT('',#4732);
#1488=VERTEX_POINT('',#4736);
#1489=VERTEX_POINT('',#4738);
#1490=VERTEX_POINT('',#4742);
#1491=VERTEX_POINT('',#4744);
#1492=VERTEX_POINT('',#4753);
#1493=VERTEX_POINT('',#4754);
#1494=VERTEX_POINT('',#4756);
#1495=VERTEX_POINT('',#4758);
#1496=VERTEX_POINT('',#4760);
#1497=VERTEX_POINT('',#4762);
#1498=VERTEX_POINT('',#4764);
#1499=VERTEX_POINT('',#4766);
#1500=VERTEX_POINT('',#4769);
#1501=VERTEX_POINT('',#4771);
#1502=VERTEX_POINT('',#4773);
#1503=VERTEX_POINT('',#4775);
#1504=VERTEX_POINT('',#4777);
#1505=VERTEX_POINT('',#4780);
#1506=VERTEX_POINT('',#4782);
#1507=VERTEX_POINT('',#4786);
#1508=VERTEX_POINT('',#4790);
#1509=VERTEX_POINT('',#4794);
#1510=VERTEX_POINT('',#4798);
#1511=VERTEX_POINT('',#4802);
#1512=VERTEX_POINT('',#4806);
#1513=VERTEX_POINT('',#4810);
#1514=VERTEX_POINT('',#4814);
#1515=VERTEX_POINT('',#4818);
#1516=VERTEX_POINT('',#4822);
#1517=VERTEX_POINT('',#4826);
#1518=EDGE_CURVE('',#1260,#1260,#1146,.T.);
#1519=EDGE_CURVE('',#1260,#1261,#596,.T.);
#1520=EDGE_CURVE('',#1261,#1261,#1147,.T.);
#1521=EDGE_CURVE('',#1262,#1262,#1148,.T.);
#1522=EDGE_CURVE('',#1263,#1263,#1149,.T.);
#1523=EDGE_CURVE('',#1263,#1264,#597,.T.);
#1524=EDGE_CURVE('',#1264,#1264,#1150,.T.);
#1525=EDGE_CURVE('',#1265,#1265,#1151,.T.);
#1526=EDGE_CURVE('',#1266,#1266,#1152,.T.);
#1527=EDGE_CURVE('',#1266,#1267,#598,.T.);
#1528=EDGE_CURVE('',#1267,#1267,#1153,.T.);
#1529=EDGE_CURVE('',#1268,#1268,#1154,.T.);
#1530=EDGE_CURVE('',#1269,#1269,#1155,.T.);
#1531=EDGE_CURVE('',#1269,#1270,#599,.T.);
#1532=EDGE_CURVE('',#1270,#1270,#1156,.T.);
#1533=EDGE_CURVE('',#1271,#1271,#1157,.T.);
#1534=EDGE_CURVE('',#1272,#1272,#1158,.T.);
#1535=EDGE_CURVE('',#1272,#1273,#600,.T.);
#1536=EDGE_CURVE('',#1273,#1273,#1159,.T.);
#1537=EDGE_CURVE('',#1274,#1274,#1160,.T.);
#1538=EDGE_CURVE('',#1275,#1275,#1161,.T.);
#1539=EDGE_CURVE('',#1275,#1276,#601,.T.);
#1540=EDGE_CURVE('',#1276,#1276,#1162,.T.);
#1541=EDGE_CURVE('',#1277,#1277,#1163,.T.);
#1542=EDGE_CURVE('',#1278,#1278,#1164,.T.);
#1543=EDGE_CURVE('',#1278,#1279,#602,.T.);
#1544=EDGE_CURVE('',#1279,#1279,#1165,.T.);
#1545=EDGE_CURVE('',#1280,#1280,#1166,.T.);
#1546=EDGE_CURVE('',#1281,#1281,#1167,.T.);
#1547=EDGE_CURVE('',#1281,#1282,#603,.T.);
#1548=EDGE_CURVE('',#1282,#1282,#1168,.T.);
#1549=EDGE_CURVE('',#1283,#1283,#1169,.T.);
#1550=EDGE_CURVE('',#1284,#1284,#1170,.T.);
#1551=EDGE_CURVE('',#1284,#1262,#604,.T.);
#1552=EDGE_CURVE('',#1285,#1285,#1171,.T.);
#1553=EDGE_CURVE('',#1285,#1277,#605,.T.);
#1554=EDGE_CURVE('',#1286,#1286,#1172,.T.);
#1555=EDGE_CURVE('',#1286,#1280,#606,.T.);
#1556=EDGE_CURVE('',#1287,#1287,#1173,.T.);
#1557=EDGE_CURVE('',#1287,#1283,#607,.T.);
#1558=EDGE_CURVE('',#1288,#1288,#1174,.T.);
#1559=EDGE_CURVE('',#1288,#1271,#608,.T.);
#1560=EDGE_CURVE('',#1289,#1289,#1175,.T.);
#1561=EDGE_CURVE('',#1289,#1268,#609,.T.);
#1562=EDGE_CURVE('',#1290,#1290,#1176,.T.);
#1563=EDGE_CURVE('',#1290,#1274,#610,.T.);
#1564=EDGE_CURVE('',#1291,#1291,#1177,.T.);
#1565=EDGE_CURVE('',#1291,#1265,#611,.T.);
#1566=EDGE_CURVE('',#1292,#1293,#612,.T.);
#1567=EDGE_CURVE('',#1292,#1294,#613,.T.);
#1568=EDGE_CURVE('',#1294,#1295,#614,.T.);
#1569=EDGE_CURVE('',#1295,#1293,#615,.T.);
#1570=EDGE_CURVE('',#1293,#1296,#616,.T.);
#1571=EDGE_CURVE('',#1297,#1295,#617,.T.);
#1572=EDGE_CURVE('',#1297,#1296,#618,.T.);
#1573=EDGE_CURVE('',#1296,#1298,#619,.T.);
#1574=EDGE_CURVE('',#1298,#1292,#620,.T.);
#1575=EDGE_CURVE('',#1299,#1299,#1178,.T.);
#1576=EDGE_CURVE('',#1300,#1300,#1179,.T.);
#1577=EDGE_CURVE('',#1300,#1299,#621,.T.);
#1578=EDGE_CURVE('',#1301,#1297,#622,.T.);
#1579=EDGE_CURVE('',#1301,#1294,#623,.T.);
#1580=EDGE_CURVE('',#1298,#1301,#624,.T.);
#1581=EDGE_CURVE('',#1302,#1302,#1180,.T.);
#1582=EDGE_CURVE('',#1302,#1303,#625,.T.);
#1583=EDGE_CURVE('',#1303,#1303,#1181,.T.);
#1584=EDGE_CURVE('',#1304,#1304,#1182,.T.);
#1585=EDGE_CURVE('',#1304,#1305,#626,.T.);
#1586=EDGE_CURVE('',#1305,#1305,#1183,.T.);
#1587=EDGE_CURVE('',#1306,#1306,#1184,.T.);
#1588=EDGE_CURVE('',#1306,#1307,#627,.T.);
#1589=EDGE_CURVE('',#1307,#1307,#1185,.T.);
#1590=EDGE_CURVE('',#1308,#1308,#1186,.T.);
#1591=EDGE_CURVE('',#1308,#1309,#628,.T.);
#1592=EDGE_CURVE('',#1309,#1309,#1187,.T.);
#1593=EDGE_CURVE('',#1310,#1310,#1188,.T.);
#1594=EDGE_CURVE('',#1310,#1311,#629,.T.);
#1595=EDGE_CURVE('',#1311,#1311,#1189,.T.);
#1596=EDGE_CURVE('',#1312,#1312,#1190,.T.);
#1597=EDGE_CURVE('',#1312,#1313,#630,.T.);
#1598=EDGE_CURVE('',#1313,#1313,#1191,.T.);
#1599=EDGE_CURVE('',#1314,#1314,#1192,.T.);
#1600=EDGE_CURVE('',#1314,#1315,#631,.T.);
#1601=EDGE_CURVE('',#1315,#1315,#1193,.T.);
#1602=EDGE_CURVE('',#1316,#1316,#1194,.T.);
#1603=EDGE_CURVE('',#1316,#1317,#632,.T.);
#1604=EDGE_CURVE('',#1317,#1317,#1195,.T.);
#1605=EDGE_CURVE('',#1318,#1319,#633,.T.);
#1606=EDGE_CURVE('',#1320,#1319,#634,.T.);
#1607=EDGE_CURVE('',#1320,#1321,#635,.T.);
#1608=EDGE_CURVE('',#1318,#1321,#636,.T.);
#1609=EDGE_CURVE('',#1321,#1322,#637,.T.);
#1610=EDGE_CURVE('',#1323,#1320,#638,.T.);
#1611=EDGE_CURVE('',#1322,#1323,#639,.T.);
#1612=EDGE_CURVE('',#1324,#1323,#640,.T.);
#1613=EDGE_CURVE('',#1325,#1324,#641,.T.);
#1614=EDGE_CURVE('',#1325,#1322,#642,.T.);
#1615=EDGE_CURVE('',#1326,#1326,#1196,.T.);
#1616=EDGE_CURVE('',#1327,#1327,#1197,.T.);
#1617=EDGE_CURVE('',#1328,#1328,#1198,.T.);
#1618=EDGE_CURVE('',#1329,#1329,#1199,.T.);
#1619=EDGE_CURVE('',#1330,#1330,#1200,.T.);
#1620=EDGE_CURVE('',#1319,#1331,#643,.T.);
#1621=EDGE_CURVE('',#1331,#1332,#644,.T.);
#1622=EDGE_CURVE('',#1332,#1324,#645,.T.);
#1623=EDGE_CURVE('',#1333,#1334,#646,.T.);
#1624=EDGE_CURVE('',#1332,#1333,#647,.T.);
#1625=EDGE_CURVE('',#1334,#1331,#648,.T.);
#1626=EDGE_CURVE('',#1335,#1336,#649,.T.);
#1627=EDGE_CURVE('',#1337,#1335,#650,.T.);
#1628=EDGE_CURVE('',#1338,#1337,#651,.T.);
#1629=EDGE_CURVE('',#1339,#1338,#652,.T.);
#1630=EDGE_CURVE('',#1340,#1339,#653,.T.);
#1631=EDGE_CURVE('',#1341,#1340,#654,.T.);
#1632=EDGE_CURVE('',#1342,#1341,#655,.T.);
#1633=EDGE_CURVE('',#1343,#1342,#656,.T.);
#1634=EDGE_CURVE('',#1344,#1343,#657,.T.);
#1635=EDGE_CURVE('',#1345,#1344,#658,.T.);
#1636=EDGE_CURVE('',#1346,#1345,#659,.T.);
#1637=EDGE_CURVE('',#1347,#1346,#660,.T.);
#1638=EDGE_CURVE('',#1348,#1347,#661,.T.);
#1639=EDGE_CURVE('',#1349,#1348,#662,.T.);
#1640=EDGE_CURVE('',#1350,#1349,#663,.T.);
#1641=EDGE_CURVE('',#1351,#1350,#664,.T.);
#1642=EDGE_CURVE('',#1352,#1351,#665,.T.);
#1643=EDGE_CURVE('',#1353,#1352,#666,.T.);
#1644=EDGE_CURVE('',#1354,#1353,#667,.T.);
#1645=EDGE_CURVE('',#1355,#1354,#668,.T.);
#1646=EDGE_CURVE('',#1356,#1355,#669,.T.);
#1647=EDGE_CURVE('',#1357,#1356,#670,.T.);
#1648=EDGE_CURVE('',#1358,#1357,#671,.T.);
#1649=EDGE_CURVE('',#1359,#1358,#672,.T.);
#1650=EDGE_CURVE('',#1360,#1359,#673,.T.);
#1651=EDGE_CURVE('',#1361,#1360,#674,.T.);
#1652=EDGE_CURVE('',#1362,#1361,#675,.T.);
#1653=EDGE_CURVE('',#1336,#1362,#676,.T.);
#1654=EDGE_CURVE('',#1363,#1347,#677,.T.);
#1655=EDGE_CURVE('',#1364,#1363,#678,.T.);
#1656=EDGE_CURVE('',#1348,#1364,#679,.T.);
#1657=EDGE_CURVE('',#1365,#1346,#680,.T.);
#1658=EDGE_CURVE('',#1363,#1365,#681,.T.);
#1659=EDGE_CURVE('',#1366,#1345,#682,.T.);
#1660=EDGE_CURVE('',#1365,#1366,#683,.T.);
#1661=EDGE_CURVE('',#1344,#1367,#684,.T.);
#1662=EDGE_CURVE('',#1366,#1367,#685,.T.);
#1663=EDGE_CURVE('',#1343,#1368,#686,.T.);
#1664=EDGE_CURVE('',#1367,#1368,#687,.T.);
#1665=EDGE_CURVE('',#1369,#1342,#688,.T.);
#1666=EDGE_CURVE('',#1368,#1369,#689,.T.);
#1667=EDGE_CURVE('',#1341,#1370,#690,.T.);
#1668=EDGE_CURVE('',#1369,#1370,#691,.T.);
#1669=EDGE_CURVE('',#1371,#1340,#692,.T.);
#1670=EDGE_CURVE('',#1370,#1371,#693,.T.);
#1671=EDGE_CURVE('',#1372,#1339,#694,.T.);
#1672=EDGE_CURVE('',#1371,#1372,#695,.T.);
#1673=EDGE_CURVE('',#1373,#1338,#696,.T.);
#1674=EDGE_CURVE('',#1372,#1373,#697,.T.);
#1675=EDGE_CURVE('',#1337,#1374,#698,.T.);
#1676=EDGE_CURVE('',#1373,#1374,#699,.T.);
#1677=EDGE_CURVE('',#1375,#1335,#700,.T.);
#1678=EDGE_CURVE('',#1374,#1375,#701,.T.);
#1679=EDGE_CURVE('',#1376,#1336,#702,.T.);
#1680=EDGE_CURVE('',#1375,#1376,#703,.T.);
#1681=EDGE_CURVE('',#1362,#1377,#704,.T.);
#1682=EDGE_CURVE('',#1376,#1377,#705,.T.);
#1683=EDGE_CURVE('',#1318,#1334,#706,.T.);
#1684=EDGE_CURVE('',#1378,#1353,#707,.T.);
#1685=EDGE_CURVE('',#1379,#1378,#708,.T.);
#1686=EDGE_CURVE('',#1379,#1354,#709,.T.);
#1687=EDGE_CURVE('',#1380,#1352,#710,.T.);
#1688=EDGE_CURVE('',#1378,#1380,#711,.T.);
#1689=EDGE_CURVE('',#1381,#1379,#712,.T.);
#1690=EDGE_CURVE('',#1355,#1381,#713,.T.);
#1691=EDGE_CURVE('',#1382,#1381,#714,.T.);
#1692=EDGE_CURVE('',#1382,#1356,#715,.T.);
#1693=EDGE_CURVE('',#1383,#1364,#716,.T.);
#1694=EDGE_CURVE('',#1383,#1349,#717,.T.);
#1695=EDGE_CURVE('',#1384,#1361,#718,.T.);
#1696=EDGE_CURVE('',#1377,#1384,#719,.T.);
#1697=EDGE_CURVE('',#1385,#1360,#720,.T.);
#1698=EDGE_CURVE('',#1384,#1385,#721,.T.);
#1699=EDGE_CURVE('',#1386,#1359,#722,.T.);
#1700=EDGE_CURVE('',#1385,#1386,#723,.T.);
#1701=EDGE_CURVE('',#1380,#1387,#724,.T.);
#1702=EDGE_CURVE('',#1387,#1388,#725,.T.);
#1703=EDGE_CURVE('',#1388,#1383,#726,.T.);
#1704=EDGE_CURVE('',#1386,#1389,#727,.T.);
#1705=EDGE_CURVE('',#1389,#1390,#728,.T.);
#1706=EDGE_CURVE('',#1390,#1382,#729,.T.);
#1707=EDGE_CURVE('',#1391,#1392,#1201,.T.);
#1708=EDGE_CURVE('',#1392,#1391,#1202,.T.);
#1709=EDGE_CURVE('',#1391,#1393,#1203,.T.);
#1710=EDGE_CURVE('',#1393,#1394,#1204,.T.);
#1711=EDGE_CURVE('',#1394,#1393,#1205,.T.);
#1712=EDGE_CURVE('',#1393,#1395,#1206,.T.);
#1713=EDGE_CURVE('',#1395,#1396,#1207,.T.);
#1714=EDGE_CURVE('',#1396,#1397,#1208,.T.);
#1715=EDGE_CURVE('',#1397,#1396,#1209,.T.);
#1716=EDGE_CURVE('',#1396,#1398,#1210,.T.);
#1717=EDGE_CURVE('',#1398,#1399,#1211,.T.);
#1718=EDGE_CURVE('',#1399,#1398,#1212,.T.);
#1719=EDGE_CURVE('',#1398,#1391,#1213,.T.);
#1720=EDGE_CURVE('',#1390,#1357,#730,.T.);
#1721=EDGE_CURVE('',#1358,#1389,#731,.T.);
#1722=EDGE_CURVE('',#1388,#1350,#732,.T.);
#1723=EDGE_CURVE('',#1351,#1387,#733,.T.);
#1724=EDGE_CURVE('',#1333,#1325,#734,.T.);
#1725=EDGE_CURVE('',#1400,#1400,#1214,.T.);
#1726=EDGE_CURVE('',#1400,#1401,#735,.T.);
#1727=EDGE_CURVE('',#1401,#1401,#1215,.T.);
#1728=EDGE_CURVE('',#1402,#1402,#1216,.T.);
#1729=EDGE_CURVE('',#1402,#1403,#736,.T.);
#1730=EDGE_CURVE('',#1403,#1403,#1217,.T.);
#1731=EDGE_CURVE('',#1330,#1404,#737,.T.);
#1732=EDGE_CURVE('',#1404,#1404,#1218,.T.);
#1733=EDGE_CURVE('',#1329,#1405,#738,.T.);
#1734=EDGE_CURVE('',#1405,#1405,#1219,.T.);
#1735=EDGE_CURVE('',#1328,#1406,#739,.T.);
#1736=EDGE_CURVE('',#1406,#1406,#1220,.T.);
#1737=EDGE_CURVE('',#1327,#1407,#740,.T.);
#1738=EDGE_CURVE('',#1407,#1407,#1221,.T.);
#1739=EDGE_CURVE('',#1326,#1395,#741,.T.);
#1740=EDGE_CURVE('',#1408,#1408,#1222,.T.);
#1741=EDGE_CURVE('',#1408,#1399,#742,.T.);
#1742=EDGE_CURVE('',#1409,#1409,#1223,.T.);
#1743=EDGE_CURVE('',#1409,#1394,#743,.T.);
#1744=EDGE_CURVE('',#1410,#1410,#1224,.T.);
#1745=EDGE_CURVE('',#1410,#1397,#744,.T.);
#1746=EDGE_CURVE('',#1411,#1411,#1225,.T.);
#1747=EDGE_CURVE('',#1411,#1392,#745,.T.);
#1748=EDGE_CURVE('',#1412,#1413,#746,.T.);
#1749=EDGE_CURVE('',#1413,#1414,#747,.T.);
#1750=EDGE_CURVE('',#1415,#1414,#748,.T.);
#1751=EDGE_CURVE('',#1412,#1415,#749,.T.);
#1752=EDGE_CURVE('',#1416,#1412,#750,.T.);
#1753=EDGE_CURVE('',#1417,#1415,#751,.T.);
#1754=EDGE_CURVE('',#1416,#1417,#752,.T.);
#1755=EDGE_CURVE('',#1418,#1416,#753,.T.);
#1756=EDGE_CURVE('',#1419,#1417,#754,.T.);
#1757=EDGE_CURVE('',#1418,#1419,#755,.T.);
#1758=EDGE_CURVE('',#1420,#1418,#756,.T.);
#1759=EDGE_CURVE('',#1421,#1419,#757,.T.);
#1760=EDGE_CURVE('',#1420,#1421,#758,.T.);
#1761=EDGE_CURVE('',#1422,#1420,#759,.T.);
#1762=EDGE_CURVE('',#1423,#1421,#760,.T.);
#1763=EDGE_CURVE('',#1422,#1423,#761,.T.);
#1764=EDGE_CURVE('',#1424,#1422,#762,.T.);
#1765=EDGE_CURVE('',#1425,#1423,#763,.T.);
#1766=EDGE_CURVE('',#1424,#1425,#764,.T.);
#1767=EDGE_CURVE('',#1426,#1424,#765,.T.);
#1768=EDGE_CURVE('',#1427,#1425,#766,.T.);
#1769=EDGE_CURVE('',#1426,#1427,#767,.T.);
#1770=EDGE_CURVE('',#1428,#1426,#768,.T.);
#1771=EDGE_CURVE('',#1429,#1427,#769,.T.);
#1772=EDGE_CURVE('',#1428,#1429,#770,.T.);
#1773=EDGE_CURVE('',#1430,#1428,#771,.T.);
#1774=EDGE_CURVE('',#1431,#1429,#772,.T.);
#1775=EDGE_CURVE('',#1430,#1431,#773,.T.);
#1776=EDGE_CURVE('',#1432,#1430,#774,.T.);
#1777=EDGE_CURVE('',#1433,#1431,#775,.T.);
#1778=EDGE_CURVE('',#1432,#1433,#776,.T.);
#1779=EDGE_CURVE('',#1434,#1432,#777,.T.);
#1780=EDGE_CURVE('',#1435,#1433,#778,.T.);
#1781=EDGE_CURVE('',#1434,#1435,#779,.T.);
#1782=EDGE_CURVE('',#1436,#1434,#780,.T.);
#1783=EDGE_CURVE('',#1437,#1435,#781,.T.);
#1784=EDGE_CURVE('',#1436,#1437,#782,.T.);
#1785=EDGE_CURVE('',#1438,#1436,#783,.T.);
#1786=EDGE_CURVE('',#1439,#1437,#784,.T.);
#1787=EDGE_CURVE('',#1438,#1439,#785,.T.);
#1788=EDGE_CURVE('',#1440,#1438,#786,.T.);
#1789=EDGE_CURVE('',#1441,#1439,#787,.T.);
#1790=EDGE_CURVE('',#1440,#1441,#788,.T.);
#1791=EDGE_CURVE('',#1442,#1440,#789,.T.);
#1792=EDGE_CURVE('',#1443,#1441,#790,.T.);
#1793=EDGE_CURVE('',#1442,#1443,#791,.T.);
#1794=EDGE_CURVE('',#1444,#1442,#792,.T.);
#1795=EDGE_CURVE('',#1445,#1443,#793,.T.);
#1796=EDGE_CURVE('',#1444,#1445,#794,.T.);
#1797=EDGE_CURVE('',#1446,#1444,#795,.T.);
#1798=EDGE_CURVE('',#1447,#1445,#796,.T.);
#1799=EDGE_CURVE('',#1446,#1447,#797,.T.);
#1800=EDGE_CURVE('',#1448,#1446,#798,.T.);
#1801=EDGE_CURVE('',#1449,#1447,#799,.T.);
#1802=EDGE_CURVE('',#1448,#1449,#800,.T.);
#1803=EDGE_CURVE('',#1450,#1448,#801,.T.);
#1804=EDGE_CURVE('',#1451,#1449,#802,.T.);
#1805=EDGE_CURVE('',#1450,#1451,#803,.T.);
#1806=EDGE_CURVE('',#1452,#1450,#804,.T.);
#1807=EDGE_CURVE('',#1453,#1451,#805,.T.);
#1808=EDGE_CURVE('',#1452,#1453,#806,.T.);
#1809=EDGE_CURVE('',#1454,#1452,#807,.T.);
#1810=EDGE_CURVE('',#1455,#1453,#808,.T.);
#1811=EDGE_CURVE('',#1454,#1455,#809,.T.);
#1812=EDGE_CURVE('',#1456,#1454,#810,.T.);
#1813=EDGE_CURVE('',#1457,#1455,#811,.T.);
#1814=EDGE_CURVE('',#1456,#1457,#812,.T.);
#1815=EDGE_CURVE('',#1458,#1456,#813,.T.);
#1816=EDGE_CURVE('',#1459,#1457,#814,.T.);
#1817=EDGE_CURVE('',#1458,#1459,#815,.T.);
#1818=EDGE_CURVE('',#1460,#1458,#816,.T.);
#1819=EDGE_CURVE('',#1461,#1459,#817,.T.);
#1820=EDGE_CURVE('',#1460,#1461,#818,.T.);
#1821=EDGE_CURVE('',#1462,#1460,#819,.T.);
#1822=EDGE_CURVE('',#1463,#1461,#820,.T.);
#1823=EDGE_CURVE('',#1462,#1463,#821,.T.);
#1824=EDGE_CURVE('',#1464,#1462,#822,.T.);
#1825=EDGE_CURVE('',#1465,#1463,#823,.T.);
#1826=EDGE_CURVE('',#1464,#1465,#824,.T.);
#1827=EDGE_CURVE('',#1466,#1464,#825,.T.);
#1828=EDGE_CURVE('',#1467,#1465,#826,.T.);
#1829=EDGE_CURVE('',#1466,#1467,#827,.T.);
#1830=EDGE_CURVE('',#1413,#1466,#828,.T.);
#1831=EDGE_CURVE('',#1414,#1467,#829,.T.);
#1832=EDGE_CURVE('',#1468,#1468,#1226,.T.);
#1833=EDGE_CURVE('',#1468,#1469,#830,.T.);
#1834=EDGE_CURVE('',#1469,#1469,#1227,.T.);
#1835=EDGE_CURVE('',#1470,#1470,#1228,.T.);
#1836=EDGE_CURVE('',#1470,#1471,#831,.T.);
#1837=EDGE_CURVE('',#1471,#1471,#1229,.T.);
#1838=EDGE_CURVE('',#1472,#1472,#1230,.T.);
#1839=EDGE_CURVE('',#1472,#1473,#832,.T.);
#1840=EDGE_CURVE('',#1473,#1473,#1231,.T.);
#1841=EDGE_CURVE('',#1474,#1474,#1232,.T.);
#1842=EDGE_CURVE('',#1474,#1475,#833,.T.);
#1843=EDGE_CURVE('',#1475,#1475,#1233,.T.);
#1844=EDGE_CURVE('',#1476,#1476,#1234,.T.);
#1845=EDGE_CURVE('',#1476,#1477,#834,.T.);
#1846=EDGE_CURVE('',#1477,#1477,#1235,.T.);
#1847=EDGE_CURVE('',#1478,#1478,#1236,.T.);
#1848=EDGE_CURVE('',#1478,#1479,#835,.T.);
#1849=EDGE_CURVE('',#1479,#1479,#1237,.T.);
#1850=EDGE_CURVE('',#1480,#1480,#1238,.T.);
#1851=EDGE_CURVE('',#1480,#1481,#836,.T.);
#1852=EDGE_CURVE('',#1481,#1481,#1239,.T.);
#1853=EDGE_CURVE('',#1482,#1482,#1240,.T.);
#1854=EDGE_CURVE('',#1482,#1483,#837,.T.);
#1855=EDGE_CURVE('',#1483,#1483,#1241,.T.);
#1856=EDGE_CURVE('',#1484,#1485,#838,.T.);
#1857=EDGE_CURVE('',#1485,#1486,#839,.T.);
#1858=EDGE_CURVE('',#1487,#1486,#840,.T.);
#1859=EDGE_CURVE('',#1484,#1487,#841,.T.);
#1860=EDGE_CURVE('',#1484,#1488,#842,.T.);
#1861=EDGE_CURVE('',#1489,#1487,#843,.T.);
#1862=EDGE_CURVE('',#1488,#1489,#844,.T.);
#1863=EDGE_CURVE('',#1490,#1488,#845,.T.);
#1864=EDGE_CURVE('',#1491,#1489,#846,.T.);
#1865=EDGE_CURVE('',#1490,#1491,#847,.T.);
#1866=EDGE_CURVE('',#1485,#1490,#848,.T.);
#1867=EDGE_CURVE('',#1486,#1491,#849,.T.);
#1868=EDGE_CURVE('',#1492,#1493,#1242,.T.);
#1869=EDGE_CURVE('',#1494,#1492,#850,.T.);
#1870=EDGE_CURVE('',#1495,#1494,#1243,.T.);
#1871=EDGE_CURVE('',#1496,#1495,#851,.T.);
#1872=EDGE_CURVE('',#1497,#1496,#1244,.T.);
#1873=EDGE_CURVE('',#1498,#1497,#852,.T.);
#1874=EDGE_CURVE('',#1499,#1498,#1245,.T.);
#1875=EDGE_CURVE('',#1493,#1499,#853,.T.);
#1876=EDGE_CURVE('',#1500,#1500,#1246,.T.);
#1877=EDGE_CURVE('',#1501,#1501,#1247,.T.);
#1878=EDGE_CURVE('',#1502,#1502,#1248,.T.);
#1879=EDGE_CURVE('',#1503,#1503,#1249,.T.);
#1880=EDGE_CURVE('',#1504,#1504,#1250,.T.);
#1881=EDGE_CURVE('',#1505,#1495,#854,.T.);
#1882=EDGE_CURVE('',#1506,#1505,#855,.T.);
#1883=EDGE_CURVE('',#1506,#1496,#856,.T.);
#1884=EDGE_CURVE('',#1507,#1494,#857,.T.);
#1885=EDGE_CURVE('',#1507,#1505,#1251,.T.);
#1886=EDGE_CURVE('',#1508,#1492,#858,.T.);
#1887=EDGE_CURVE('',#1507,#1508,#859,.T.);
#1888=EDGE_CURVE('',#1509,#1493,#860,.T.);
#1889=EDGE_CURVE('',#1509,#1508,#1252,.T.);
#1890=EDGE_CURVE('',#1504,#1510,#861,.T.);
#1891=EDGE_CURVE('',#1510,#1510,#1253,.T.);
#1892=EDGE_CURVE('',#1503,#1511,#862,.T.);
#1893=EDGE_CURVE('',#1511,#1511,#1254,.F.);
#1894=EDGE_CURVE('',#1502,#1512,#863,.T.);
#1895=EDGE_CURVE('',#1512,#1512,#1255,.T.);
#1896=EDGE_CURVE('',#1501,#1513,#864,.T.);
#1897=EDGE_CURVE('',#1513,#1513,#1256,.T.);
#1898=EDGE_CURVE('',#1500,#1514,#865,.T.);
#1899=EDGE_CURVE('',#1514,#1514,#1257,.T.);
#1900=EDGE_CURVE('',#1515,#1499,#866,.T.);
#1901=EDGE_CURVE('',#1509,#1515,#867,.T.);
#1902=EDGE_CURVE('',#1516,#1498,#868,.T.);
#1903=EDGE_CURVE('',#1516,#1515,#1258,.T.);
#1904=EDGE_CURVE('',#1517,#1497,#869,.T.);
#1905=EDGE_CURVE('',#1516,#1517,#870,.T.);
#1906=EDGE_CURVE('',#1506,#1517,#1259,.T.);
#1907=ORIENTED_EDGE('',*,*,#1518,.F.);
#1908=ORIENTED_EDGE('',*,*,#1519,.T.);
#1909=ORIENTED_EDGE('',*,*,#1520,.T.);
#1910=ORIENTED_EDGE('',*,*,#1519,.F.);
#1911=ORIENTED_EDGE('',*,*,#1520,.F.);
#1912=ORIENTED_EDGE('',*,*,#1521,.F.);
#1913=ORIENTED_EDGE('',*,*,#1522,.F.);
#1914=ORIENTED_EDGE('',*,*,#1523,.T.);
#1915=ORIENTED_EDGE('',*,*,#1524,.T.);
#1916=ORIENTED_EDGE('',*,*,#1523,.F.);
#1917=ORIENTED_EDGE('',*,*,#1524,.F.);
#1918=ORIENTED_EDGE('',*,*,#1525,.F.);
#1919=ORIENTED_EDGE('',*,*,#1526,.F.);
#1920=ORIENTED_EDGE('',*,*,#1527,.T.);
#1921=ORIENTED_EDGE('',*,*,#1528,.T.);
#1922=ORIENTED_EDGE('',*,*,#1527,.F.);
#1923=ORIENTED_EDGE('',*,*,#1528,.F.);
#1924=ORIENTED_EDGE('',*,*,#1529,.F.);
#1925=ORIENTED_EDGE('',*,*,#1530,.F.);
#1926=ORIENTED_EDGE('',*,*,#1531,.T.);
#1927=ORIENTED_EDGE('',*,*,#1532,.T.);
#1928=ORIENTED_EDGE('',*,*,#1531,.F.);
#1929=ORIENTED_EDGE('',*,*,#1532,.F.);
#1930=ORIENTED_EDGE('',*,*,#1533,.F.);
#1931=ORIENTED_EDGE('',*,*,#1534,.F.);
#1932=ORIENTED_EDGE('',*,*,#1535,.T.);
#1933=ORIENTED_EDGE('',*,*,#1536,.T.);
#1934=ORIENTED_EDGE('',*,*,#1535,.F.);
#1935=ORIENTED_EDGE('',*,*,#1536,.F.);
#1936=ORIENTED_EDGE('',*,*,#1537,.F.);
#1937=ORIENTED_EDGE('',*,*,#1538,.F.);
#1938=ORIENTED_EDGE('',*,*,#1539,.T.);
#1939=ORIENTED_EDGE('',*,*,#1540,.T.);
#1940=ORIENTED_EDGE('',*,*,#1539,.F.);
#1941=ORIENTED_EDGE('',*,*,#1540,.F.);
#1942=ORIENTED_EDGE('',*,*,#1541,.F.);
#1943=ORIENTED_EDGE('',*,*,#1542,.F.);
#1944=ORIENTED_EDGE('',*,*,#1543,.T.);
#1945=ORIENTED_EDGE('',*,*,#1544,.T.);
#1946=ORIENTED_EDGE('',*,*,#1543,.F.);
#1947=ORIENTED_EDGE('',*,*,#1544,.F.);
#1948=ORIENTED_EDGE('',*,*,#1545,.F.);
#1949=ORIENTED_EDGE('',*,*,#1546,.F.);
#1950=ORIENTED_EDGE('',*,*,#1547,.T.);
#1951=ORIENTED_EDGE('',*,*,#1548,.T.);
#1952=ORIENTED_EDGE('',*,*,#1547,.F.);
#1953=ORIENTED_EDGE('',*,*,#1548,.F.);
#1954=ORIENTED_EDGE('',*,*,#1549,.F.);
#1955=ORIENTED_EDGE('',*,*,#1550,.F.);
#1956=ORIENTED_EDGE('',*,*,#1551,.T.);
#1957=ORIENTED_EDGE('',*,*,#1521,.T.);
#1958=ORIENTED_EDGE('',*,*,#1551,.F.);
#1959=ORIENTED_EDGE('',*,*,#1552,.F.);
#1960=ORIENTED_EDGE('',*,*,#1553,.T.);
#1961=ORIENTED_EDGE('',*,*,#1541,.T.);
#1962=ORIENTED_EDGE('',*,*,#1553,.F.);
#1963=ORIENTED_EDGE('',*,*,#1554,.F.);
#1964=ORIENTED_EDGE('',*,*,#1555,.T.);
#1965=ORIENTED_EDGE('',*,*,#1545,.T.);
#1966=ORIENTED_EDGE('',*,*,#1555,.F.);
#1967=ORIENTED_EDGE('',*,*,#1556,.F.);
#1968=ORIENTED_EDGE('',*,*,#1557,.T.);
#1969=ORIENTED_EDGE('',*,*,#1549,.T.);
#1970=ORIENTED_EDGE('',*,*,#1557,.F.);
#1971=ORIENTED_EDGE('',*,*,#1558,.F.);
#1972=ORIENTED_EDGE('',*,*,#1559,.T.);
#1973=ORIENTED_EDGE('',*,*,#1533,.T.);
#1974=ORIENTED_EDGE('',*,*,#1559,.F.);
#1975=ORIENTED_EDGE('',*,*,#1560,.F.);
#1976=ORIENTED_EDGE('',*,*,#1561,.T.);
#1977=ORIENTED_EDGE('',*,*,#1529,.T.);
#1978=ORIENTED_EDGE('',*,*,#1561,.F.);
#1979=ORIENTED_EDGE('',*,*,#1562,.F.);
#1980=ORIENTED_EDGE('',*,*,#1563,.T.);
#1981=ORIENTED_EDGE('',*,*,#1537,.T.);
#1982=ORIENTED_EDGE('',*,*,#1563,.F.);
#1983=ORIENTED_EDGE('',*,*,#1564,.F.);
#1984=ORIENTED_EDGE('',*,*,#1565,.T.);
#1985=ORIENTED_EDGE('',*,*,#1525,.T.);
#1986=ORIENTED_EDGE('',*,*,#1565,.F.);
#1987=ORIENTED_EDGE('',*,*,#1566,.F.);
#1988=ORIENTED_EDGE('',*,*,#1567,.T.);
#1989=ORIENTED_EDGE('',*,*,#1568,.T.);
#1990=ORIENTED_EDGE('',*,*,#1569,.T.);
#1991=ORIENTED_EDGE('',*,*,#1570,.F.);
#1992=ORIENTED_EDGE('',*,*,#1569,.F.);
#1993=ORIENTED_EDGE('',*,*,#1571,.F.);
#1994=ORIENTED_EDGE('',*,*,#1572,.T.);
#1995=ORIENTED_EDGE('',*,*,#1573,.T.);
#1996=ORIENTED_EDGE('',*,*,#1574,.T.);
#1997=ORIENTED_EDGE('',*,*,#1566,.T.);
#1998=ORIENTED_EDGE('',*,*,#1570,.T.);
#1999=ORIENTED_EDGE('',*,*,#1575,.T.);
#2000=ORIENTED_EDGE('',*,*,#1564,.T.);
#2001=ORIENTED_EDGE('',*,*,#1562,.T.);
#2002=ORIENTED_EDGE('',*,*,#1560,.T.);
#2003=ORIENTED_EDGE('',*,*,#1558,.T.);
#2004=ORIENTED_EDGE('',*,*,#1556,.T.);
#2005=ORIENTED_EDGE('',*,*,#1554,.T.);
#2006=ORIENTED_EDGE('',*,*,#1552,.T.);
#2007=ORIENTED_EDGE('',*,*,#1550,.T.);
#2008=ORIENTED_EDGE('',*,*,#1576,.F.);
#2009=ORIENTED_EDGE('',*,*,#1577,.T.);
#2010=ORIENTED_EDGE('',*,*,#1575,.F.);
#2011=ORIENTED_EDGE('',*,*,#1577,.F.);
#2012=ORIENTED_EDGE('',*,*,#1578,.T.);
#2013=ORIENTED_EDGE('',*,*,#1571,.T.);
#2014=ORIENTED_EDGE('',*,*,#1568,.F.);
#2015=ORIENTED_EDGE('',*,*,#1579,.F.);
#2016=ORIENTED_EDGE('',*,*,#1576,.T.);
#2017=ORIENTED_EDGE('',*,*,#1546,.T.);
#2018=ORIENTED_EDGE('',*,*,#1542,.T.);
#2019=ORIENTED_EDGE('',*,*,#1538,.T.);
#2020=ORIENTED_EDGE('',*,*,#1534,.T.);
#2021=ORIENTED_EDGE('',*,*,#1530,.T.);
#2022=ORIENTED_EDGE('',*,*,#1526,.T.);
#2023=ORIENTED_EDGE('',*,*,#1522,.T.);
#2024=ORIENTED_EDGE('',*,*,#1518,.T.);
#2025=ORIENTED_EDGE('',*,*,#1573,.F.);
#2026=ORIENTED_EDGE('',*,*,#1572,.F.);
#2027=ORIENTED_EDGE('',*,*,#1578,.F.);
#2028=ORIENTED_EDGE('',*,*,#1580,.F.);
#2029=ORIENTED_EDGE('',*,*,#1574,.F.);
#2030=ORIENTED_EDGE('',*,*,#1580,.T.);
#2031=ORIENTED_EDGE('',*,*,#1579,.T.);
#2032=ORIENTED_EDGE('',*,*,#1567,.F.);
#2033=ORIENTED_EDGE('',*,*,#1581,.F.);
#2034=ORIENTED_EDGE('',*,*,#1582,.T.);
#2035=ORIENTED_EDGE('',*,*,#1583,.T.);
#2036=ORIENTED_EDGE('',*,*,#1582,.F.);
#2037=ORIENTED_EDGE('',*,*,#1583,.F.);
#2038=ORIENTED_EDGE('',*,*,#1584,.F.);
#2039=ORIENTED_EDGE('',*,*,#1585,.T.);
#2040=ORIENTED_EDGE('',*,*,#1586,.T.);
#2041=ORIENTED_EDGE('',*,*,#1585,.F.);
#2042=ORIENTED_EDGE('',*,*,#1586,.F.);
#2043=ORIENTED_EDGE('',*,*,#1587,.F.);
#2044=ORIENTED_EDGE('',*,*,#1588,.T.);
#2045=ORIENTED_EDGE('',*,*,#1589,.T.);
#2046=ORIENTED_EDGE('',*,*,#1588,.F.);
#2047=ORIENTED_EDGE('',*,*,#1589,.F.);
#2048=ORIENTED_EDGE('',*,*,#1590,.F.);
#2049=ORIENTED_EDGE('',*,*,#1591,.T.);
#2050=ORIENTED_EDGE('',*,*,#1592,.T.);
#2051=ORIENTED_EDGE('',*,*,#1591,.F.);
#2052=ORIENTED_EDGE('',*,*,#1592,.F.);
#2053=ORIENTED_EDGE('',*,*,#1593,.F.);
#2054=ORIENTED_EDGE('',*,*,#1594,.T.);
#2055=ORIENTED_EDGE('',*,*,#1595,.T.);
#2056=ORIENTED_EDGE('',*,*,#1594,.F.);
#2057=ORIENTED_EDGE('',*,*,#1595,.F.);
#2058=ORIENTED_EDGE('',*,*,#1596,.F.);
#2059=ORIENTED_EDGE('',*,*,#1597,.T.);
#2060=ORIENTED_EDGE('',*,*,#1598,.T.);
#2061=ORIENTED_EDGE('',*,*,#1597,.F.);
#2062=ORIENTED_EDGE('',*,*,#1598,.F.);
#2063=ORIENTED_EDGE('',*,*,#1599,.F.);
#2064=ORIENTED_EDGE('',*,*,#1600,.T.);
#2065=ORIENTED_EDGE('',*,*,#1601,.T.);
#2066=ORIENTED_EDGE('',*,*,#1600,.F.);
#2067=ORIENTED_EDGE('',*,*,#1601,.F.);
#2068=ORIENTED_EDGE('',*,*,#1602,.F.);
#2069=ORIENTED_EDGE('',*,*,#1603,.T.);
#2070=ORIENTED_EDGE('',*,*,#1604,.T.);
#2071=ORIENTED_EDGE('',*,*,#1603,.F.);
#2072=ORIENTED_EDGE('',*,*,#1604,.F.);
#2073=ORIENTED_EDGE('',*,*,#1605,.T.);
#2074=ORIENTED_EDGE('',*,*,#1606,.F.);
#2075=ORIENTED_EDGE('',*,*,#1607,.T.);
#2076=ORIENTED_EDGE('',*,*,#1608,.F.);
#2077=ORIENTED_EDGE('',*,*,#1609,.F.);
#2078=ORIENTED_EDGE('',*,*,#1607,.F.);
#2079=ORIENTED_EDGE('',*,*,#1610,.F.);
#2080=ORIENTED_EDGE('',*,*,#1611,.F.);
#2081=ORIENTED_EDGE('',*,*,#1611,.T.);
#2082=ORIENTED_EDGE('',*,*,#1612,.F.);
#2083=ORIENTED_EDGE('',*,*,#1613,.F.);
#2084=ORIENTED_EDGE('',*,*,#1614,.T.);
#2085=ORIENTED_EDGE('',*,*,#1615,.T.);
#2086=ORIENTED_EDGE('',*,*,#1616,.T.);
#2087=ORIENTED_EDGE('',*,*,#1617,.T.);
#2088=ORIENTED_EDGE('',*,*,#1618,.T.);
#2089=ORIENTED_EDGE('',*,*,#1619,.T.);
#2090=ORIENTED_EDGE('',*,*,#1610,.T.);
#2091=ORIENTED_EDGE('',*,*,#1606,.T.);
#2092=ORIENTED_EDGE('',*,*,#1620,.T.);
#2093=ORIENTED_EDGE('',*,*,#1621,.T.);
#2094=ORIENTED_EDGE('',*,*,#1622,.T.);
#2095=ORIENTED_EDGE('',*,*,#1612,.T.);
#2096=ORIENTED_EDGE('',*,*,#1623,.F.);
#2097=ORIENTED_EDGE('',*,*,#1624,.F.);
#2098=ORIENTED_EDGE('',*,*,#1621,.F.);
#2099=ORIENTED_EDGE('',*,*,#1625,.F.);
#2100=ORIENTED_EDGE('',*,*,#1626,.F.);
#2101=ORIENTED_EDGE('',*,*,#1627,.F.);
#2102=ORIENTED_EDGE('',*,*,#1628,.F.);
#2103=ORIENTED_EDGE('',*,*,#1629,.F.);
#2104=ORIENTED_EDGE('',*,*,#1630,.F.);
#2105=ORIENTED_EDGE('',*,*,#1631,.F.);
#2106=ORIENTED_EDGE('',*,*,#1632,.F.);
#2107=ORIENTED_EDGE('',*,*,#1633,.F.);
#2108=ORIENTED_EDGE('',*,*,#1634,.F.);
#2109=ORIENTED_EDGE('',*,*,#1635,.F.);
#2110=ORIENTED_EDGE('',*,*,#1636,.F.);
#2111=ORIENTED_EDGE('',*,*,#1637,.F.);
#2112=ORIENTED_EDGE('',*,*,#1638,.F.);
#2113=ORIENTED_EDGE('',*,*,#1639,.F.);
#2114=ORIENTED_EDGE('',*,*,#1640,.F.);
#2115=ORIENTED_EDGE('',*,*,#1641,.F.);
#2116=ORIENTED_EDGE('',*,*,#1642,.F.);
#2117=ORIENTED_EDGE('',*,*,#1643,.F.);
#2118=ORIENTED_EDGE('',*,*,#1644,.F.);
#2119=ORIENTED_EDGE('',*,*,#1645,.F.);
#2120=ORIENTED_EDGE('',*,*,#1646,.F.);
#2121=ORIENTED_EDGE('',*,*,#1647,.F.);
#2122=ORIENTED_EDGE('',*,*,#1648,.F.);
#2123=ORIENTED_EDGE('',*,*,#1649,.F.);
#2124=ORIENTED_EDGE('',*,*,#1650,.F.);
#2125=ORIENTED_EDGE('',*,*,#1651,.F.);
#2126=ORIENTED_EDGE('',*,*,#1652,.F.);
#2127=ORIENTED_EDGE('',*,*,#1653,.F.);
#2128=ORIENTED_EDGE('',*,*,#1602,.T.);
#2129=ORIENTED_EDGE('',*,*,#1599,.T.);
#2130=ORIENTED_EDGE('',*,*,#1596,.T.);
#2131=ORIENTED_EDGE('',*,*,#1593,.T.);
#2132=ORIENTED_EDGE('',*,*,#1590,.T.);
#2133=ORIENTED_EDGE('',*,*,#1587,.T.);
#2134=ORIENTED_EDGE('',*,*,#1584,.T.);
#2135=ORIENTED_EDGE('',*,*,#1581,.T.);
#2136=ORIENTED_EDGE('',*,*,#1638,.T.);
#2137=ORIENTED_EDGE('',*,*,#1654,.F.);
#2138=ORIENTED_EDGE('',*,*,#1655,.F.);
#2139=ORIENTED_EDGE('',*,*,#1656,.F.);
#2140=ORIENTED_EDGE('',*,*,#1637,.T.);
#2141=ORIENTED_EDGE('',*,*,#1657,.F.);
#2142=ORIENTED_EDGE('',*,*,#1658,.F.);
#2143=ORIENTED_EDGE('',*,*,#1654,.T.);
#2144=ORIENTED_EDGE('',*,*,#1636,.T.);
#2145=ORIENTED_EDGE('',*,*,#1659,.F.);
#2146=ORIENTED_EDGE('',*,*,#1660,.F.);
#2147=ORIENTED_EDGE('',*,*,#1657,.T.);
#2148=ORIENTED_EDGE('',*,*,#1635,.T.);
#2149=ORIENTED_EDGE('',*,*,#1661,.T.);
#2150=ORIENTED_EDGE('',*,*,#1662,.F.);
#2151=ORIENTED_EDGE('',*,*,#1659,.T.);
#2152=ORIENTED_EDGE('',*,*,#1634,.T.);
#2153=ORIENTED_EDGE('',*,*,#1663,.T.);
#2154=ORIENTED_EDGE('',*,*,#1664,.F.);
#2155=ORIENTED_EDGE('',*,*,#1661,.F.);
#2156=ORIENTED_EDGE('',*,*,#1633,.T.);
#2157=ORIENTED_EDGE('',*,*,#1665,.F.);
#2158=ORIENTED_EDGE('',*,*,#1666,.F.);
#2159=ORIENTED_EDGE('',*,*,#1663,.F.);
#2160=ORIENTED_EDGE('',*,*,#1632,.T.);
#2161=ORIENTED_EDGE('',*,*,#1667,.T.);
#2162=ORIENTED_EDGE('',*,*,#1668,.F.);
#2163=ORIENTED_EDGE('',*,*,#1665,.T.);
#2164=ORIENTED_EDGE('',*,*,#1631,.T.);
#2165=ORIENTED_EDGE('',*,*,#1669,.F.);
#2166=ORIENTED_EDGE('',*,*,#1670,.F.);
#2167=ORIENTED_EDGE('',*,*,#1667,.F.);
#2168=ORIENTED_EDGE('',*,*,#1630,.T.);
#2169=ORIENTED_EDGE('',*,*,#1671,.F.);
#2170=ORIENTED_EDGE('',*,*,#1672,.F.);
#2171=ORIENTED_EDGE('',*,*,#1669,.T.);
#2172=ORIENTED_EDGE('',*,*,#1629,.T.);
#2173=ORIENTED_EDGE('',*,*,#1673,.F.);
#2174=ORIENTED_EDGE('',*,*,#1674,.F.);
#2175=ORIENTED_EDGE('',*,*,#1671,.T.);
#2176=ORIENTED_EDGE('',*,*,#1628,.T.);
#2177=ORIENTED_EDGE('',*,*,#1675,.T.);
#2178=ORIENTED_EDGE('',*,*,#1676,.F.);
#2179=ORIENTED_EDGE('',*,*,#1673,.T.);
#2180=ORIENTED_EDGE('',*,*,#1627,.T.);
#2181=ORIENTED_EDGE('',*,*,#1677,.F.);
#2182=ORIENTED_EDGE('',*,*,#1678,.F.);
#2183=ORIENTED_EDGE('',*,*,#1675,.F.);
#2184=ORIENTED_EDGE('',*,*,#1626,.T.);
#2185=ORIENTED_EDGE('',*,*,#1679,.F.);
#2186=ORIENTED_EDGE('',*,*,#1680,.F.);
#2187=ORIENTED_EDGE('',*,*,#1677,.T.);
#2188=ORIENTED_EDGE('',*,*,#1653,.T.);
#2189=ORIENTED_EDGE('',*,*,#1681,.T.);
#2190=ORIENTED_EDGE('',*,*,#1682,.F.);
#2191=ORIENTED_EDGE('',*,*,#1679,.T.);
#2192=ORIENTED_EDGE('',*,*,#1625,.T.);
#2193=ORIENTED_EDGE('',*,*,#1620,.F.);
#2194=ORIENTED_EDGE('',*,*,#1605,.F.);
#2195=ORIENTED_EDGE('',*,*,#1683,.T.);
#2196=ORIENTED_EDGE('',*,*,#1644,.T.);
#2197=ORIENTED_EDGE('',*,*,#1684,.F.);
#2198=ORIENTED_EDGE('',*,*,#1685,.F.);
#2199=ORIENTED_EDGE('',*,*,#1686,.T.);
#2200=ORIENTED_EDGE('',*,*,#1643,.T.);
#2201=ORIENTED_EDGE('',*,*,#1687,.F.);
#2202=ORIENTED_EDGE('',*,*,#1688,.F.);
#2203=ORIENTED_EDGE('',*,*,#1684,.T.);
#2204=ORIENTED_EDGE('',*,*,#1645,.T.);
#2205=ORIENTED_EDGE('',*,*,#1686,.F.);
#2206=ORIENTED_EDGE('',*,*,#1689,.F.);
#2207=ORIENTED_EDGE('',*,*,#1690,.F.);
#2208=ORIENTED_EDGE('',*,*,#1646,.T.);
#2209=ORIENTED_EDGE('',*,*,#1690,.T.);
#2210=ORIENTED_EDGE('',*,*,#1691,.F.);
#2211=ORIENTED_EDGE('',*,*,#1692,.T.);
#2212=ORIENTED_EDGE('',*,*,#1639,.T.);
#2213=ORIENTED_EDGE('',*,*,#1656,.T.);
#2214=ORIENTED_EDGE('',*,*,#1693,.F.);
#2215=ORIENTED_EDGE('',*,*,#1694,.T.);
#2216=ORIENTED_EDGE('',*,*,#1652,.T.);
#2217=ORIENTED_EDGE('',*,*,#1695,.F.);
#2218=ORIENTED_EDGE('',*,*,#1696,.F.);
#2219=ORIENTED_EDGE('',*,*,#1681,.F.);
#2220=ORIENTED_EDGE('',*,*,#1651,.T.);
#2221=ORIENTED_EDGE('',*,*,#1697,.F.);
#2222=ORIENTED_EDGE('',*,*,#1698,.F.);
#2223=ORIENTED_EDGE('',*,*,#1695,.T.);
#2224=ORIENTED_EDGE('',*,*,#1650,.T.);
#2225=ORIENTED_EDGE('',*,*,#1699,.F.);
#2226=ORIENTED_EDGE('',*,*,#1700,.F.);
#2227=ORIENTED_EDGE('',*,*,#1697,.T.);
#2228=ORIENTED_EDGE('',*,*,#1688,.T.);
#2229=ORIENTED_EDGE('',*,*,#1701,.T.);
#2230=ORIENTED_EDGE('',*,*,#1702,.T.);
#2231=ORIENTED_EDGE('',*,*,#1703,.T.);
#2232=ORIENTED_EDGE('',*,*,#1693,.T.);
#2233=ORIENTED_EDGE('',*,*,#1655,.T.);
#2234=ORIENTED_EDGE('',*,*,#1658,.T.);
#2235=ORIENTED_EDGE('',*,*,#1660,.T.);
#2236=ORIENTED_EDGE('',*,*,#1662,.T.);
#2237=ORIENTED_EDGE('',*,*,#1664,.T.);
#2238=ORIENTED_EDGE('',*,*,#1666,.T.);
#2239=ORIENTED_EDGE('',*,*,#1668,.T.);
#2240=ORIENTED_EDGE('',*,*,#1670,.T.);
#2241=ORIENTED_EDGE('',*,*,#1672,.T.);
#2242=ORIENTED_EDGE('',*,*,#1674,.T.);
#2243=ORIENTED_EDGE('',*,*,#1676,.T.);
#2244=ORIENTED_EDGE('',*,*,#1678,.T.);
#2245=ORIENTED_EDGE('',*,*,#1680,.T.);
#2246=ORIENTED_EDGE('',*,*,#1682,.T.);
#2247=ORIENTED_EDGE('',*,*,#1696,.T.);
#2248=ORIENTED_EDGE('',*,*,#1698,.T.);
#2249=ORIENTED_EDGE('',*,*,#1700,.T.);
#2250=ORIENTED_EDGE('',*,*,#1704,.T.);
#2251=ORIENTED_EDGE('',*,*,#1705,.T.);
#2252=ORIENTED_EDGE('',*,*,#1706,.T.);
#2253=ORIENTED_EDGE('',*,*,#1691,.T.);
#2254=ORIENTED_EDGE('',*,*,#1689,.T.);
#2255=ORIENTED_EDGE('',*,*,#1685,.T.);
#2256=ORIENTED_EDGE('',*,*,#1707,.T.);
#2257=ORIENTED_EDGE('',*,*,#1708,.T.);
#2258=ORIENTED_EDGE('',*,*,#1709,.T.);
#2259=ORIENTED_EDGE('',*,*,#1710,.T.);
#2260=ORIENTED_EDGE('',*,*,#1711,.T.);
#2261=ORIENTED_EDGE('',*,*,#1712,.T.);
#2262=ORIENTED_EDGE('',*,*,#1713,.T.);
#2263=ORIENTED_EDGE('',*,*,#1714,.T.);
#2264=ORIENTED_EDGE('',*,*,#1715,.T.);
#2265=ORIENTED_EDGE('',*,*,#1716,.T.);
#2266=ORIENTED_EDGE('',*,*,#1717,.T.);
#2267=ORIENTED_EDGE('',*,*,#1718,.T.);
#2268=ORIENTED_EDGE('',*,*,#1719,.T.);
#2269=ORIENTED_EDGE('',*,*,#1648,.T.);
#2270=ORIENTED_EDGE('',*,*,#1720,.F.);
#2271=ORIENTED_EDGE('',*,*,#1705,.F.);
#2272=ORIENTED_EDGE('',*,*,#1721,.F.);
#2273=ORIENTED_EDGE('',*,*,#1647,.T.);
#2274=ORIENTED_EDGE('',*,*,#1692,.F.);
#2275=ORIENTED_EDGE('',*,*,#1706,.F.);
#2276=ORIENTED_EDGE('',*,*,#1720,.T.);
#2277=ORIENTED_EDGE('',*,*,#1649,.T.);
#2278=ORIENTED_EDGE('',*,*,#1721,.T.);
#2279=ORIENTED_EDGE('',*,*,#1704,.F.);
#2280=ORIENTED_EDGE('',*,*,#1699,.T.);
#2281=ORIENTED_EDGE('',*,*,#1641,.T.);
#2282=ORIENTED_EDGE('',*,*,#1722,.F.);
#2283=ORIENTED_EDGE('',*,*,#1702,.F.);
#2284=ORIENTED_EDGE('',*,*,#1723,.F.);
#2285=ORIENTED_EDGE('',*,*,#1640,.T.);
#2286=ORIENTED_EDGE('',*,*,#1694,.F.);
#2287=ORIENTED_EDGE('',*,*,#1703,.F.);
#2288=ORIENTED_EDGE('',*,*,#1722,.T.);
#2289=ORIENTED_EDGE('',*,*,#1642,.T.);
#2290=ORIENTED_EDGE('',*,*,#1723,.T.);
#2291=ORIENTED_EDGE('',*,*,#1701,.F.);
#2292=ORIENTED_EDGE('',*,*,#1687,.T.);
#2293=ORIENTED_EDGE('',*,*,#1624,.T.);
#2294=ORIENTED_EDGE('',*,*,#1724,.T.);
#2295=ORIENTED_EDGE('',*,*,#1613,.T.);
#2296=ORIENTED_EDGE('',*,*,#1622,.F.);
#2297=ORIENTED_EDGE('',*,*,#1725,.F.);
#2298=ORIENTED_EDGE('',*,*,#1726,.T.);
#2299=ORIENTED_EDGE('',*,*,#1727,.T.);
#2300=ORIENTED_EDGE('',*,*,#1726,.F.);
#2301=ORIENTED_EDGE('',*,*,#1727,.F.);
#2302=ORIENTED_EDGE('',*,*,#1728,.F.);
#2303=ORIENTED_EDGE('',*,*,#1729,.T.);
#2304=ORIENTED_EDGE('',*,*,#1730,.T.);
#2305=ORIENTED_EDGE('',*,*,#1729,.F.);
#2306=ORIENTED_EDGE('',*,*,#1730,.F.);
#2307=ORIENTED_EDGE('',*,*,#1609,.T.);
#2308=ORIENTED_EDGE('',*,*,#1614,.F.);
#2309=ORIENTED_EDGE('',*,*,#1724,.F.);
#2310=ORIENTED_EDGE('',*,*,#1623,.T.);
#2311=ORIENTED_EDGE('',*,*,#1683,.F.);
#2312=ORIENTED_EDGE('',*,*,#1608,.T.);
#2313=ORIENTED_EDGE('',*,*,#1725,.T.);
#2314=ORIENTED_EDGE('',*,*,#1728,.T.);
#2315=ORIENTED_EDGE('',*,*,#1619,.F.);
#2316=ORIENTED_EDGE('',*,*,#1731,.T.);
#2317=ORIENTED_EDGE('',*,*,#1732,.T.);
#2318=ORIENTED_EDGE('',*,*,#1731,.F.);
#2319=ORIENTED_EDGE('',*,*,#1732,.F.);
#2320=ORIENTED_EDGE('',*,*,#1618,.F.);
#2321=ORIENTED_EDGE('',*,*,#1733,.T.);
#2322=ORIENTED_EDGE('',*,*,#1734,.T.);
#2323=ORIENTED_EDGE('',*,*,#1733,.F.);
#2324=ORIENTED_EDGE('',*,*,#1734,.F.);
#2325=ORIENTED_EDGE('',*,*,#1617,.F.);
#2326=ORIENTED_EDGE('',*,*,#1735,.T.);
#2327=ORIENTED_EDGE('',*,*,#1736,.T.);
#2328=ORIENTED_EDGE('',*,*,#1735,.F.);
#2329=ORIENTED_EDGE('',*,*,#1736,.F.);
#2330=ORIENTED_EDGE('',*,*,#1616,.F.);
#2331=ORIENTED_EDGE('',*,*,#1737,.T.);
#2332=ORIENTED_EDGE('',*,*,#1738,.T.);
#2333=ORIENTED_EDGE('',*,*,#1737,.F.);
#2334=ORIENTED_EDGE('',*,*,#1738,.F.);
#2335=ORIENTED_EDGE('',*,*,#1615,.F.);
#2336=ORIENTED_EDGE('',*,*,#1739,.T.);
#2337=ORIENTED_EDGE('',*,*,#1712,.F.);
#2338=ORIENTED_EDGE('',*,*,#1709,.F.);
#2339=ORIENTED_EDGE('',*,*,#1719,.F.);
#2340=ORIENTED_EDGE('',*,*,#1716,.F.);
#2341=ORIENTED_EDGE('',*,*,#1713,.F.);
#2342=ORIENTED_EDGE('',*,*,#1739,.F.);
#2343=ORIENTED_EDGE('',*,*,#1740,.F.);
#2344=ORIENTED_EDGE('',*,*,#1741,.T.);
#2345=ORIENTED_EDGE('',*,*,#1717,.F.);
#2346=ORIENTED_EDGE('',*,*,#1718,.F.);
#2347=ORIENTED_EDGE('',*,*,#1741,.F.);
#2348=ORIENTED_EDGE('',*,*,#1740,.T.);
#2349=ORIENTED_EDGE('',*,*,#1742,.F.);
#2350=ORIENTED_EDGE('',*,*,#1743,.T.);
#2351=ORIENTED_EDGE('',*,*,#1710,.F.);
#2352=ORIENTED_EDGE('',*,*,#1711,.F.);
#2353=ORIENTED_EDGE('',*,*,#1743,.F.);
#2354=ORIENTED_EDGE('',*,*,#1742,.T.);
#2355=ORIENTED_EDGE('',*,*,#1744,.F.);
#2356=ORIENTED_EDGE('',*,*,#1745,.T.);
#2357=ORIENTED_EDGE('',*,*,#1714,.F.);
#2358=ORIENTED_EDGE('',*,*,#1715,.F.);
#2359=ORIENTED_EDGE('',*,*,#1745,.F.);
#2360=ORIENTED_EDGE('',*,*,#1744,.T.);
#2361=ORIENTED_EDGE('',*,*,#1746,.F.);
#2362=ORIENTED_EDGE('',*,*,#1747,.T.);
#2363=ORIENTED_EDGE('',*,*,#1707,.F.);
#2364=ORIENTED_EDGE('',*,*,#1708,.F.);
#2365=ORIENTED_EDGE('',*,*,#1747,.F.);
#2366=ORIENTED_EDGE('',*,*,#1746,.T.);
#2367=ORIENTED_EDGE('',*,*,#1748,.T.);
#2368=ORIENTED_EDGE('',*,*,#1749,.T.);
#2369=ORIENTED_EDGE('',*,*,#1750,.F.);
#2370=ORIENTED_EDGE('',*,*,#1751,.F.);
#2371=ORIENTED_EDGE('',*,*,#1752,.T.);
#2372=ORIENTED_EDGE('',*,*,#1751,.T.);
#2373=ORIENTED_EDGE('',*,*,#1753,.F.);
#2374=ORIENTED_EDGE('',*,*,#1754,.F.);
#2375=ORIENTED_EDGE('',*,*,#1755,.T.);
#2376=ORIENTED_EDGE('',*,*,#1754,.T.);
#2377=ORIENTED_EDGE('',*,*,#1756,.F.);
#2378=ORIENTED_EDGE('',*,*,#1757,.F.);
#2379=ORIENTED_EDGE('',*,*,#1758,.T.);
#2380=ORIENTED_EDGE('',*,*,#1757,.T.);
#2381=ORIENTED_EDGE('',*,*,#1759,.F.);
#2382=ORIENTED_EDGE('',*,*,#1760,.F.);
#2383=ORIENTED_EDGE('',*,*,#1761,.T.);
#2384=ORIENTED_EDGE('',*,*,#1760,.T.);
#2385=ORIENTED_EDGE('',*,*,#1762,.F.);
#2386=ORIENTED_EDGE('',*,*,#1763,.F.);
#2387=ORIENTED_EDGE('',*,*,#1764,.T.);
#2388=ORIENTED_EDGE('',*,*,#1763,.T.);
#2389=ORIENTED_EDGE('',*,*,#1765,.F.);
#2390=ORIENTED_EDGE('',*,*,#1766,.F.);
#2391=ORIENTED_EDGE('',*,*,#1767,.T.);
#2392=ORIENTED_EDGE('',*,*,#1766,.T.);
#2393=ORIENTED_EDGE('',*,*,#1768,.F.);
#2394=ORIENTED_EDGE('',*,*,#1769,.F.);
#2395=ORIENTED_EDGE('',*,*,#1770,.T.);
#2396=ORIENTED_EDGE('',*,*,#1769,.T.);
#2397=ORIENTED_EDGE('',*,*,#1771,.F.);
#2398=ORIENTED_EDGE('',*,*,#1772,.F.);
#2399=ORIENTED_EDGE('',*,*,#1773,.T.);
#2400=ORIENTED_EDGE('',*,*,#1772,.T.);
#2401=ORIENTED_EDGE('',*,*,#1774,.F.);
#2402=ORIENTED_EDGE('',*,*,#1775,.F.);
#2403=ORIENTED_EDGE('',*,*,#1776,.T.);
#2404=ORIENTED_EDGE('',*,*,#1775,.T.);
#2405=ORIENTED_EDGE('',*,*,#1777,.F.);
#2406=ORIENTED_EDGE('',*,*,#1778,.F.);
#2407=ORIENTED_EDGE('',*,*,#1779,.T.);
#2408=ORIENTED_EDGE('',*,*,#1778,.T.);
#2409=ORIENTED_EDGE('',*,*,#1780,.F.);
#2410=ORIENTED_EDGE('',*,*,#1781,.F.);
#2411=ORIENTED_EDGE('',*,*,#1782,.T.);
#2412=ORIENTED_EDGE('',*,*,#1781,.T.);
#2413=ORIENTED_EDGE('',*,*,#1783,.F.);
#2414=ORIENTED_EDGE('',*,*,#1784,.F.);
#2415=ORIENTED_EDGE('',*,*,#1785,.T.);
#2416=ORIENTED_EDGE('',*,*,#1784,.T.);
#2417=ORIENTED_EDGE('',*,*,#1786,.F.);
#2418=ORIENTED_EDGE('',*,*,#1787,.F.);
#2419=ORIENTED_EDGE('',*,*,#1788,.T.);
#2420=ORIENTED_EDGE('',*,*,#1787,.T.);
#2421=ORIENTED_EDGE('',*,*,#1789,.F.);
#2422=ORIENTED_EDGE('',*,*,#1790,.F.);
#2423=ORIENTED_EDGE('',*,*,#1791,.T.);
#2424=ORIENTED_EDGE('',*,*,#1790,.T.);
#2425=ORIENTED_EDGE('',*,*,#1792,.F.);
#2426=ORIENTED_EDGE('',*,*,#1793,.F.);
#2427=ORIENTED_EDGE('',*,*,#1794,.T.);
#2428=ORIENTED_EDGE('',*,*,#1793,.T.);
#2429=ORIENTED_EDGE('',*,*,#1795,.F.);
#2430=ORIENTED_EDGE('',*,*,#1796,.F.);
#2431=ORIENTED_EDGE('',*,*,#1797,.T.);
#2432=ORIENTED_EDGE('',*,*,#1796,.T.);
#2433=ORIENTED_EDGE('',*,*,#1798,.F.);
#2434=ORIENTED_EDGE('',*,*,#1799,.F.);
#2435=ORIENTED_EDGE('',*,*,#1800,.T.);
#2436=ORIENTED_EDGE('',*,*,#1799,.T.);
#2437=ORIENTED_EDGE('',*,*,#1801,.F.);
#2438=ORIENTED_EDGE('',*,*,#1802,.F.);
#2439=ORIENTED_EDGE('',*,*,#1803,.T.);
#2440=ORIENTED_EDGE('',*,*,#1802,.T.);
#2441=ORIENTED_EDGE('',*,*,#1804,.F.);
#2442=ORIENTED_EDGE('',*,*,#1805,.F.);
#2443=ORIENTED_EDGE('',*,*,#1806,.T.);
#2444=ORIENTED_EDGE('',*,*,#1805,.T.);
#2445=ORIENTED_EDGE('',*,*,#1807,.F.);
#2446=ORIENTED_EDGE('',*,*,#1808,.F.);
#2447=ORIENTED_EDGE('',*,*,#1809,.T.);
#2448=ORIENTED_EDGE('',*,*,#1808,.T.);
#2449=ORIENTED_EDGE('',*,*,#1810,.F.);
#2450=ORIENTED_EDGE('',*,*,#1811,.F.);
#2451=ORIENTED_EDGE('',*,*,#1812,.T.);
#2452=ORIENTED_EDGE('',*,*,#1811,.T.);
#2453=ORIENTED_EDGE('',*,*,#1813,.F.);
#2454=ORIENTED_EDGE('',*,*,#1814,.F.);
#2455=ORIENTED_EDGE('',*,*,#1815,.T.);
#2456=ORIENTED_EDGE('',*,*,#1814,.T.);
#2457=ORIENTED_EDGE('',*,*,#1816,.F.);
#2458=ORIENTED_EDGE('',*,*,#1817,.F.);
#2459=ORIENTED_EDGE('',*,*,#1818,.T.);
#2460=ORIENTED_EDGE('',*,*,#1817,.T.);
#2461=ORIENTED_EDGE('',*,*,#1819,.F.);
#2462=ORIENTED_EDGE('',*,*,#1820,.F.);
#2463=ORIENTED_EDGE('',*,*,#1821,.T.);
#2464=ORIENTED_EDGE('',*,*,#1820,.T.);
#2465=ORIENTED_EDGE('',*,*,#1822,.F.);
#2466=ORIENTED_EDGE('',*,*,#1823,.F.);
#2467=ORIENTED_EDGE('',*,*,#1824,.T.);
#2468=ORIENTED_EDGE('',*,*,#1823,.T.);
#2469=ORIENTED_EDGE('',*,*,#1825,.F.);
#2470=ORIENTED_EDGE('',*,*,#1826,.F.);
#2471=ORIENTED_EDGE('',*,*,#1827,.T.);
#2472=ORIENTED_EDGE('',*,*,#1826,.T.);
#2473=ORIENTED_EDGE('',*,*,#1828,.F.);
#2474=ORIENTED_EDGE('',*,*,#1829,.F.);
#2475=ORIENTED_EDGE('',*,*,#1830,.T.);
#2476=ORIENTED_EDGE('',*,*,#1829,.T.);
#2477=ORIENTED_EDGE('',*,*,#1831,.F.);
#2478=ORIENTED_EDGE('',*,*,#1749,.F.);
#2479=ORIENTED_EDGE('',*,*,#1832,.F.);
#2480=ORIENTED_EDGE('',*,*,#1833,.T.);
#2481=ORIENTED_EDGE('',*,*,#1834,.T.);
#2482=ORIENTED_EDGE('',*,*,#1833,.F.);
#2483=ORIENTED_EDGE('',*,*,#1835,.F.);
#2484=ORIENTED_EDGE('',*,*,#1836,.T.);
#2485=ORIENTED_EDGE('',*,*,#1837,.T.);
#2486=ORIENTED_EDGE('',*,*,#1836,.F.);
#2487=ORIENTED_EDGE('',*,*,#1838,.F.);
#2488=ORIENTED_EDGE('',*,*,#1839,.T.);
#2489=ORIENTED_EDGE('',*,*,#1840,.T.);
#2490=ORIENTED_EDGE('',*,*,#1839,.F.);
#2491=ORIENTED_EDGE('',*,*,#1841,.F.);
#2492=ORIENTED_EDGE('',*,*,#1842,.T.);
#2493=ORIENTED_EDGE('',*,*,#1843,.T.);
#2494=ORIENTED_EDGE('',*,*,#1842,.F.);
#2495=ORIENTED_EDGE('',*,*,#1844,.F.);
#2496=ORIENTED_EDGE('',*,*,#1845,.T.);
#2497=ORIENTED_EDGE('',*,*,#1846,.T.);
#2498=ORIENTED_EDGE('',*,*,#1845,.F.);
#2499=ORIENTED_EDGE('',*,*,#1847,.F.);
#2500=ORIENTED_EDGE('',*,*,#1848,.T.);
#2501=ORIENTED_EDGE('',*,*,#1849,.T.);
#2502=ORIENTED_EDGE('',*,*,#1848,.F.);
#2503=ORIENTED_EDGE('',*,*,#1850,.F.);
#2504=ORIENTED_EDGE('',*,*,#1851,.T.);
#2505=ORIENTED_EDGE('',*,*,#1852,.T.);
#2506=ORIENTED_EDGE('',*,*,#1851,.F.);
#2507=ORIENTED_EDGE('',*,*,#1853,.F.);
#2508=ORIENTED_EDGE('',*,*,#1854,.T.);
#2509=ORIENTED_EDGE('',*,*,#1855,.T.);
#2510=ORIENTED_EDGE('',*,*,#1854,.F.);
#2511=ORIENTED_EDGE('',*,*,#1856,.T.);
#2512=ORIENTED_EDGE('',*,*,#1857,.T.);
#2513=ORIENTED_EDGE('',*,*,#1858,.F.);
#2514=ORIENTED_EDGE('',*,*,#1859,.F.);
#2515=ORIENTED_EDGE('',*,*,#1860,.F.);
#2516=ORIENTED_EDGE('',*,*,#1859,.T.);
#2517=ORIENTED_EDGE('',*,*,#1861,.F.);
#2518=ORIENTED_EDGE('',*,*,#1862,.F.);
#2519=ORIENTED_EDGE('',*,*,#1863,.T.);
#2520=ORIENTED_EDGE('',*,*,#1862,.T.);
#2521=ORIENTED_EDGE('',*,*,#1864,.F.);
#2522=ORIENTED_EDGE('',*,*,#1865,.F.);
#2523=ORIENTED_EDGE('',*,*,#1866,.T.);
#2524=ORIENTED_EDGE('',*,*,#1865,.T.);
#2525=ORIENTED_EDGE('',*,*,#1867,.F.);
#2526=ORIENTED_EDGE('',*,*,#1857,.F.);
#2527=ORIENTED_EDGE('',*,*,#1867,.T.);
#2528=ORIENTED_EDGE('',*,*,#1864,.T.);
#2529=ORIENTED_EDGE('',*,*,#1861,.T.);
#2530=ORIENTED_EDGE('',*,*,#1858,.T.);
#2531=ORIENTED_EDGE('',*,*,#1853,.T.);
#2532=ORIENTED_EDGE('',*,*,#1850,.T.);
#2533=ORIENTED_EDGE('',*,*,#1847,.T.);
#2534=ORIENTED_EDGE('',*,*,#1844,.T.);
#2535=ORIENTED_EDGE('',*,*,#1841,.T.);
#2536=ORIENTED_EDGE('',*,*,#1838,.T.);
#2537=ORIENTED_EDGE('',*,*,#1835,.T.);
#2538=ORIENTED_EDGE('',*,*,#1832,.T.);
#2539=ORIENTED_EDGE('',*,*,#1831,.T.);
#2540=ORIENTED_EDGE('',*,*,#1828,.T.);
#2541=ORIENTED_EDGE('',*,*,#1825,.T.);
#2542=ORIENTED_EDGE('',*,*,#1822,.T.);
#2543=ORIENTED_EDGE('',*,*,#1819,.T.);
#2544=ORIENTED_EDGE('',*,*,#1816,.T.);
#2545=ORIENTED_EDGE('',*,*,#1813,.T.);
#2546=ORIENTED_EDGE('',*,*,#1810,.T.);
#2547=ORIENTED_EDGE('',*,*,#1807,.T.);
#2548=ORIENTED_EDGE('',*,*,#1804,.T.);
#2549=ORIENTED_EDGE('',*,*,#1801,.T.);
#2550=ORIENTED_EDGE('',*,*,#1798,.T.);
#2551=ORIENTED_EDGE('',*,*,#1795,.T.);
#2552=ORIENTED_EDGE('',*,*,#1792,.T.);
#2553=ORIENTED_EDGE('',*,*,#1789,.T.);
#2554=ORIENTED_EDGE('',*,*,#1786,.T.);
#2555=ORIENTED_EDGE('',*,*,#1783,.T.);
#2556=ORIENTED_EDGE('',*,*,#1780,.T.);
#2557=ORIENTED_EDGE('',*,*,#1777,.T.);
#2558=ORIENTED_EDGE('',*,*,#1774,.T.);
#2559=ORIENTED_EDGE('',*,*,#1771,.T.);
#2560=ORIENTED_EDGE('',*,*,#1768,.T.);
#2561=ORIENTED_EDGE('',*,*,#1765,.T.);
#2562=ORIENTED_EDGE('',*,*,#1762,.T.);
#2563=ORIENTED_EDGE('',*,*,#1759,.T.);
#2564=ORIENTED_EDGE('',*,*,#1756,.T.);
#2565=ORIENTED_EDGE('',*,*,#1753,.T.);
#2566=ORIENTED_EDGE('',*,*,#1750,.T.);
#2567=ORIENTED_EDGE('',*,*,#1866,.F.);
#2568=ORIENTED_EDGE('',*,*,#1856,.F.);
#2569=ORIENTED_EDGE('',*,*,#1860,.T.);
#2570=ORIENTED_EDGE('',*,*,#1863,.F.);
#2571=ORIENTED_EDGE('',*,*,#1855,.F.);
#2572=ORIENTED_EDGE('',*,*,#1852,.F.);
#2573=ORIENTED_EDGE('',*,*,#1849,.F.);
#2574=ORIENTED_EDGE('',*,*,#1846,.F.);
#2575=ORIENTED_EDGE('',*,*,#1843,.F.);
#2576=ORIENTED_EDGE('',*,*,#1840,.F.);
#2577=ORIENTED_EDGE('',*,*,#1837,.F.);
#2578=ORIENTED_EDGE('',*,*,#1834,.F.);
#2579=ORIENTED_EDGE('',*,*,#1830,.F.);
#2580=ORIENTED_EDGE('',*,*,#1748,.F.);
#2581=ORIENTED_EDGE('',*,*,#1752,.F.);
#2582=ORIENTED_EDGE('',*,*,#1755,.F.);
#2583=ORIENTED_EDGE('',*,*,#1758,.F.);
#2584=ORIENTED_EDGE('',*,*,#1761,.F.);
#2585=ORIENTED_EDGE('',*,*,#1764,.F.);
#2586=ORIENTED_EDGE('',*,*,#1767,.F.);
#2587=ORIENTED_EDGE('',*,*,#1770,.F.);
#2588=ORIENTED_EDGE('',*,*,#1773,.F.);
#2589=ORIENTED_EDGE('',*,*,#1776,.F.);
#2590=ORIENTED_EDGE('',*,*,#1779,.F.);
#2591=ORIENTED_EDGE('',*,*,#1782,.F.);
#2592=ORIENTED_EDGE('',*,*,#1785,.F.);
#2593=ORIENTED_EDGE('',*,*,#1788,.F.);
#2594=ORIENTED_EDGE('',*,*,#1791,.F.);
#2595=ORIENTED_EDGE('',*,*,#1794,.F.);
#2596=ORIENTED_EDGE('',*,*,#1797,.F.);
#2597=ORIENTED_EDGE('',*,*,#1800,.F.);
#2598=ORIENTED_EDGE('',*,*,#1803,.F.);
#2599=ORIENTED_EDGE('',*,*,#1806,.F.);
#2600=ORIENTED_EDGE('',*,*,#1809,.F.);
#2601=ORIENTED_EDGE('',*,*,#1812,.F.);
#2602=ORIENTED_EDGE('',*,*,#1815,.F.);
#2603=ORIENTED_EDGE('',*,*,#1818,.F.);
#2604=ORIENTED_EDGE('',*,*,#1821,.F.);
#2605=ORIENTED_EDGE('',*,*,#1824,.F.);
#2606=ORIENTED_EDGE('',*,*,#1827,.F.);
#2607=ORIENTED_EDGE('',*,*,#1868,.F.);
#2608=ORIENTED_EDGE('',*,*,#1869,.F.);
#2609=ORIENTED_EDGE('',*,*,#1870,.F.);
#2610=ORIENTED_EDGE('',*,*,#1871,.F.);
#2611=ORIENTED_EDGE('',*,*,#1872,.F.);
#2612=ORIENTED_EDGE('',*,*,#1873,.F.);
#2613=ORIENTED_EDGE('',*,*,#1874,.F.);
#2614=ORIENTED_EDGE('',*,*,#1875,.F.);
#2615=ORIENTED_EDGE('',*,*,#1876,.F.);
#2616=ORIENTED_EDGE('',*,*,#1877,.F.);
#2617=ORIENTED_EDGE('',*,*,#1878,.F.);
#2618=ORIENTED_EDGE('',*,*,#1879,.F.);
#2619=ORIENTED_EDGE('',*,*,#1880,.F.);
#2620=ORIENTED_EDGE('',*,*,#1871,.T.);
#2621=ORIENTED_EDGE('',*,*,#1881,.F.);
#2622=ORIENTED_EDGE('',*,*,#1882,.F.);
#2623=ORIENTED_EDGE('',*,*,#1883,.T.);
#2624=ORIENTED_EDGE('',*,*,#1870,.T.);
#2625=ORIENTED_EDGE('',*,*,#1884,.F.);
#2626=ORIENTED_EDGE('',*,*,#1885,.T.);
#2627=ORIENTED_EDGE('',*,*,#1881,.T.);
#2628=ORIENTED_EDGE('',*,*,#1869,.T.);
#2629=ORIENTED_EDGE('',*,*,#1886,.F.);
#2630=ORIENTED_EDGE('',*,*,#1887,.F.);
#2631=ORIENTED_EDGE('',*,*,#1884,.T.);
#2632=ORIENTED_EDGE('',*,*,#1868,.T.);
#2633=ORIENTED_EDGE('',*,*,#1888,.F.);
#2634=ORIENTED_EDGE('',*,*,#1889,.T.);
#2635=ORIENTED_EDGE('',*,*,#1886,.T.);
#2636=ORIENTED_EDGE('',*,*,#1880,.T.);
#2637=ORIENTED_EDGE('',*,*,#1890,.T.);
#2638=ORIENTED_EDGE('',*,*,#1891,.T.);
#2639=ORIENTED_EDGE('',*,*,#1890,.F.);
#2640=ORIENTED_EDGE('',*,*,#1879,.T.);
#2641=ORIENTED_EDGE('',*,*,#1892,.T.);
#2642=ORIENTED_EDGE('',*,*,#1893,.T.);
#2643=ORIENTED_EDGE('',*,*,#1892,.F.);
#2644=ORIENTED_EDGE('',*,*,#1878,.T.);
#2645=ORIENTED_EDGE('',*,*,#1894,.T.);
#2646=ORIENTED_EDGE('',*,*,#1895,.T.);
#2647=ORIENTED_EDGE('',*,*,#1894,.F.);
#2648=ORIENTED_EDGE('',*,*,#1877,.T.);
#2649=ORIENTED_EDGE('',*,*,#1896,.T.);
#2650=ORIENTED_EDGE('',*,*,#1897,.T.);
#2651=ORIENTED_EDGE('',*,*,#1896,.F.);
#2652=ORIENTED_EDGE('',*,*,#1876,.T.);
#2653=ORIENTED_EDGE('',*,*,#1898,.T.);
#2654=ORIENTED_EDGE('',*,*,#1899,.T.);
#2655=ORIENTED_EDGE('',*,*,#1898,.F.);
#2656=ORIENTED_EDGE('',*,*,#1875,.T.);
#2657=ORIENTED_EDGE('',*,*,#1900,.F.);
#2658=ORIENTED_EDGE('',*,*,#1901,.F.);
#2659=ORIENTED_EDGE('',*,*,#1888,.T.);
#2660=ORIENTED_EDGE('',*,*,#1874,.T.);
#2661=ORIENTED_EDGE('',*,*,#1902,.F.);
#2662=ORIENTED_EDGE('',*,*,#1903,.T.);
#2663=ORIENTED_EDGE('',*,*,#1900,.T.);
#2664=ORIENTED_EDGE('',*,*,#1873,.T.);
#2665=ORIENTED_EDGE('',*,*,#1904,.F.);
#2666=ORIENTED_EDGE('',*,*,#1905,.F.);
#2667=ORIENTED_EDGE('',*,*,#1902,.T.);
#2668=ORIENTED_EDGE('',*,*,#1872,.T.);
#2669=ORIENTED_EDGE('',*,*,#1883,.F.);
#2670=ORIENTED_EDGE('',*,*,#1906,.T.);
#2671=ORIENTED_EDGE('',*,*,#1904,.T.);
#2672=ORIENTED_EDGE('',*,*,#1889,.F.);
#2673=ORIENTED_EDGE('',*,*,#1901,.T.);
#2674=ORIENTED_EDGE('',*,*,#1903,.F.);
#2675=ORIENTED_EDGE('',*,*,#1905,.T.);
#2676=ORIENTED_EDGE('',*,*,#1906,.F.);
#2677=ORIENTED_EDGE('',*,*,#1882,.T.);
#2678=ORIENTED_EDGE('',*,*,#1885,.F.);
#2679=ORIENTED_EDGE('',*,*,#1887,.T.);
#2680=ORIENTED_EDGE('',*,*,#1899,.F.);
#2681=ORIENTED_EDGE('',*,*,#1897,.F.);
#2682=ORIENTED_EDGE('',*,*,#1895,.F.);
#2683=ORIENTED_EDGE('',*,*,#1893,.F.);
#2684=ORIENTED_EDGE('',*,*,#1891,.F.);
#2685=CYLINDRICAL_SURFACE('',#2917,2.);
#2686=CYLINDRICAL_SURFACE('',#2922,2.);
#2687=CYLINDRICAL_SURFACE('',#2927,2.);
#2688=CYLINDRICAL_SURFACE('',#2932,1.99999999999999);
#2689=CYLINDRICAL_SURFACE('',#2937,2.);
#2690=CYLINDRICAL_SURFACE('',#2942,1.99999999999999);
#2691=CYLINDRICAL_SURFACE('',#2947,2.);
#2692=CYLINDRICAL_SURFACE('',#2952,1.99999999999999);
#2693=CYLINDRICAL_SURFACE('',#2957,1.40000000000001);
#2694=CYLINDRICAL_SURFACE('',#2959,1.40000000000001);
#2695=CYLINDRICAL_SURFACE('',#2961,1.4);
#2696=CYLINDRICAL_SURFACE('',#2963,1.40000000000001);
#2697=CYLINDRICAL_SURFACE('',#2965,1.39999999999999);
#2698=CYLINDRICAL_SURFACE('',#2967,1.4);
#2699=CYLINDRICAL_SURFACE('',#2969,1.4);
#2700=CYLINDRICAL_SURFACE('',#2971,1.40000000000001);
#2701=CYLINDRICAL_SURFACE('',#2977,1.75);
#2702=CYLINDRICAL_SURFACE('',#2982,1.65000000000003);
#2703=CYLINDRICAL_SURFACE('',#2986,1.64999999999999);
#2704=CYLINDRICAL_SURFACE('',#2990,1.64999999999999);
#2705=CYLINDRICAL_SURFACE('',#2994,1.64999999999999);
#2706=CYLINDRICAL_SURFACE('',#2998,1.64999999999999);
#2707=CYLINDRICAL_SURFACE('',#3002,1.64999999999999);
#2708=CYLINDRICAL_SURFACE('',#3006,1.64999999999999);
#2709=CYLINDRICAL_SURFACE('',#3010,1.64999999999999);
#2710=CYLINDRICAL_SURFACE('',#3068,1.65);
#2711=CYLINDRICAL_SURFACE('',#3072,1.65);
#2712=CYLINDRICAL_SURFACE('',#3077,2.4);
#2713=CYLINDRICAL_SURFACE('',#3080,2.4);
#2714=CYLINDRICAL_SURFACE('',#3083,2.4);
#2715=CYLINDRICAL_SURFACE('',#3086,2.4);
#2716=CYLINDRICAL_SURFACE('',#3089,33.);
#2717=CYLINDRICAL_SURFACE('',#3090,3.76955262170048);
#2718=CYLINDRICAL_SURFACE('',#3093,3.76955262170048);
#2719=CYLINDRICAL_SURFACE('',#3096,3.76955262170047);
#2720=CYLINDRICAL_SURFACE('',#3099,3.76955262170048);
#2721=CYLINDRICAL_SURFACE('',#3130,1.64999999999999);
#2722=CYLINDRICAL_SURFACE('',#3133,1.64999999999999);
#2723=CYLINDRICAL_SURFACE('',#3136,1.65000000000003);
#2724=CYLINDRICAL_SURFACE('',#3139,1.64999999999999);
#2725=CYLINDRICAL_SURFACE('',#3142,1.64999999999999);
#2726=CYLINDRICAL_SURFACE('',#3145,1.64999999999999);
#2727=CYLINDRICAL_SURFACE('',#3148,1.64999999999999);
#2728=CYLINDRICAL_SURFACE('',#3151,1.64999999999999);
#2729=CYLINDRICAL_SURFACE('',#3171,16.);
#2730=CYLINDRICAL_SURFACE('',#3174,16.);
#2731=CYLINDRICAL_SURFACE('',#3176,2.4);
#2732=CYLINDRICAL_SURFACE('',#3178,32.6);
#2733=CYLINDRICAL_SURFACE('',#3180,2.4);
#2734=CYLINDRICAL_SURFACE('',#3182,2.4);
#2735=CYLINDRICAL_SURFACE('',#3184,2.4);
#2736=CYLINDRICAL_SURFACE('',#3187,16.);
#2737=CYLINDRICAL_SURFACE('',#3190,16.);
#2738=ADVANCED_FACE('',(#201),#2685,.F.);
#2739=ADVANCED_FACE('',(#202,#21),#92,.T.);
#2740=ADVANCED_FACE('',(#203),#2686,.F.);
#2741=ADVANCED_FACE('',(#204,#22),#93,.T.);
#2742=ADVANCED_FACE('',(#205),#2687,.F.);
#2743=ADVANCED_FACE('',(#206,#23),#94,.T.);
#2744=ADVANCED_FACE('',(#207),#2688,.F.);
#2745=ADVANCED_FACE('',(#208,#24),#95,.T.);
#2746=ADVANCED_FACE('',(#209),#2689,.F.);
#2747=ADVANCED_FACE('',(#210,#25),#96,.T.);
#2748=ADVANCED_FACE('',(#211),#2690,.F.);
#2749=ADVANCED_FACE('',(#212,#26),#97,.T.);
#2750=ADVANCED_FACE('',(#213),#2691,.F.);
#2751=ADVANCED_FACE('',(#214,#27),#98,.T.);
#2752=ADVANCED_FACE('',(#215),#2692,.F.);
#2753=ADVANCED_FACE('',(#216,#28),#99,.T.);
#2754=ADVANCED_FACE('',(#217),#2693,.F.);
#2755=ADVANCED_FACE('',(#218),#2694,.F.);
#2756=ADVANCED_FACE('',(#219),#2695,.F.);
#2757=ADVANCED_FACE('',(#220),#2696,.F.);
#2758=ADVANCED_FACE('',(#221),#2697,.F.);
#2759=ADVANCED_FACE('',(#222),#2698,.F.);
#2760=ADVANCED_FACE('',(#223),#2699,.F.);
#2761=ADVANCED_FACE('',(#224),#2700,.F.);
#2762=ADVANCED_FACE('',(#225),#100,.T.);
#2763=ADVANCED_FACE('',(#226),#101,.T.);
#2764=ADVANCED_FACE('',(#227,#29,#30,#31,#32,#33,#34,#35,#36,#37),#102,
 .F.);
#2765=ADVANCED_FACE('',(#228),#2701,.F.);
#2766=ADVANCED_FACE('',(#229,#38,#39,#40,#41,#42,#43,#44,#45,#46),#103,
 .T.);
#2767=ADVANCED_FACE('',(#230),#104,.F.);
#2768=ADVANCED_FACE('',(#231),#105,.T.);
#2769=ADVANCED_FACE('',(#232),#2702,.F.);
#2770=ADVANCED_FACE('',(#233),#106,.T.);
#2771=ADVANCED_FACE('',(#234),#2703,.F.);
#2772=ADVANCED_FACE('',(#235),#107,.T.);
#2773=ADVANCED_FACE('',(#236),#2704,.F.);
#2774=ADVANCED_FACE('',(#237),#108,.T.);
#2775=ADVANCED_FACE('',(#238),#2705,.F.);
#2776=ADVANCED_FACE('',(#239),#109,.T.);
#2777=ADVANCED_FACE('',(#240),#2706,.F.);
#2778=ADVANCED_FACE('',(#241),#110,.T.);
#2779=ADVANCED_FACE('',(#242),#2707,.F.);
#2780=ADVANCED_FACE('',(#243),#111,.T.);
#2781=ADVANCED_FACE('',(#244),#2708,.F.);
#2782=ADVANCED_FACE('',(#245),#112,.T.);
#2783=ADVANCED_FACE('',(#246),#2709,.F.);
#2784=ADVANCED_FACE('',(#247),#113,.T.);
#2785=ADVANCED_FACE('',(#248),#114,.F.);
#2786=ADVANCED_FACE('',(#249),#115,.F.);
#2787=ADVANCED_FACE('',(#250,#47,#48,#49,#50,#51),#116,.T.);
#2788=ADVANCED_FACE('',(#251),#117,.T.);
#2789=ADVANCED_FACE('',(#252,#52,#53,#54,#55,#56,#57,#58,#59,#60),#118,
 .F.);
#2790=ADVANCED_FACE('',(#253),#119,.T.);
#2791=ADVANCED_FACE('',(#254),#120,.T.);
#2792=ADVANCED_FACE('',(#255),#121,.T.);
#2793=ADVANCED_FACE('',(#256),#122,.F.);
#2794=ADVANCED_FACE('',(#257),#123,.T.);
#2795=ADVANCED_FACE('',(#258),#124,.T.);
#2796=ADVANCED_FACE('',(#259),#125,.T.);
#2797=ADVANCED_FACE('',(#260),#126,.T.);
#2798=ADVANCED_FACE('',(#261),#127,.T.);
#2799=ADVANCED_FACE('',(#262),#128,.T.);
#2800=ADVANCED_FACE('',(#263),#129,.T.);
#2801=ADVANCED_FACE('',(#264),#130,.T.);
#2802=ADVANCED_FACE('',(#265),#131,.T.);
#2803=ADVANCED_FACE('',(#266),#132,.F.);
#2804=ADVANCED_FACE('',(#267),#133,.T.);
#2805=ADVANCED_FACE('',(#268),#134,.T.);
#2806=ADVANCED_FACE('',(#269),#135,.T.);
#2807=ADVANCED_FACE('',(#270),#136,.T.);
#2808=ADVANCED_FACE('',(#271),#137,.F.);
#2809=ADVANCED_FACE('',(#272),#138,.F.);
#2810=ADVANCED_FACE('',(#273),#139,.T.);
#2811=ADVANCED_FACE('',(#274),#140,.T.);
#2812=ADVANCED_FACE('',(#275),#141,.T.);
#2813=ADVANCED_FACE('',(#276,#61),#142,.T.);
#2814=ADVANCED_FACE('',(#277),#143,.T.);
#2815=ADVANCED_FACE('',(#278),#144,.T.);
#2816=ADVANCED_FACE('',(#279),#145,.F.);
#2817=ADVANCED_FACE('',(#280),#146,.T.);
#2818=ADVANCED_FACE('',(#281),#147,.T.);
#2819=ADVANCED_FACE('',(#282),#148,.F.);
#2820=ADVANCED_FACE('',(#283),#149,.T.);
#2821=ADVANCED_FACE('',(#284),#2710,.F.);
#2822=ADVANCED_FACE('',(#285),#150,.T.);
#2823=ADVANCED_FACE('',(#286),#2711,.F.);
#2824=ADVANCED_FACE('',(#287),#151,.T.);
#2825=ADVANCED_FACE('',(#288,#62,#63),#152,.F.);
#2826=ADVANCED_FACE('',(#289),#2712,.F.);
#2827=ADVANCED_FACE('',(#290),#153,.T.);
#2828=ADVANCED_FACE('',(#291),#2713,.F.);
#2829=ADVANCED_FACE('',(#292),#154,.T.);
#2830=ADVANCED_FACE('',(#293),#2714,.F.);
#2831=ADVANCED_FACE('',(#294),#155,.T.);
#2832=ADVANCED_FACE('',(#295),#2715,.F.);
#2833=ADVANCED_FACE('',(#296),#156,.T.);
#2834=ADVANCED_FACE('',(#297),#2716,.F.);
#2835=ADVANCED_FACE('',(#298),#2717,.T.);
#2836=ADVANCED_FACE('',(#299),#157,.F.);
#2837=ADVANCED_FACE('',(#300),#2718,.T.);
#2838=ADVANCED_FACE('',(#301),#158,.F.);
#2839=ADVANCED_FACE('',(#302),#2719,.T.);
#2840=ADVANCED_FACE('',(#303),#159,.F.);
#2841=ADVANCED_FACE('',(#304),#2720,.T.);
#2842=ADVANCED_FACE('',(#305),#160,.F.);
#2843=ADVANCED_FACE('',(#306),#161,.T.);
#2844=ADVANCED_FACE('',(#307),#162,.T.);
#2845=ADVANCED_FACE('',(#308),#163,.T.);
#2846=ADVANCED_FACE('',(#309),#164,.T.);
#2847=ADVANCED_FACE('',(#310),#165,.T.);
#2848=ADVANCED_FACE('',(#311),#166,.T.);
#2849=ADVANCED_FACE('',(#312),#167,.T.);
#2850=ADVANCED_FACE('',(#313),#168,.T.);
#2851=ADVANCED_FACE('',(#314),#169,.T.);
#2852=ADVANCED_FACE('',(#315),#170,.T.);
#2853=ADVANCED_FACE('',(#316),#171,.T.);
#2854=ADVANCED_FACE('',(#317),#172,.T.);
#2855=ADVANCED_FACE('',(#318),#173,.T.);
#2856=ADVANCED_FACE('',(#319),#174,.T.);
#2857=ADVANCED_FACE('',(#320),#175,.T.);
#2858=ADVANCED_FACE('',(#321),#176,.T.);
#2859=ADVANCED_FACE('',(#322),#177,.T.);
#2860=ADVANCED_FACE('',(#323),#178,.T.);
#2861=ADVANCED_FACE('',(#324),#179,.T.);
#2862=ADVANCED_FACE('',(#325),#180,.T.);
#2863=ADVANCED_FACE('',(#326),#181,.T.);
#2864=ADVANCED_FACE('',(#327),#182,.T.);
#2865=ADVANCED_FACE('',(#328),#183,.T.);
#2866=ADVANCED_FACE('',(#329),#184,.T.);
#2867=ADVANCED_FACE('',(#330),#185,.T.);
#2868=ADVANCED_FACE('',(#331),#186,.T.);
#2869=ADVANCED_FACE('',(#332),#187,.T.);
#2870=ADVANCED_FACE('',(#333),#188,.T.);
#2871=ADVANCED_FACE('',(#334),#2721,.F.);
#2872=ADVANCED_FACE('',(#335),#2722,.F.);
#2873=ADVANCED_FACE('',(#336),#2723,.F.);
#2874=ADVANCED_FACE('',(#337),#2724,.F.);
#2875=ADVANCED_FACE('',(#338),#2725,.F.);
#2876=ADVANCED_FACE('',(#339),#2726,.F.);
#2877=ADVANCED_FACE('',(#340),#2727,.F.);
#2878=ADVANCED_FACE('',(#341),#2728,.F.);
#2879=ADVANCED_FACE('',(#342),#189,.T.);
#2880=ADVANCED_FACE('',(#343),#190,.T.);
#2881=ADVANCED_FACE('',(#344),#191,.T.);
#2882=ADVANCED_FACE('',(#345),#192,.T.);
#2883=ADVANCED_FACE('',(#346,#64,#65,#66,#67,#68,#69,#70,#71,#72),#193,
 .T.);
#2884=ADVANCED_FACE('',(#347,#73,#74,#75,#76,#77,#78,#79,#80,#81),#194,
 .F.);
#2885=ADVANCED_FACE('',(#348,#82,#83,#84,#85,#86),#195,.T.);
#2886=ADVANCED_FACE('',(#349),#196,.T.);
#2887=ADVANCED_FACE('',(#350),#2729,.T.);
#2888=ADVANCED_FACE('',(#351),#197,.T.);
#2889=ADVANCED_FACE('',(#352),#2730,.T.);
#2890=ADVANCED_FACE('',(#353),#2731,.F.);
#2891=ADVANCED_FACE('',(#354),#2732,.F.);
#2892=ADVANCED_FACE('',(#355),#2733,.F.);
#2893=ADVANCED_FACE('',(#356),#2734,.F.);
#2894=ADVANCED_FACE('',(#357),#2735,.F.);
#2895=ADVANCED_FACE('',(#358),#198,.T.);
#2896=ADVANCED_FACE('',(#359),#2736,.T.);
#2897=ADVANCED_FACE('',(#360),#199,.T.);
#2898=ADVANCED_FACE('',(#361),#2737,.T.);
#2899=ADVANCED_FACE('',(#362,#87,#88,#89,#90,#91),#200,.F.);
#2900=CLOSED_SHELL('',(#2738,#2739,#2740,#2741,#2742,#2743,#2744,#2745,
#2746,#2747,#2748,#2749,#2750,#2751,#2752,#2753,#2754,#2755,#2756,#2757,
#2758,#2759,#2760,#2761,#2762,#2763,#2764,#2765,#2766,#2767,#2768));
#2901=CLOSED_SHELL('',(#2769,#2770,#2771,#2772,#2773,#2774,#2775,#2776,
#2777,#2778,#2779,#2780,#2781,#2782,#2783,#2784,#2785,#2786,#2787,#2788,
#2789,#2790,#2791,#2792,#2793,#2794,#2795,#2796,#2797,#2798,#2799,#2800,
#2801,#2802,#2803,#2804,#2805,#2806,#2807,#2808,#2809,#2810,#2811,#2812,
#2813,#2814,#2815,#2816,#2817,#2818,#2819,#2820,#2821,#2822,#2823,#2824,
#2825,#2826,#2827,#2828,#2829,#2830,#2831,#2832,#2833,#2834,#2835,#2836,
#2837,#2838,#2839,#2840,#2841,#2842));
#2902=CLOSED_SHELL('',(#2843,#2844,#2845,#2846,#2847,#2848,#2849,#2850,
#2851,#2852,#2853,#2854,#2855,#2856,#2857,#2858,#2859,#2860,#2861,#2862,
#2863,#2864,#2865,#2866,#2867,#2868,#2869,#2870,#2871,#2872,#2873,#2874,
#2875,#2876,#2877,#2878,#2879,#2880,#2881,#2882,#2883,#2884));
#2903=CLOSED_SHELL('',(#2885,#2886,#2887,#2888,#2889,#2890,#2891,#2892,
#2893,#2894,#2895,#2896,#2897,#2898,#2899));
#2904=DERIVED_UNIT_ELEMENT(#2906,1.);
#2905=DERIVED_UNIT_ELEMENT(#4837,-3.);
#2906=(
MASS_UNIT()
NAMED_UNIT(*)
SI_UNIT(.KILO.,.GRAM.)
);
#2907=DERIVED_UNIT((#2904,#2905));
#2908=MEASURE_REPRESENTATION_ITEM('density measure',
POSITIVE_RATIO_MEASURE(7850.),#2907);
#2909=PROPERTY_DEFINITION_REPRESENTATION(#2914,#2911);
#2910=PROPERTY_DEFINITION_REPRESENTATION(#2915,#2912);
#2911=REPRESENTATION('material name',(#2913),#4834);
#2912=REPRESENTATION('density',(#2908),#4834);
#2913=DESCRIPTIVE_REPRESENTATION_ITEM('Steel','Steel');
#2914=PROPERTY_DEFINITION('material property','material name',#4844);
#2915=PROPERTY_DEFINITION('material property','density of part',#4844);
#2916=AXIS2_PLACEMENT_3D('',#4022,#3193,#3194);
#2917=AXIS2_PLACEMENT_3D('',#4023,#3195,#3196);
#2918=AXIS2_PLACEMENT_3D('',#4025,#3197,#3198);
#2919=AXIS2_PLACEMENT_3D('',#4028,#3200,#3201);
#2920=AXIS2_PLACEMENT_3D('',#4029,#3202,#3203);
#2921=AXIS2_PLACEMENT_3D('',#4031,#3204,#3205);
#2922=AXIS2_PLACEMENT_3D('',#4032,#3206,#3207);
#2923=AXIS2_PLACEMENT_3D('',#4034,#3208,#3209);
#2924=AXIS2_PLACEMENT_3D('',#4037,#3211,#3212);
#2925=AXIS2_PLACEMENT_3D('',#4038,#3213,#3214);
#2926=AXIS2_PLACEMENT_3D('',#4040,#3215,#3216);
#2927=AXIS2_PLACEMENT_3D('',#4041,#3217,#3218);
#2928=AXIS2_PLACEMENT_3D('',#4043,#3219,#3220);
#2929=AXIS2_PLACEMENT_3D('',#4046,#3222,#3223);
#2930=AXIS2_PLACEMENT_3D('',#4047,#3224,#3225);
#2931=AXIS2_PLACEMENT_3D('',#4049,#3226,#3227);
#2932=AXIS2_PLACEMENT_3D('',#4050,#3228,#3229);
#2933=AXIS2_PLACEMENT_3D('',#4052,#3230,#3231);
#2934=AXIS2_PLACEMENT_3D('',#4055,#3233,#3234);
#2935=AXIS2_PLACEMENT_3D('',#4056,#3235,#3236);
#2936=AXIS2_PLACEMENT_3D('',#4058,#3237,#3238);
#2937=AXIS2_PLACEMENT_3D('',#4059,#3239,#3240);
#2938=AXIS2_PLACEMENT_3D('',#4061,#3241,#3242);
#2939=AXIS2_PLACEMENT_3D('',#4064,#3244,#3245);
#2940=AXIS2_PLACEMENT_3D('',#4065,#3246,#3247);
#2941=AXIS2_PLACEMENT_3D('',#4067,#3248,#3249);
#2942=AXIS2_PLACEMENT_3D('',#4068,#3250,#3251);
#2943=AXIS2_PLACEMENT_3D('',#4070,#3252,#3253);
#2944=AXIS2_PLACEMENT_3D('',#4073,#3255,#3256);
#2945=AXIS2_PLACEMENT_3D('',#4074,#3257,#3258);
#2946=AXIS2_PLACEMENT_3D('',#4076,#3259,#3260);
#2947=AXIS2_PLACEMENT_3D('',#4077,#3261,#3262);
#2948=AXIS2_PLACEMENT_3D('',#4079,#3263,#3264);
#2949=AXIS2_PLACEMENT_3D('',#4082,#3266,#3267);
#2950=AXIS2_PLACEMENT_3D('',#4083,#3268,#3269);
#2951=AXIS2_PLACEMENT_3D('',#4085,#3270,#3271);
#2952=AXIS2_PLACEMENT_3D('',#4086,#3272,#3273);
#2953=AXIS2_PLACEMENT_3D('',#4088,#3274,#3275);
#2954=AXIS2_PLACEMENT_3D('',#4091,#3277,#3278);
#2955=AXIS2_PLACEMENT_3D('',#4092,#3279,#3280);
#2956=AXIS2_PLACEMENT_3D('',#4094,#3281,#3282);
#2957=AXIS2_PLACEMENT_3D('',#4095,#3283,#3284);
#2958=AXIS2_PLACEMENT_3D('',#4097,#3285,#3286);
#2959=AXIS2_PLACEMENT_3D('',#4099,#3288,#3289);
#2960=AXIS2_PLACEMENT_3D('',#4101,#3290,#3291);
#2961=AXIS2_PLACEMENT_3D('',#4103,#3293,#3294);
#2962=AXIS2_PLACEMENT_3D('',#4105,#3295,#3296);
#2963=AXIS2_PLACEMENT_3D('',#4107,#3298,#3299);
#2964=AXIS2_PLACEMENT_3D('',#4109,#3300,#3301);
#2965=AXIS2_PLACEMENT_3D('',#4111,#3303,#3304);
#2966=AXIS2_PLACEMENT_3D('',#4113,#3305,#3306);
#2967=AXIS2_PLACEMENT_3D('',#4115,#3308,#3309);
#2968=AXIS2_PLACEMENT_3D('',#4117,#3310,#3311);
#2969=AXIS2_PLACEMENT_3D('',#4119,#3313,#3314);
#2970=AXIS2_PLACEMENT_3D('',#4121,#3315,#3316);
#2971=AXIS2_PLACEMENT_3D('',#4123,#3318,#3319);
#2972=AXIS2_PLACEMENT_3D('',#4125,#3320,#3321);
#2973=AXIS2_PLACEMENT_3D('',#4127,#3323,#3324);
#2974=AXIS2_PLACEMENT_3D('',#4136,#3329,#3330);
#2975=AXIS2_PLACEMENT_3D('',#4142,#3334,#3335);
#2976=AXIS2_PLACEMENT_3D('',#4147,#3338,#3339);
#2977=AXIS2_PLACEMENT_3D('',#4148,#3340,#3341);
#2978=AXIS2_PLACEMENT_3D('',#4150,#3342,#3343);
#2979=AXIS2_PLACEMENT_3D('',#4152,#3345,#3346);
#2980=AXIS2_PLACEMENT_3D('',#4156,#3349,#3350);
#2981=AXIS2_PLACEMENT_3D('',#4158,#3352,#3353);
#2982=AXIS2_PLACEMENT_3D('',#4159,#3354,#3355);
#2983=AXIS2_PLACEMENT_3D('',#4161,#3356,#3357);
#2984=AXIS2_PLACEMENT_3D('',#4164,#3359,#3360);
#2985=AXIS2_PLACEMENT_3D('',#4165,#3361,#3362);
#2986=AXIS2_PLACEMENT_3D('',#4166,#3363,#3364);
#2987=AXIS2_PLACEMENT_3D('',#4168,#3365,#3366);
#2988=AXIS2_PLACEMENT_3D('',#4171,#3368,#3369);
#2989=AXIS2_PLACEMENT_3D('',#4172,#3370,#3371);
#2990=AXIS2_PLACEMENT_3D('',#4173,#3372,#3373);
#2991=AXIS2_PLACEMENT_3D('',#4175,#3374,#3375);
#2992=AXIS2_PLACEMENT_3D('',#4178,#3377,#3378);
#2993=AXIS2_PLACEMENT_3D('',#4179,#3379,#3380);
#2994=AXIS2_PLACEMENT_3D('',#4180,#3381,#3382);
#2995=AXIS2_PLACEMENT_3D('',#4182,#3383,#3384);
#2996=AXIS2_PLACEMENT_3D('',#4185,#3386,#3387);
#2997=AXIS2_PLACEMENT_3D('',#4186,#3388,#3389);
#2998=AXIS2_PLACEMENT_3D('',#4187,#3390,#3391);
#2999=AXIS2_PLACEMENT_3D('',#4189,#3392,#3393);
#3000=AXIS2_PLACEMENT_3D('',#4192,#3395,#3396);
#3001=AXIS2_PLACEMENT_3D('',#4193,#3397,#3398);
#3002=AXIS2_PLACEMENT_3D('',#4194,#3399,#3400);
#3003=AXIS2_PLACEMENT_3D('',#4196,#3401,#3402);
#3004=AXIS2_PLACEMENT_3D('',#4199,#3404,#3405);
#3005=AXIS2_PLACEMENT_3D('',#4200,#3406,#3407);
#3006=AXIS2_PLACEMENT_3D('',#4201,#3408,#3409);
#3007=AXIS2_PLACEMENT_3D('',#4203,#3410,#3411);
#3008=AXIS2_PLACEMENT_3D('',#4206,#3413,#3414);
#3009=AXIS2_PLACEMENT_3D('',#4207,#3415,#3416);
#3010=AXIS2_PLACEMENT_3D('',#4208,#3417,#3418);
#3011=AXIS2_PLACEMENT_3D('',#4210,#3419,#3420);
#3012=AXIS2_PLACEMENT_3D('',#4213,#3422,#3423);
#3013=AXIS2_PLACEMENT_3D('',#4214,#3424,#3425);
#3014=AXIS2_PLACEMENT_3D('',#4215,#3426,#3427);
#3015=AXIS2_PLACEMENT_3D('',#4224,#3432,#3433);
#3016=AXIS2_PLACEMENT_3D('',#4230,#3437,#3438);
#3017=AXIS2_PLACEMENT_3D('',#4237,#3442,#3443);
#3018=AXIS2_PLACEMENT_3D('',#4239,#3444,#3445);
#3019=AXIS2_PLACEMENT_3D('',#4241,#3446,#3447);
#3020=AXIS2_PLACEMENT_3D('',#4243,#3448,#3449);
#3021=AXIS2_PLACEMENT_3D('',#4245,#3450,#3451);
#3022=AXIS2_PLACEMENT_3D('',#4246,#3452,#3453);
#3023=AXIS2_PLACEMENT_3D('',#4252,#3457,#3458);
#3024=AXIS2_PLACEMENT_3D('',#4314,#3490,#3491);
#3025=AXIS2_PLACEMENT_3D('',#4320,#3495,#3496);
#3026=AXIS2_PLACEMENT_3D('',#4324,#3499,#3500);
#3027=AXIS2_PLACEMENT_3D('',#4328,#3503,#3504);
#3028=AXIS2_PLACEMENT_3D('',#4332,#3507,#3508);
#3029=AXIS2_PLACEMENT_3D('',#4336,#3511,#3512);
#3030=AXIS2_PLACEMENT_3D('',#4340,#3515,#3516);
#3031=AXIS2_PLACEMENT_3D('',#4344,#3519,#3520);
#3032=AXIS2_PLACEMENT_3D('',#4348,#3523,#3524);
#3033=AXIS2_PLACEMENT_3D('',#4352,#3527,#3528);
#3034=AXIS2_PLACEMENT_3D('',#4356,#3531,#3532);
#3035=AXIS2_PLACEMENT_3D('',#4360,#3535,#3536);
#3036=AXIS2_PLACEMENT_3D('',#4364,#3539,#3540);
#3037=AXIS2_PLACEMENT_3D('',#4368,#3543,#3544);
#3038=AXIS2_PLACEMENT_3D('',#4372,#3547,#3548);
#3039=AXIS2_PLACEMENT_3D('',#4374,#3550,#3551);
#3040=AXIS2_PLACEMENT_3D('',#4380,#3555,#3556);
#3041=AXIS2_PLACEMENT_3D('',#4384,#3559,#3560);
#3042=AXIS2_PLACEMENT_3D('',#4388,#3563,#3564);
#3043=AXIS2_PLACEMENT_3D('',#4392,#3567,#3568);
#3044=AXIS2_PLACEMENT_3D('',#4396,#3571,#3572);
#3045=AXIS2_PLACEMENT_3D('',#4400,#3575,#3576);
#3046=AXIS2_PLACEMENT_3D('',#4404,#3579,#3580);
#3047=AXIS2_PLACEMENT_3D('',#4408,#3583,#3584);
#3048=AXIS2_PLACEMENT_3D('',#4421,#3591,#3592);
#3049=AXIS2_PLACEMENT_3D('',#4422,#3593,#3594);
#3050=AXIS2_PLACEMENT_3D('',#4424,#3595,#3596);
#3051=AXIS2_PLACEMENT_3D('',#4426,#3597,#3598);
#3052=AXIS2_PLACEMENT_3D('',#4427,#3599,#3600);
#3053=AXIS2_PLACEMENT_3D('',#4429,#3601,#3602);
#3054=AXIS2_PLACEMENT_3D('',#4431,#3603,#3604);
#3055=AXIS2_PLACEMENT_3D('',#4433,#3605,#3606);
#3056=AXIS2_PLACEMENT_3D('',#4434,#3607,#3608);
#3057=AXIS2_PLACEMENT_3D('',#4436,#3609,#3610);
#3058=AXIS2_PLACEMENT_3D('',#4438,#3611,#3612);
#3059=AXIS2_PLACEMENT_3D('',#4439,#3613,#3614);
#3060=AXIS2_PLACEMENT_3D('',#4440,#3615,#3616);
#3061=AXIS2_PLACEMENT_3D('',#4441,#3617,#3618);
#3062=AXIS2_PLACEMENT_3D('',#4444,#3621,#3622);
#3063=AXIS2_PLACEMENT_3D('',#4445,#3623,#3624);
#3064=AXIS2_PLACEMENT_3D('',#4446,#3625,#3626);
#3065=AXIS2_PLACEMENT_3D('',#4449,#3629,#3630);
#3066=AXIS2_PLACEMENT_3D('',#4450,#3631,#3632);
#3067=AXIS2_PLACEMENT_3D('',#4451,#3633,#3634);
#3068=AXIS2_PLACEMENT_3D('',#4453,#3636,#3637);
#3069=AXIS2_PLACEMENT_3D('',#4455,#3638,#3639);
#3070=AXIS2_PLACEMENT_3D('',#4458,#3641,#3642);
#3071=AXIS2_PLACEMENT_3D('',#4459,#3643,#3644);
#3072=AXIS2_PLACEMENT_3D('',#4460,#3645,#3646);
#3073=AXIS2_PLACEMENT_3D('',#4462,#3647,#3648);
#3074=AXIS2_PLACEMENT_3D('',#4465,#3650,#3651);
#3075=AXIS2_PLACEMENT_3D('',#4466,#3652,#3653);
#3076=AXIS2_PLACEMENT_3D('',#4467,#3654,#3655);
#3077=AXIS2_PLACEMENT_3D('',#4468,#3656,#3657);
#3078=AXIS2_PLACEMENT_3D('',#4471,#3659,#3660);
#3079=AXIS2_PLACEMENT_3D('',#4472,#3661,#3662);
#3080=AXIS2_PLACEMENT_3D('',#4473,#3663,#3664);
#3081=AXIS2_PLACEMENT_3D('',#4476,#3666,#3667);
#3082=AXIS2_PLACEMENT_3D('',#4477,#3668,#3669);
#3083=AXIS2_PLACEMENT_3D('',#4478,#3670,#3671);
#3084=AXIS2_PLACEMENT_3D('',#4481,#3673,#3674);
#3085=AXIS2_PLACEMENT_3D('',#4482,#3675,#3676);
#3086=AXIS2_PLACEMENT_3D('',#4483,#3677,#3678);
#3087=AXIS2_PLACEMENT_3D('',#4486,#3680,#3681);
#3088=AXIS2_PLACEMENT_3D('',#4487,#3682,#3683);
#3089=AXIS2_PLACEMENT_3D('',#4488,#3684,#3685);
#3090=AXIS2_PLACEMENT_3D('',#4490,#3687,#3688);
#3091=AXIS2_PLACEMENT_3D('',#4492,#3689,#3690);
#3092=AXIS2_PLACEMENT_3D('',#4494,#3692,#3693);
#3093=AXIS2_PLACEMENT_3D('',#4495,#3694,#3695);
#3094=AXIS2_PLACEMENT_3D('',#4497,#3696,#3697);
#3095=AXIS2_PLACEMENT_3D('',#4499,#3699,#3700);
#3096=AXIS2_PLACEMENT_3D('',#4500,#3701,#3702);
#3097=AXIS2_PLACEMENT_3D('',#4502,#3703,#3704);
#3098=AXIS2_PLACEMENT_3D('',#4504,#3706,#3707);
#3099=AXIS2_PLACEMENT_3D('',#4505,#3708,#3709);
#3100=AXIS2_PLACEMENT_3D('',#4507,#3710,#3711);
#3101=AXIS2_PLACEMENT_3D('',#4509,#3713,#3714);
#3102=AXIS2_PLACEMENT_3D('',#4510,#3715,#3716);
#3103=AXIS2_PLACEMENT_3D('',#4519,#3721,#3722);
#3104=AXIS2_PLACEMENT_3D('',#4525,#3726,#3727);
#3105=AXIS2_PLACEMENT_3D('',#4531,#3731,#3732);
#3106=AXIS2_PLACEMENT_3D('',#4537,#3736,#3737);
#3107=AXIS2_PLACEMENT_3D('',#4543,#3741,#3742);
#3108=AXIS2_PLACEMENT_3D('',#4549,#3746,#3747);
#3109=AXIS2_PLACEMENT_3D('',#4555,#3751,#3752);
#3110=AXIS2_PLACEMENT_3D('',#4561,#3756,#3757);
#3111=AXIS2_PLACEMENT_3D('',#4567,#3761,#3762);
#3112=AXIS2_PLACEMENT_3D('',#4573,#3766,#3767);
#3113=AXIS2_PLACEMENT_3D('',#4579,#3771,#3772);
#3114=AXIS2_PLACEMENT_3D('',#4585,#3776,#3777);
#3115=AXIS2_PLACEMENT_3D('',#4591,#3781,#3782);
#3116=AXIS2_PLACEMENT_3D('',#4597,#3786,#3787);
#3117=AXIS2_PLACEMENT_3D('',#4603,#3791,#3792);
#3118=AXIS2_PLACEMENT_3D('',#4609,#3796,#3797);
#3119=AXIS2_PLACEMENT_3D('',#4615,#3801,#3802);
#3120=AXIS2_PLACEMENT_3D('',#4621,#3806,#3807);
#3121=AXIS2_PLACEMENT_3D('',#4627,#3811,#3812);
#3122=AXIS2_PLACEMENT_3D('',#4633,#3816,#3817);
#3123=AXIS2_PLACEMENT_3D('',#4639,#3821,#3822);
#3124=AXIS2_PLACEMENT_3D('',#4645,#3826,#3827);
#3125=AXIS2_PLACEMENT_3D('',#4651,#3831,#3832);
#3126=AXIS2_PLACEMENT_3D('',#4657,#3836,#3837);
#3127=AXIS2_PLACEMENT_3D('',#4663,#3841,#3842);
#3128=AXIS2_PLACEMENT_3D('',#4669,#3846,#3847);
#3129=AXIS2_PLACEMENT_3D('',#4675,#3851,#3852);
#3130=AXIS2_PLACEMENT_3D('',#4678,#3855,#3856);
#3131=AXIS2_PLACEMENT_3D('',#4680,#3857,#3858);
#3132=AXIS2_PLACEMENT_3D('',#4683,#3860,#3861);
#3133=AXIS2_PLACEMENT_3D('',#4684,#3862,#3863);
#3134=AXIS2_PLACEMENT_3D('',#4686,#3864,#3865);
#3135=AXIS2_PLACEMENT_3D('',#4689,#3867,#3868);
#3136=AXIS2_PLACEMENT_3D('',#4690,#3869,#3870);
#3137=AXIS2_PLACEMENT_3D('',#4692,#3871,#3872);
#3138=AXIS2_PLACEMENT_3D('',#4695,#3874,#3875);
#3139=AXIS2_PLACEMENT_3D('',#4696,#3876,#3877);
#3140=AXIS2_PLACEMENT_3D('',#4698,#3878,#3879);
#3141=AXIS2_PLACEMENT_3D('',#4701,#3881,#3882);
#3142=AXIS2_PLACEMENT_3D('',#4702,#3883,#3884);
#3143=AXIS2_PLACEMENT_3D('',#4704,#3885,#3886);
#3144=AXIS2_PLACEMENT_3D('',#4707,#3888,#3889);
#3145=AXIS2_PLACEMENT_3D('',#4708,#3890,#3891);
#3146=AXIS2_PLACEMENT_3D('',#4710,#3892,#3893);
#3147=AXIS2_PLACEMENT_3D('',#4713,#3895,#3896);
#3148=AXIS2_PLACEMENT_3D('',#4714,#3897,#3898);
#3149=AXIS2_PLACEMENT_3D('',#4716,#3899,#3900);
#3150=AXIS2_PLACEMENT_3D('',#4719,#3902,#3903);
#3151=AXIS2_PLACEMENT_3D('',#4720,#3904,#3905);
#3152=AXIS2_PLACEMENT_3D('',#4722,#3906,#3907);
#3153=AXIS2_PLACEMENT_3D('',#4725,#3909,#3910);
#3154=AXIS2_PLACEMENT_3D('',#4726,#3911,#3912);
#3155=AXIS2_PLACEMENT_3D('',#4735,#3917,#3918);
#3156=AXIS2_PLACEMENT_3D('',#4741,#3922,#3923);
#3157=AXIS2_PLACEMENT_3D('',#4747,#3927,#3928);
#3158=AXIS2_PLACEMENT_3D('',#4750,#3931,#3932);
#3159=AXIS2_PLACEMENT_3D('',#4751,#3933,#3934);
#3160=AXIS2_PLACEMENT_3D('',#4752,#3935,#3936);
#3161=AXIS2_PLACEMENT_3D('',#4755,#3937,#3938);
#3162=AXIS2_PLACEMENT_3D('',#4759,#3940,#3941);
#3163=AXIS2_PLACEMENT_3D('',#4763,#3943,#3944);
#3164=AXIS2_PLACEMENT_3D('',#4767,#3946,#3947);
#3165=AXIS2_PLACEMENT_3D('',#4770,#3949,#3950);
#3166=AXIS2_PLACEMENT_3D('',#4772,#3951,#3952);
#3167=AXIS2_PLACEMENT_3D('',#4774,#3953,#3954);
#3168=AXIS2_PLACEMENT_3D('',#4776,#3955,#3956);
#3169=AXIS2_PLACEMENT_3D('',#4778,#3957,#3958);
#3170=AXIS2_PLACEMENT_3D('',#4779,#3959,#3960);
#3171=AXIS2_PLACEMENT_3D('',#4785,#3964,#3965);
#3172=AXIS2_PLACEMENT_3D('',#4788,#3967,#3968);
#3173=AXIS2_PLACEMENT_3D('',#4789,#3969,#3970);
#3174=AXIS2_PLACEMENT_3D('',#4793,#3973,#3974);
#3175=AXIS2_PLACEMENT_3D('',#4796,#3976,#3977);
#3176=AXIS2_PLACEMENT_3D('',#4797,#3978,#3979);
#3177=AXIS2_PLACEMENT_3D('',#4800,#3981,#3982);
#3178=AXIS2_PLACEMENT_3D('',#4801,#3983,#3984);
#3179=AXIS2_PLACEMENT_3D('',#4804,#3986,#3987);
#3180=AXIS2_PLACEMENT_3D('',#4805,#3988,#3989);
#3181=AXIS2_PLACEMENT_3D('',#4808,#3991,#3992);
#3182=AXIS2_PLACEMENT_3D('',#4809,#3993,#3994);
#3183=AXIS2_PLACEMENT_3D('',#4812,#3996,#3997);
#3184=AXIS2_PLACEMENT_3D('',#4813,#3998,#3999);
#3185=AXIS2_PLACEMENT_3D('',#4816,#4001,#4002);
#3186=AXIS2_PLACEMENT_3D('',#4817,#4003,#4004);
#3187=AXIS2_PLACEMENT_3D('',#4821,#4007,#4008);
#3188=AXIS2_PLACEMENT_3D('',#4824,#4010,#4011);
#3189=AXIS2_PLACEMENT_3D('',#4825,#4012,#4013);
#3190=AXIS2_PLACEMENT_3D('',#4829,#4016,#4017);
#3191=AXIS2_PLACEMENT_3D('',#4830,#4018,#4019);
#3192=AXIS2_PLACEMENT_3D('',#4831,#4020,#4021);
#3193=DIRECTION('axis',(0.,0.,1.));
#3194=DIRECTION('refdir',(1.,0.,0.));
#3195=DIRECTION('center_axis',(1.,0.,0.));
#3196=DIRECTION('ref_axis',(0.,-1.,0.));
#3197=DIRECTION('center_axis',(1.,0.,0.));
#3198=DIRECTION('ref_axis',(0.,-1.,0.));
#3199=DIRECTION('',(1.,0.,0.));
#3200=DIRECTION('center_axis',(1.,0.,0.));
#3201=DIRECTION('ref_axis',(0.,-1.,0.));
#3202=DIRECTION('center_axis',(-1.,0.,0.));
#3203=DIRECTION('ref_axis',(0.,-1.,0.));
#3204=DIRECTION('center_axis',(-1.,0.,0.));
#3205=DIRECTION('ref_axis',(0.,1.,0.));
#3206=DIRECTION('center_axis',(1.,0.,0.));
#3207=DIRECTION('ref_axis',(0.,-1.,0.));
#3208=DIRECTION('center_axis',(1.,0.,0.));
#3209=DIRECTION('ref_axis',(0.,-1.,0.));
#3210=DIRECTION('',(1.,0.,0.));
#3211=DIRECTION('center_axis',(1.,0.,0.));
#3212=DIRECTION('ref_axis',(0.,-1.,0.));
#3213=DIRECTION('center_axis',(-1.,0.,0.));
#3214=DIRECTION('ref_axis',(0.,-1.,0.));
#3215=DIRECTION('center_axis',(-1.,0.,0.));
#3216=DIRECTION('ref_axis',(0.,1.,0.));
#3217=DIRECTION('center_axis',(1.,0.,0.));
#3218=DIRECTION('ref_axis',(0.,-1.,0.));
#3219=DIRECTION('center_axis',(1.,0.,0.));
#3220=DIRECTION('ref_axis',(0.,-1.,0.));
#3221=DIRECTION('',(1.,0.,0.));
#3222=DIRECTION('center_axis',(1.,0.,0.));
#3223=DIRECTION('ref_axis',(0.,-1.,0.));
#3224=DIRECTION('center_axis',(-1.,0.,0.));
#3225=DIRECTION('ref_axis',(0.,-1.,0.));
#3226=DIRECTION('center_axis',(-1.,0.,0.));
#3227=DIRECTION('ref_axis',(0.,1.,0.));
#3228=DIRECTION('center_axis',(1.,0.,0.));
#3229=DIRECTION('ref_axis',(0.,-1.,0.));
#3230=DIRECTION('center_axis',(1.,0.,0.));
#3231=DIRECTION('ref_axis',(0.,-1.,0.));
#3232=DIRECTION('',(1.,0.,0.));
#3233=DIRECTION('center_axis',(1.,0.,0.));
#3234=DIRECTION('ref_axis',(0.,-1.,0.));
#3235=DIRECTION('center_axis',(-1.,0.,0.));
#3236=DIRECTION('ref_axis',(0.,-1.,0.));
#3237=DIRECTION('center_axis',(-1.,0.,0.));
#3238=DIRECTION('ref_axis',(0.,1.,0.));
#3239=DIRECTION('center_axis',(1.,0.,0.));
#3240=DIRECTION('ref_axis',(0.,-1.,0.));
#3241=DIRECTION('center_axis',(1.,0.,0.));
#3242=DIRECTION('ref_axis',(0.,-1.,0.));
#3243=DIRECTION('',(1.,0.,0.));
#3244=DIRECTION('center_axis',(1.,0.,0.));
#3245=DIRECTION('ref_axis',(0.,-1.,0.));
#3246=DIRECTION('center_axis',(-1.,0.,0.));
#3247=DIRECTION('ref_axis',(0.,-1.,0.));
#3248=DIRECTION('center_axis',(-1.,0.,0.));
#3249=DIRECTION('ref_axis',(0.,1.,0.));
#3250=DIRECTION('center_axis',(1.,0.,0.));
#3251=DIRECTION('ref_axis',(0.,-1.,0.));
#3252=DIRECTION('center_axis',(1.,0.,0.));
#3253=DIRECTION('ref_axis',(0.,-1.,0.));
#3254=DIRECTION('',(1.,0.,0.));
#3255=DIRECTION('center_axis',(1.,0.,0.));
#3256=DIRECTION('ref_axis',(0.,-1.,0.));
#3257=DIRECTION('center_axis',(-1.,0.,0.));
#3258=DIRECTION('ref_axis',(0.,-1.,0.));
#3259=DIRECTION('center_axis',(-1.,0.,0.));
#3260=DIRECTION('ref_axis',(0.,1.,0.));
#3261=DIRECTION('center_axis',(1.,0.,0.));
#3262=DIRECTION('ref_axis',(0.,-1.,0.));
#3263=DIRECTION('center_axis',(1.,0.,0.));
#3264=DIRECTION('ref_axis',(0.,-1.,0.));
#3265=DIRECTION('',(1.,0.,0.));
#3266=DIRECTION('center_axis',(1.,0.,0.));
#3267=DIRECTION('ref_axis',(0.,-1.,0.));
#3268=DIRECTION('center_axis',(-1.,0.,0.));
#3269=DIRECTION('ref_axis',(0.,-1.,0.));
#3270=DIRECTION('center_axis',(-1.,0.,0.));
#3271=DIRECTION('ref_axis',(0.,1.,0.));
#3272=DIRECTION('center_axis',(1.,0.,0.));
#3273=DIRECTION('ref_axis',(0.,-1.,0.));
#3274=DIRECTION('center_axis',(1.,0.,0.));
#3275=DIRECTION('ref_axis',(0.,-1.,0.));
#3276=DIRECTION('',(1.,0.,0.));
#3277=DIRECTION('center_axis',(1.,0.,0.));
#3278=DIRECTION('ref_axis',(0.,-1.,0.));
#3279=DIRECTION('center_axis',(-1.,0.,0.));
#3280=DIRECTION('ref_axis',(0.,-1.,0.));
#3281=DIRECTION('center_axis',(-1.,0.,0.));
#3282=DIRECTION('ref_axis',(0.,1.,0.));
#3283=DIRECTION('center_axis',(-1.,0.,0.));
#3284=DIRECTION('ref_axis',(0.,1.,0.));
#3285=DIRECTION('center_axis',(-1.,0.,0.));
#3286=DIRECTION('ref_axis',(0.,1.,0.));
#3287=DIRECTION('',(-1.,0.,0.));
#3288=DIRECTION('center_axis',(-1.,0.,0.));
#3289=DIRECTION('ref_axis',(0.,1.,0.));
#3290=DIRECTION('center_axis',(-1.,0.,0.));
#3291=DIRECTION('ref_axis',(0.,1.,0.));
#3292=DIRECTION('',(-1.,0.,0.));
#3293=DIRECTION('center_axis',(-1.,0.,0.));
#3294=DIRECTION('ref_axis',(0.,1.,0.));
#3295=DIRECTION('center_axis',(-1.,0.,0.));
#3296=DIRECTION('ref_axis',(0.,1.,0.));
#3297=DIRECTION('',(-1.,0.,0.));
#3298=DIRECTION('center_axis',(-1.,0.,0.));
#3299=DIRECTION('ref_axis',(0.,1.,0.));
#3300=DIRECTION('center_axis',(-1.,0.,0.));
#3301=DIRECTION('ref_axis',(0.,1.,0.));
#3302=DIRECTION('',(-1.,0.,0.));
#3303=DIRECTION('center_axis',(-1.,0.,0.));
#3304=DIRECTION('ref_axis',(0.,1.,0.));
#3305=DIRECTION('center_axis',(-1.,0.,0.));
#3306=DIRECTION('ref_axis',(0.,1.,0.));
#3307=DIRECTION('',(-1.,0.,0.));
#3308=DIRECTION('center_axis',(-1.,0.,0.));
#3309=DIRECTION('ref_axis',(0.,1.,0.));
#3310=DIRECTION('center_axis',(-1.,0.,0.));
#3311=DIRECTION('ref_axis',(0.,1.,0.));
#3312=DIRECTION('',(-1.,0.,0.));
#3313=DIRECTION('center_axis',(-1.,0.,0.));
#3314=DIRECTION('ref_axis',(0.,1.,0.));
#3315=DIRECTION('center_axis',(-1.,0.,0.));
#3316=DIRECTION('ref_axis',(0.,1.,0.));
#3317=DIRECTION('',(-1.,0.,0.));
#3318=DIRECTION('center_axis',(-1.,0.,0.));
#3319=DIRECTION('ref_axis',(0.,1.,0.));
#3320=DIRECTION('center_axis',(-1.,0.,0.));
#3321=DIRECTION('ref_axis',(0.,1.,0.));
#3322=DIRECTION('',(-1.,0.,0.));
#3323=DIRECTION('center_axis',(0.,0.,1.));
#3324=DIRECTION('ref_axis',(1.,0.,0.));
#3325=DIRECTION('',(0.,-1.,0.));
#3326=DIRECTION('',(-1.,0.,0.));
#3327=DIRECTION('',(0.,-1.,0.));
#3328=DIRECTION('',(1.,4.24396538643415E-33,0.));
#3329=DIRECTION('center_axis',(4.24396538643415E-33,-1.,0.));
#3330=DIRECTION('ref_axis',(1.,4.24396538643415E-33,0.));
#3331=DIRECTION('',(0.,0.,-1.));
#3332=DIRECTION('',(0.,0.,1.));
#3333=DIRECTION('',(1.,4.24396538643415E-33,0.));
#3334=DIRECTION('center_axis',(-1.,0.,0.));
#3335=DIRECTION('ref_axis',(0.,-1.,0.));
#3336=DIRECTION('',(0.,1.,0.));
#3337=DIRECTION('',(0.,0.,1.));
#3338=DIRECTION('center_axis',(-1.,0.,0.));
#3339=DIRECTION('ref_axis',(0.,1.,0.));
#3340=DIRECTION('center_axis',(1.,0.,0.));
#3341=DIRECTION('ref_axis',(0.,1.,0.));
#3342=DIRECTION('center_axis',(1.,0.,0.));
#3343=DIRECTION('ref_axis',(0.,1.,0.));
#3344=DIRECTION('',(1.,0.,0.));
#3345=DIRECTION('center_axis',(-1.,0.,0.));
#3346=DIRECTION('ref_axis',(0.,-1.,0.));
#3347=DIRECTION('',(0.,-1.,0.));
#3348=DIRECTION('',(0.,0.,1.));
#3349=DIRECTION('center_axis',(0.,0.,1.));
#3350=DIRECTION('ref_axis',(1.,0.,0.));
#3351=DIRECTION('',(-1.,0.,0.));
#3352=DIRECTION('center_axis',(0.,1.,0.));
#3353=DIRECTION('ref_axis',(-1.,0.,0.));
#3354=DIRECTION('center_axis',(1.,0.,0.));
#3355=DIRECTION('ref_axis',(0.,-1.,0.));
#3356=DIRECTION('center_axis',(1.,0.,0.));
#3357=DIRECTION('ref_axis',(0.,-1.,0.));
#3358=DIRECTION('',(1.,0.,0.));
#3359=DIRECTION('center_axis',(1.,0.,0.));
#3360=DIRECTION('ref_axis',(0.,-1.,0.));
#3361=DIRECTION('center_axis',(-1.,0.,0.));
#3362=DIRECTION('ref_axis',(0.,-1.,0.));
#3363=DIRECTION('center_axis',(1.,0.,0.));
#3364=DIRECTION('ref_axis',(0.,-1.,0.));
#3365=DIRECTION('center_axis',(1.,0.,0.));
#3366=DIRECTION('ref_axis',(0.,-1.,0.));
#3367=DIRECTION('',(1.,0.,0.));
#3368=DIRECTION('center_axis',(1.,0.,0.));
#3369=DIRECTION('ref_axis',(0.,-1.,0.));
#3370=DIRECTION('center_axis',(-1.,0.,0.));
#3371=DIRECTION('ref_axis',(0.,-1.,0.));
#3372=DIRECTION('center_axis',(1.,0.,0.));
#3373=DIRECTION('ref_axis',(0.,-1.,0.));
#3374=DIRECTION('center_axis',(1.,0.,0.));
#3375=DIRECTION('ref_axis',(0.,-1.,0.));
#3376=DIRECTION('',(1.,0.,0.));
#3377=DIRECTION('center_axis',(1.,0.,0.));
#3378=DIRECTION('ref_axis',(0.,-1.,0.));
#3379=DIRECTION('center_axis',(-1.,0.,0.));
#3380=DIRECTION('ref_axis',(0.,-1.,0.));
#3381=DIRECTION('center_axis',(1.,0.,0.));
#3382=DIRECTION('ref_axis',(0.,-1.,0.));
#3383=DIRECTION('center_axis',(1.,0.,0.));
#3384=DIRECTION('ref_axis',(0.,-1.,0.));
#3385=DIRECTION('',(1.,0.,0.));
#3386=DIRECTION('center_axis',(1.,0.,0.));
#3387=DIRECTION('ref_axis',(0.,-1.,0.));
#3388=DIRECTION('center_axis',(-1.,0.,0.));
#3389=DIRECTION('ref_axis',(0.,-1.,0.));
#3390=DIRECTION('center_axis',(1.,0.,0.));
#3391=DIRECTION('ref_axis',(0.,-1.,0.));
#3392=DIRECTION('center_axis',(1.,0.,0.));
#3393=DIRECTION('ref_axis',(0.,-1.,0.));
#3394=DIRECTION('',(1.,0.,0.));
#3395=DIRECTION('center_axis',(1.,0.,0.));
#3396=DIRECTION('ref_axis',(0.,-1.,0.));
#3397=DIRECTION('center_axis',(-1.,0.,0.));
#3398=DIRECTION('ref_axis',(0.,-1.,0.));
#3399=DIRECTION('center_axis',(1.,0.,0.));
#3400=DIRECTION('ref_axis',(0.,-1.,0.));
#3401=DIRECTION('center_axis',(1.,0.,0.));
#3402=DIRECTION('ref_axis',(0.,-1.,0.));
#3403=DIRECTION('',(1.,0.,0.));
#3404=DIRECTION('center_axis',(1.,0.,0.));
#3405=DIRECTION('ref_axis',(0.,-1.,0.));
#3406=DIRECTION('center_axis',(-1.,0.,0.));
#3407=DIRECTION('ref_axis',(0.,-1.,0.));
#3408=DIRECTION('center_axis',(1.,0.,0.));
#3409=DIRECTION('ref_axis',(0.,-1.,0.));
#3410=DIRECTION('center_axis',(1.,0.,0.));
#3411=DIRECTION('ref_axis',(0.,-1.,0.));
#3412=DIRECTION('',(1.,0.,0.));
#3413=DIRECTION('center_axis',(1.,0.,0.));
#3414=DIRECTION('ref_axis',(0.,-1.,0.));
#3415=DIRECTION('center_axis',(-1.,0.,0.));
#3416=DIRECTION('ref_axis',(0.,-1.,0.));
#3417=DIRECTION('center_axis',(1.,0.,0.));
#3418=DIRECTION('ref_axis',(0.,-1.,0.));
#3419=DIRECTION('center_axis',(1.,0.,0.));
#3420=DIRECTION('ref_axis',(0.,-1.,0.));
#3421=DIRECTION('',(1.,0.,0.));
#3422=DIRECTION('center_axis',(1.,0.,0.));
#3423=DIRECTION('ref_axis',(0.,-1.,0.));
#3424=DIRECTION('center_axis',(-1.,0.,0.));
#3425=DIRECTION('ref_axis',(0.,-1.,0.));
#3426=DIRECTION('center_axis',(-1.,0.,0.));
#3427=DIRECTION('ref_axis',(0.,0.,-1.));
#3428=DIRECTION('',(0.,0.,1.));
#3429=DIRECTION('',(0.,1.,0.));
#3430=DIRECTION('',(0.,0.,-1.));
#3431=DIRECTION('',(0.,-1.,0.));
#3432=DIRECTION('center_axis',(0.,-1.,0.));
#3433=DIRECTION('ref_axis',(0.,0.,-1.));
#3434=DIRECTION('',(1.,0.,0.));
#3435=DIRECTION('',(-1.,0.,0.));
#3436=DIRECTION('',(0.,0.,1.));
#3437=DIRECTION('center_axis',(1.,0.,0.));
#3438=DIRECTION('ref_axis',(0.,1.,0.));
#3439=DIRECTION('',(0.,1.,0.));
#3440=DIRECTION('',(0.,0.,1.));
#3441=DIRECTION('',(0.,1.,0.));
#3442=DIRECTION('center_axis',(-1.,0.,0.));
#3443=DIRECTION('ref_axis',(0.,1.,0.));
#3444=DIRECTION('center_axis',(-1.,0.,0.));
#3445=DIRECTION('ref_axis',(0.,1.,0.));
#3446=DIRECTION('center_axis',(-1.,0.,0.));
#3447=DIRECTION('ref_axis',(0.,1.,0.));
#3448=DIRECTION('center_axis',(-1.,0.,0.));
#3449=DIRECTION('ref_axis',(0.,1.,0.));
#3450=DIRECTION('center_axis',(-1.,0.,0.));
#3451=DIRECTION('ref_axis',(0.,1.,0.));
#3452=DIRECTION('center_axis',(0.,0.,1.));
#3453=DIRECTION('ref_axis',(1.,0.,0.));
#3454=DIRECTION('',(-1.,0.,0.));
#3455=DIRECTION('',(0.,-1.,0.));
#3456=DIRECTION('',(1.,4.24396538643415E-33,0.));
#3457=DIRECTION('center_axis',(1.,0.,0.));
#3458=DIRECTION('ref_axis',(0.,0.,-1.));
#3459=DIRECTION('',(0.,1.,0.));
#3460=DIRECTION('',(0.,0.,-1.));
#3461=DIRECTION('',(0.,0.,1.));
#3462=DIRECTION('',(0.,-1.,0.));
#3463=DIRECTION('',(0.,0.,1.));
#3464=DIRECTION('',(0.,-1.,0.));
#3465=DIRECTION('',(0.,0.,-1.));
#3466=DIRECTION('',(0.,-1.,0.));
#3467=DIRECTION('',(0.,0.,1.));
#3468=DIRECTION('',(0.,-1.,0.));
#3469=DIRECTION('',(0.,0.,-1.));
#3470=DIRECTION('',(0.,-1.,0.));
#3471=DIRECTION('',(0.,0.,-1.));
#3472=DIRECTION('',(0.,1.,0.));
#3473=DIRECTION('',(0.,0.,-1.));
#3474=DIRECTION('',(0.,-1.,0.));
#3475=DIRECTION('',(0.,0.,-1.));
#3476=DIRECTION('',(0.,1.,0.));
#3477=DIRECTION('',(0.,0.,-1.));
#3478=DIRECTION('',(0.,1.,0.));
#3479=DIRECTION('',(0.,0.,1.));
#3480=DIRECTION('',(0.,1.,0.));
#3481=DIRECTION('',(0.,0.,-1.));
#3482=DIRECTION('',(0.,1.,0.));
#3483=DIRECTION('',(0.,0.,1.));
#3484=DIRECTION('',(0.,1.,0.));
#3485=DIRECTION('',(0.,0.,1.));
#3486=DIRECTION('',(0.,-1.,0.));
#3487=DIRECTION('',(0.,0.,1.));
#3488=DIRECTION('',(0.,1.,0.));
#3489=DIRECTION('',(0.,0.,1.));
#3490=DIRECTION('center_axis',(0.,0.,1.));
#3491=DIRECTION('ref_axis',(0.,1.,0.));
#3492=DIRECTION('',(-1.,0.,0.));
#3493=DIRECTION('',(0.,-1.,0.));
#3494=DIRECTION('',(1.,0.,0.));
#3495=DIRECTION('center_axis',(0.,-1.,0.));
#3496=DIRECTION('ref_axis',(0.,0.,1.));
#3497=DIRECTION('',(-1.,0.,0.));
#3498=DIRECTION('',(0.,0.,-1.));
#3499=DIRECTION('center_axis',(0.,0.,-1.));
#3500=DIRECTION('ref_axis',(0.,-1.,0.));
#3501=DIRECTION('',(-1.,0.,0.));
#3502=DIRECTION('',(0.,1.,0.));
#3503=DIRECTION('center_axis',(0.,1.,0.));
#3504=DIRECTION('ref_axis',(-1.,0.,0.));
#3505=DIRECTION('',(1.,0.,0.));
#3506=DIRECTION('',(0.,0.,-1.));
#3507=DIRECTION('center_axis',(0.,0.,1.));
#3508=DIRECTION('ref_axis',(1.,0.,0.));
#3509=DIRECTION('',(1.,0.,0.));
#3510=DIRECTION('',(0.,-1.,0.));
#3511=DIRECTION('center_axis',(0.,-1.,0.));
#3512=DIRECTION('ref_axis',(1.,0.,0.));
#3513=DIRECTION('',(-1.,0.,0.));
#3514=DIRECTION('',(0.,0.,-1.));
#3515=DIRECTION('center_axis',(0.,0.,1.));
#3516=DIRECTION('ref_axis',(1.,0.,0.));
#3517=DIRECTION('',(1.,0.,0.));
#3518=DIRECTION('',(0.,-1.,0.));
#3519=DIRECTION('center_axis',(0.,1.,0.));
#3520=DIRECTION('ref_axis',(0.,0.,-1.));
#3521=DIRECTION('',(-1.,0.,0.));
#3522=DIRECTION('',(0.,0.,1.));
#3523=DIRECTION('center_axis',(0.,0.,1.));
#3524=DIRECTION('ref_axis',(0.,1.,0.));
#3525=DIRECTION('',(-1.,0.,0.));
#3526=DIRECTION('',(0.,-1.,0.));
#3527=DIRECTION('center_axis',(0.,-1.,0.));
#3528=DIRECTION('ref_axis',(0.,0.,1.));
#3529=DIRECTION('',(-1.,0.,0.));
#3530=DIRECTION('',(0.,0.,-1.));
#3531=DIRECTION('center_axis',(0.,0.,1.));
#3532=DIRECTION('ref_axis',(1.,0.,0.));
#3533=DIRECTION('',(1.,0.,0.));
#3534=DIRECTION('',(0.,-1.,0.));
#3535=DIRECTION('center_axis',(0.,1.,0.));
#3536=DIRECTION('ref_axis',(-1.,0.,0.));
#3537=DIRECTION('',(-1.,0.,0.));
#3538=DIRECTION('',(0.,0.,1.));
#3539=DIRECTION('center_axis',(0.,0.,1.));
#3540=DIRECTION('ref_axis',(1.,0.,0.));
#3541=DIRECTION('',(-1.,-4.24396538643415E-33,0.));
#3542=DIRECTION('',(0.,-1.,0.));
#3543=DIRECTION('center_axis',(4.24396538643415E-33,-1.,0.));
#3544=DIRECTION('ref_axis',(1.,4.24396538643415E-33,0.));
#3545=DIRECTION('',(1.,4.24396538643415E-33,0.));
#3546=DIRECTION('',(0.,0.,1.));
#3547=DIRECTION('center_axis',(0.,1.,0.));
#3548=DIRECTION('ref_axis',(-1.,0.,0.));
#3549=DIRECTION('',(-1.,0.,0.));
#3550=DIRECTION('center_axis',(0.,0.,-1.));
#3551=DIRECTION('ref_axis',(0.,-1.,0.));
#3552=DIRECTION('',(-1.,0.,0.));
#3553=DIRECTION('',(0.,1.,0.));
#3554=DIRECTION('',(-1.,0.,0.));
#3555=DIRECTION('center_axis',(0.,1.,0.));
#3556=DIRECTION('ref_axis',(0.,0.,-1.));
#3557=DIRECTION('',(-1.,0.,0.));
#3558=DIRECTION('',(0.,0.,1.));
#3559=DIRECTION('center_axis',(0.,-1.,0.));
#3560=DIRECTION('ref_axis',(0.,0.,1.));
#3561=DIRECTION('',(0.,0.,-1.));
#3562=DIRECTION('',(1.,0.,0.));
#3563=DIRECTION('center_axis',(0.,0.,1.));
#3564=DIRECTION('ref_axis',(1.,0.,0.));
#3565=DIRECTION('',(0.,1.,0.));
#3566=DIRECTION('',(-1.,0.,0.));
#3567=DIRECTION('center_axis',(0.,1.,0.));
#3568=DIRECTION('ref_axis',(-1.,0.,0.));
#3569=DIRECTION('',(0.,0.,-1.));
#3570=DIRECTION('',(-1.,0.,0.));
#3571=DIRECTION('center_axis',(0.,0.,-1.));
#3572=DIRECTION('ref_axis',(0.,-1.,0.));
#3573=DIRECTION('',(-1.,0.,0.));
#3574=DIRECTION('',(0.,1.,0.));
#3575=DIRECTION('center_axis',(0.,1.,0.));
#3576=DIRECTION('ref_axis',(0.,0.,-1.));
#3577=DIRECTION('',(-1.,0.,0.));
#3578=DIRECTION('',(0.,0.,1.));
#3579=DIRECTION('center_axis',(0.,0.,1.));
#3580=DIRECTION('ref_axis',(0.,1.,0.));
#3581=DIRECTION('',(-1.,-4.24396538643415E-33,0.));
#3582=DIRECTION('',(0.,-1.,0.));
#3583=DIRECTION('center_axis',(-1.,0.,0.));
#3584=DIRECTION('ref_axis',(0.,-1.,0.));
#3585=DIRECTION('',(0.,1.,0.));
#3586=DIRECTION('',(0.,0.,-1.));
#3587=DIRECTION('',(0.,1.,0.));
#3588=DIRECTION('',(0.,0.,1.));
#3589=DIRECTION('',(0.,1.,0.));
#3590=DIRECTION('',(0.,0.,1.));
#3591=DIRECTION('center_axis',(1.,0.,0.));
#3592=DIRECTION('ref_axis',(0.,1.,0.));
#3593=DIRECTION('center_axis',(1.,0.,0.));
#3594=DIRECTION('ref_axis',(0.,1.,0.));
#3595=DIRECTION('center_axis',(1.,0.,0.));
#3596=DIRECTION('ref_axis',(0.,1.,0.));
#3597=DIRECTION('center_axis',(1.,0.,0.));
#3598=DIRECTION('ref_axis',(0.,1.,0.));
#3599=DIRECTION('center_axis',(1.,0.,0.));
#3600=DIRECTION('ref_axis',(0.,1.,0.));
#3601=DIRECTION('center_axis',(1.,0.,0.));
#3602=DIRECTION('ref_axis',(0.,1.,0.));
#3603=DIRECTION('center_axis',(1.,0.,0.));
#3604=DIRECTION('ref_axis',(0.,1.,0.));
#3605=DIRECTION('center_axis',(1.,0.,0.));
#3606=DIRECTION('ref_axis',(0.,1.,0.));
#3607=DIRECTION('center_axis',(1.,0.,0.));
#3608=DIRECTION('ref_axis',(0.,1.,0.));
#3609=DIRECTION('center_axis',(1.,0.,0.));
#3610=DIRECTION('ref_axis',(0.,1.,0.));
#3611=DIRECTION('center_axis',(1.,0.,0.));
#3612=DIRECTION('ref_axis',(0.,1.,0.));
#3613=DIRECTION('center_axis',(1.,0.,0.));
#3614=DIRECTION('ref_axis',(0.,1.,0.));
#3615=DIRECTION('center_axis',(1.,0.,0.));
#3616=DIRECTION('ref_axis',(0.,1.,0.));
#3617=DIRECTION('center_axis',(0.,0.,-1.));
#3618=DIRECTION('ref_axis',(0.,-1.,0.));
#3619=DIRECTION('',(-1.,0.,0.));
#3620=DIRECTION('',(1.,4.24396538643415E-33,0.));
#3621=DIRECTION('center_axis',(0.,1.,0.));
#3622=DIRECTION('ref_axis',(0.,0.,-1.));
#3623=DIRECTION('center_axis',(4.24396538643415E-33,-1.,0.));
#3624=DIRECTION('ref_axis',(1.,4.24396538643415E-33,0.));
#3625=DIRECTION('center_axis',(0.,-1.,0.));
#3626=DIRECTION('ref_axis',(0.,0.,1.));
#3627=DIRECTION('',(-1.,0.,0.));
#3628=DIRECTION('',(1.,0.,0.));
#3629=DIRECTION('center_axis',(0.,0.,-1.));
#3630=DIRECTION('ref_axis',(0.,-1.,0.));
#3631=DIRECTION('center_axis',(0.,0.,1.));
#3632=DIRECTION('ref_axis',(1.,0.,0.));
#3633=DIRECTION('center_axis',(4.24396538643415E-33,-1.,0.));
#3634=DIRECTION('ref_axis',(1.,4.24396538643415E-33,0.));
#3635=DIRECTION('',(1.,4.24396538643415E-33,0.));
#3636=DIRECTION('center_axis',(0.,0.,1.));
#3637=DIRECTION('ref_axis',(1.,0.,0.));
#3638=DIRECTION('center_axis',(0.,0.,1.));
#3639=DIRECTION('ref_axis',(1.,0.,0.));
#3640=DIRECTION('',(0.,0.,1.));
#3641=DIRECTION('center_axis',(0.,0.,1.));
#3642=DIRECTION('ref_axis',(1.,0.,0.));
#3643=DIRECTION('center_axis',(0.,0.,-1.));
#3644=DIRECTION('ref_axis',(1.,0.,0.));
#3645=DIRECTION('center_axis',(0.,0.,1.));
#3646=DIRECTION('ref_axis',(1.,0.,0.));
#3647=DIRECTION('center_axis',(0.,0.,1.));
#3648=DIRECTION('ref_axis',(1.,0.,0.));
#3649=DIRECTION('',(0.,0.,1.));
#3650=DIRECTION('center_axis',(0.,0.,1.));
#3651=DIRECTION('ref_axis',(1.,0.,0.));
#3652=DIRECTION('center_axis',(0.,0.,-1.));
#3653=DIRECTION('ref_axis',(1.,0.,0.));
#3654=DIRECTION('center_axis',(0.,0.,1.));
#3655=DIRECTION('ref_axis',(1.,0.,0.));
#3656=DIRECTION('center_axis',(-1.,0.,0.));
#3657=DIRECTION('ref_axis',(0.,1.,0.));
#3658=DIRECTION('',(-1.,0.,0.));
#3659=DIRECTION('center_axis',(-1.,0.,0.));
#3660=DIRECTION('ref_axis',(0.,1.,0.));
#3661=DIRECTION('center_axis',(1.,0.,0.));
#3662=DIRECTION('ref_axis',(0.,1.,0.));
#3663=DIRECTION('center_axis',(-1.,0.,0.));
#3664=DIRECTION('ref_axis',(0.,1.,0.));
#3665=DIRECTION('',(-1.,0.,0.));
#3666=DIRECTION('center_axis',(-1.,0.,0.));
#3667=DIRECTION('ref_axis',(0.,1.,0.));
#3668=DIRECTION('center_axis',(1.,0.,0.));
#3669=DIRECTION('ref_axis',(0.,1.,0.));
#3670=DIRECTION('center_axis',(-1.,0.,0.));
#3671=DIRECTION('ref_axis',(0.,1.,0.));
#3672=DIRECTION('',(-1.,0.,0.));
#3673=DIRECTION('center_axis',(-1.,0.,0.));
#3674=DIRECTION('ref_axis',(0.,1.,0.));
#3675=DIRECTION('center_axis',(1.,0.,0.));
#3676=DIRECTION('ref_axis',(0.,1.,0.));
#3677=DIRECTION('center_axis',(-1.,0.,0.));
#3678=DIRECTION('ref_axis',(0.,1.,0.));
#3679=DIRECTION('',(-1.,0.,0.));
#3680=DIRECTION('center_axis',(-1.,0.,0.));
#3681=DIRECTION('ref_axis',(0.,1.,0.));
#3682=DIRECTION('center_axis',(1.,0.,0.));
#3683=DIRECTION('ref_axis',(0.,1.,0.));
#3684=DIRECTION('center_axis',(-1.,0.,0.));
#3685=DIRECTION('ref_axis',(0.,1.,0.));
#3686=DIRECTION('',(-1.,0.,0.));
#3687=DIRECTION('center_axis',(-1.,0.,0.));
#3688=DIRECTION('ref_axis',(0.,1.,0.));
#3689=DIRECTION('center_axis',(-1.,0.,0.));
#3690=DIRECTION('ref_axis',(0.,1.,0.));
#3691=DIRECTION('',(1.,0.,0.));
#3692=DIRECTION('center_axis',(1.,0.,0.));
#3693=DIRECTION('ref_axis',(0.,1.,0.));
#3694=DIRECTION('center_axis',(-1.,0.,0.));
#3695=DIRECTION('ref_axis',(0.,1.,0.));
#3696=DIRECTION('center_axis',(-1.,0.,0.));
#3697=DIRECTION('ref_axis',(0.,1.,0.));
#3698=DIRECTION('',(1.,0.,0.));
#3699=DIRECTION('center_axis',(1.,0.,0.));
#3700=DIRECTION('ref_axis',(0.,1.,0.));
#3701=DIRECTION('center_axis',(-1.,0.,0.));
#3702=DIRECTION('ref_axis',(0.,1.,0.));
#3703=DIRECTION('center_axis',(-1.,0.,0.));
#3704=DIRECTION('ref_axis',(0.,1.,0.));
#3705=DIRECTION('',(1.,0.,0.));
#3706=DIRECTION('center_axis',(1.,0.,0.));
#3707=DIRECTION('ref_axis',(0.,1.,0.));
#3708=DIRECTION('center_axis',(-1.,0.,0.));
#3709=DIRECTION('ref_axis',(0.,1.,0.));
#3710=DIRECTION('center_axis',(-1.,0.,0.));
#3711=DIRECTION('ref_axis',(0.,1.,0.));
#3712=DIRECTION('',(1.,0.,0.));
#3713=DIRECTION('center_axis',(1.,0.,0.));
#3714=DIRECTION('ref_axis',(0.,1.,0.));
#3715=DIRECTION('center_axis',(0.,0.,1.));
#3716=DIRECTION('ref_axis',(0.,1.,0.));
#3717=DIRECTION('',(0.,1.,0.));
#3718=DIRECTION('',(-1.,0.,0.));
#3719=DIRECTION('',(0.,1.,0.));
#3720=DIRECTION('',(-1.,0.,0.));
#3721=DIRECTION('center_axis',(0.,-1.,0.));
#3722=DIRECTION('ref_axis',(0.,0.,1.));
#3723=DIRECTION('',(0.,0.,1.));
#3724=DIRECTION('',(0.,0.,1.));
#3725=DIRECTION('',(-1.,0.,0.));
#3726=DIRECTION('center_axis',(0.,-1.16112943843336E-9,1.));
#3727=DIRECTION('ref_axis',(0.,1.,1.16112943843336E-9));
#3728=DIRECTION('',(0.,1.,1.16112943843336E-9));
#3729=DIRECTION('',(0.,1.,1.16112943843336E-9));
#3730=DIRECTION('',(-1.,0.,0.));
#3731=DIRECTION('center_axis',(0.,1.,0.));
#3732=DIRECTION('ref_axis',(0.,0.,-1.));
#3733=DIRECTION('',(0.,0.,-1.));
#3734=DIRECTION('',(0.,0.,-1.));
#3735=DIRECTION('',(-1.,0.,0.));
#3736=DIRECTION('center_axis',(0.,0.,1.));
#3737=DIRECTION('ref_axis',(0.,1.,0.));
#3738=DIRECTION('',(0.,1.,0.));
#3739=DIRECTION('',(0.,1.,0.));
#3740=DIRECTION('',(-1.,0.,0.));
#3741=DIRECTION('center_axis',(0.,1.,0.));
#3742=DIRECTION('ref_axis',(0.,0.,-1.));
#3743=DIRECTION('',(0.,0.,-1.));
#3744=DIRECTION('',(0.,0.,-1.));
#3745=DIRECTION('',(-1.,0.,0.));
#3746=DIRECTION('center_axis',(0.,0.,-1.));
#3747=DIRECTION('ref_axis',(0.,-1.,0.));
#3748=DIRECTION('',(0.,-1.,0.));
#3749=DIRECTION('',(0.,-1.,0.));
#3750=DIRECTION('',(-1.,0.,0.));
#3751=DIRECTION('center_axis',(0.,1.,0.));
#3752=DIRECTION('ref_axis',(0.,0.,-1.));
#3753=DIRECTION('',(0.,0.,-1.));
#3754=DIRECTION('',(0.,0.,-1.));
#3755=DIRECTION('',(-1.,0.,0.));
#3756=DIRECTION('center_axis',(0.,0.,1.));
#3757=DIRECTION('ref_axis',(0.,1.,0.));
#3758=DIRECTION('',(0.,1.,0.));
#3759=DIRECTION('',(0.,1.,0.));
#3760=DIRECTION('',(-1.,0.,0.));
#3761=DIRECTION('center_axis',(0.,1.,0.));
#3762=DIRECTION('ref_axis',(0.,0.,-1.));
#3763=DIRECTION('',(0.,0.,-1.));
#3764=DIRECTION('',(0.,0.,-1.));
#3765=DIRECTION('',(-1.,0.,0.));
#3766=DIRECTION('center_axis',(0.,0.,-1.));
#3767=DIRECTION('ref_axis',(0.,-1.,0.));
#3768=DIRECTION('',(0.,-1.,0.));
#3769=DIRECTION('',(0.,-1.,0.));
#3770=DIRECTION('',(-1.,0.,0.));
#3771=DIRECTION('center_axis',(0.,1.,0.));
#3772=DIRECTION('ref_axis',(0.,0.,-1.));
#3773=DIRECTION('',(0.,0.,-1.));
#3774=DIRECTION('',(0.,0.,-1.));
#3775=DIRECTION('',(-1.,0.,0.));
#3776=DIRECTION('center_axis',(0.,0.,-1.));
#3777=DIRECTION('ref_axis',(0.,-1.,0.));
#3778=DIRECTION('',(0.,-1.,0.));
#3779=DIRECTION('',(0.,-1.,0.));
#3780=DIRECTION('',(-1.,0.,0.));
#3781=DIRECTION('center_axis',(0.,-1.,0.));
#3782=DIRECTION('ref_axis',(0.,0.,1.));
#3783=DIRECTION('',(0.,0.,1.));
#3784=DIRECTION('',(0.,0.,1.));
#3785=DIRECTION('',(-1.,0.,0.));
#3786=DIRECTION('center_axis',(0.,0.,-1.));
#3787=DIRECTION('ref_axis',(0.,-1.,0.));
#3788=DIRECTION('',(0.,-1.,0.));
#3789=DIRECTION('',(0.,-1.,0.));
#3790=DIRECTION('',(-1.,0.,0.));
#3791=DIRECTION('center_axis',(0.,1.,0.));
#3792=DIRECTION('ref_axis',(0.,0.,-1.));
#3793=DIRECTION('',(0.,0.,-1.));
#3794=DIRECTION('',(0.,0.,-1.));
#3795=DIRECTION('',(-1.,0.,0.));
#3796=DIRECTION('center_axis',(0.,0.,-1.));
#3797=DIRECTION('ref_axis',(0.,-1.,0.));
#3798=DIRECTION('',(0.,-1.,0.));
#3799=DIRECTION('',(0.,-1.,0.));
#3800=DIRECTION('',(-1.,0.,0.));
#3801=DIRECTION('center_axis',(0.,-1.,0.));
#3802=DIRECTION('ref_axis',(0.,0.,1.));
#3803=DIRECTION('',(0.,0.,1.));
#3804=DIRECTION('',(0.,0.,1.));
#3805=DIRECTION('',(-1.,0.,0.));
#3806=DIRECTION('center_axis',(0.,0.,-1.));
#3807=DIRECTION('ref_axis',(0.,-1.,0.));
#3808=DIRECTION('',(0.,-1.,0.));
#3809=DIRECTION('',(0.,-1.,0.));
#3810=DIRECTION('',(-1.,0.,0.));
#3811=DIRECTION('center_axis',(0.,-1.,0.));
#3812=DIRECTION('ref_axis',(0.,0.,1.));
#3813=DIRECTION('',(0.,0.,1.));
#3814=DIRECTION('',(0.,0.,1.));
#3815=DIRECTION('',(-1.,0.,0.));
#3816=DIRECTION('center_axis',(0.,0.,1.));
#3817=DIRECTION('ref_axis',(0.,1.,0.));
#3818=DIRECTION('',(0.,1.,0.));
#3819=DIRECTION('',(0.,1.,0.));
#3820=DIRECTION('',(-1.,0.,0.));
#3821=DIRECTION('center_axis',(0.,-1.,0.));
#3822=DIRECTION('ref_axis',(0.,0.,1.));
#3823=DIRECTION('',(0.,0.,1.));
#3824=DIRECTION('',(0.,0.,1.));
#3825=DIRECTION('',(-1.,0.,0.));
#3826=DIRECTION('center_axis',(0.,0.,-1.));
#3827=DIRECTION('ref_axis',(0.,-1.,0.));
#3828=DIRECTION('',(0.,-1.,0.));
#3829=DIRECTION('',(0.,-1.,0.));
#3830=DIRECTION('',(-1.,0.,0.));
#3831=DIRECTION('center_axis',(0.,-1.,0.));
#3832=DIRECTION('ref_axis',(0.,0.,1.));
#3833=DIRECTION('',(0.,0.,1.));
#3834=DIRECTION('',(0.,0.,1.));
#3835=DIRECTION('',(-1.,0.,0.));
#3836=DIRECTION('center_axis',(0.,0.,1.));
#3837=DIRECTION('ref_axis',(0.,1.,0.));
#3838=DIRECTION('',(0.,1.,0.));
#3839=DIRECTION('',(0.,1.,0.));
#3840=DIRECTION('',(-1.,0.,0.));
#3841=DIRECTION('center_axis',(0.,-1.,0.));
#3842=DIRECTION('ref_axis',(0.,0.,1.));
#3843=DIRECTION('',(0.,0.,1.));
#3844=DIRECTION('',(0.,0.,1.));
#3845=DIRECTION('',(-1.,0.,0.));
#3846=DIRECTION('center_axis',(0.,1.04691997979985E-9,1.));
#3847=DIRECTION('ref_axis',(0.,1.,-1.04691997979985E-9));
#3848=DIRECTION('',(0.,1.,-1.04691997979985E-9));
#3849=DIRECTION('',(0.,1.,-1.04691997979985E-9));
#3850=DIRECTION('',(-1.,0.,0.));
#3851=DIRECTION('center_axis',(0.,1.,0.));
#3852=DIRECTION('ref_axis',(0.,0.,-1.));
#3853=DIRECTION('',(0.,0.,-1.));
#3854=DIRECTION('',(0.,0.,-1.));
#3855=DIRECTION('center_axis',(-1.,0.,0.));
#3856=DIRECTION('ref_axis',(0.,-1.,0.));
#3857=DIRECTION('center_axis',(1.,0.,0.));
#3858=DIRECTION('ref_axis',(0.,-1.,0.));
#3859=DIRECTION('',(1.,0.,0.));
#3860=DIRECTION('center_axis',(1.,0.,0.));
#3861=DIRECTION('ref_axis',(0.,-1.,0.));
#3862=DIRECTION('center_axis',(-1.,0.,0.));
#3863=DIRECTION('ref_axis',(0.,-1.,0.));
#3864=DIRECTION('center_axis',(1.,0.,0.));
#3865=DIRECTION('ref_axis',(0.,-1.,0.));
#3866=DIRECTION('',(1.,0.,0.));
#3867=DIRECTION('center_axis',(1.,0.,0.));
#3868=DIRECTION('ref_axis',(0.,-1.,0.));
#3869=DIRECTION('center_axis',(-1.,0.,0.));
#3870=DIRECTION('ref_axis',(0.,-1.,0.));
#3871=DIRECTION('center_axis',(1.,0.,0.));
#3872=DIRECTION('ref_axis',(0.,-1.,0.));
#3873=DIRECTION('',(1.,0.,0.));
#3874=DIRECTION('center_axis',(1.,0.,0.));
#3875=DIRECTION('ref_axis',(0.,-1.,0.));
#3876=DIRECTION('center_axis',(-1.,0.,0.));
#3877=DIRECTION('ref_axis',(0.,-1.,0.));
#3878=DIRECTION('center_axis',(1.,0.,0.));
#3879=DIRECTION('ref_axis',(0.,-1.,0.));
#3880=DIRECTION('',(1.,0.,0.));
#3881=DIRECTION('center_axis',(1.,0.,0.));
#3882=DIRECTION('ref_axis',(0.,-1.,0.));
#3883=DIRECTION('center_axis',(-1.,0.,0.));
#3884=DIRECTION('ref_axis',(0.,-1.,0.));
#3885=DIRECTION('center_axis',(1.,0.,0.));
#3886=DIRECTION('ref_axis',(0.,-1.,0.));
#3887=DIRECTION('',(1.,0.,0.));
#3888=DIRECTION('center_axis',(1.,0.,0.));
#3889=DIRECTION('ref_axis',(0.,-1.,0.));
#3890=DIRECTION('center_axis',(-1.,0.,0.));
#3891=DIRECTION('ref_axis',(0.,-1.,0.));
#3892=DIRECTION('center_axis',(1.,0.,0.));
#3893=DIRECTION('ref_axis',(0.,-1.,0.));
#3894=DIRECTION('',(1.,0.,0.));
#3895=DIRECTION('center_axis',(1.,0.,0.));
#3896=DIRECTION('ref_axis',(0.,-1.,0.));
#3897=DIRECTION('center_axis',(-1.,0.,0.));
#3898=DIRECTION('ref_axis',(0.,-1.,0.));
#3899=DIRECTION('center_axis',(1.,0.,0.));
#3900=DIRECTION('ref_axis',(0.,-1.,0.));
#3901=DIRECTION('',(1.,0.,0.));
#3902=DIRECTION('center_axis',(1.,0.,0.));
#3903=DIRECTION('ref_axis',(0.,-1.,0.));
#3904=DIRECTION('center_axis',(-1.,0.,0.));
#3905=DIRECTION('ref_axis',(0.,-1.,0.));
#3906=DIRECTION('center_axis',(1.,0.,0.));
#3907=DIRECTION('ref_axis',(0.,-1.,0.));
#3908=DIRECTION('',(1.,0.,0.));
#3909=DIRECTION('center_axis',(1.,0.,0.));
#3910=DIRECTION('ref_axis',(0.,-1.,0.));
#3911=DIRECTION('center_axis',(0.,0.,-1.));
#3912=DIRECTION('ref_axis',(0.,-1.,0.));
#3913=DIRECTION('',(0.,-1.,0.));
#3914=DIRECTION('',(-1.,0.,0.));
#3915=DIRECTION('',(0.,-1.,0.));
#3916=DIRECTION('',(-1.,0.,0.));
#3917=DIRECTION('center_axis',(0.,1.,0.));
#3918=DIRECTION('ref_axis',(0.,0.,-1.));
#3919=DIRECTION('',(0.,0.,1.));
#3920=DIRECTION('',(0.,0.,-1.));
#3921=DIRECTION('',(-1.,0.,0.));
#3922=DIRECTION('center_axis',(0.,0.,1.));
#3923=DIRECTION('ref_axis',(0.,1.,0.));
#3924=DIRECTION('',(0.,1.,0.));
#3925=DIRECTION('',(0.,1.,0.));
#3926=DIRECTION('',(-1.,0.,0.));
#3927=DIRECTION('center_axis',(0.,-1.,0.));
#3928=DIRECTION('ref_axis',(0.,0.,1.));
#3929=DIRECTION('',(0.,0.,1.));
#3930=DIRECTION('',(0.,0.,1.));
#3931=DIRECTION('center_axis',(-1.,0.,0.));
#3932=DIRECTION('ref_axis',(0.,-1.,0.));
#3933=DIRECTION('center_axis',(-1.,0.,0.));
#3934=DIRECTION('ref_axis',(0.,-1.,0.));
#3935=DIRECTION('center_axis',(1.,0.,0.));
#3936=DIRECTION('ref_axis',(0.,1.,0.));
#3937=DIRECTION('center_axis',(-1.,0.,0.));
#3938=DIRECTION('ref_axis',(0.,0.,1.));
#3939=DIRECTION('',(0.,1.00929365875014E-16,1.));
#3940=DIRECTION('center_axis',(-1.,0.,0.));
#3941=DIRECTION('ref_axis',(0.,-1.,5.55111512312579E-16));
#3942=DIRECTION('',(0.,-1.,-1.00929365875014E-16));
#3943=DIRECTION('center_axis',(-1.,0.,0.));
#3944=DIRECTION('ref_axis',(0.,0.,-1.));
#3945=DIRECTION('',(0.,0.,-1.));
#3946=DIRECTION('center_axis',(-1.,0.,0.));
#3947=DIRECTION('ref_axis',(0.,1.,-1.11022302462516E-15));
#3948=DIRECTION('',(0.,1.,0.));
#3949=DIRECTION('center_axis',(1.,0.,0.));
#3950=DIRECTION('ref_axis',(0.,1.,0.));
#3951=DIRECTION('center_axis',(1.,0.,0.));
#3952=DIRECTION('ref_axis',(0.,1.,0.));
#3953=DIRECTION('center_axis',(1.,0.,0.));
#3954=DIRECTION('ref_axis',(0.,1.,0.));
#3955=DIRECTION('center_axis',(1.,0.,0.));
#3956=DIRECTION('ref_axis',(0.,1.,0.));
#3957=DIRECTION('center_axis',(1.,0.,0.));
#3958=DIRECTION('ref_axis',(0.,1.,0.));
#3959=DIRECTION('center_axis',(0.,1.00929365875014E-16,-1.));
#3960=DIRECTION('ref_axis',(0.,1.,1.00929365875014E-16));
#3961=DIRECTION('',(1.,0.,0.));
#3962=DIRECTION('',(0.,-1.,-1.00929365875014E-16));
#3963=DIRECTION('',(1.,0.,0.));
#3964=DIRECTION('center_axis',(1.,0.,0.));
#3965=DIRECTION('ref_axis',(0.,-1.,5.55111512312579E-16));
#3966=DIRECTION('',(1.,0.,0.));
#3967=DIRECTION('center_axis',(1.,0.,0.));
#3968=DIRECTION('ref_axis',(0.,-1.,5.55111512312579E-16));
#3969=DIRECTION('center_axis',(0.,-1.,1.00929365875014E-16));
#3970=DIRECTION('ref_axis',(0.,-1.00929365875014E-16,-1.));
#3971=DIRECTION('',(1.,0.,0.));
#3972=DIRECTION('',(0.,1.00929365875014E-16,1.));
#3973=DIRECTION('center_axis',(1.,0.,0.));
#3974=DIRECTION('ref_axis',(0.,0.,1.));
#3975=DIRECTION('',(1.,0.,0.));
#3976=DIRECTION('center_axis',(1.,0.,0.));
#3977=DIRECTION('ref_axis',(0.,0.,1.));
#3978=DIRECTION('center_axis',(1.,0.,0.));
#3979=DIRECTION('ref_axis',(0.,1.,0.));
#3980=DIRECTION('',(-1.,0.,0.));
#3981=DIRECTION('center_axis',(-1.,0.,0.));
#3982=DIRECTION('ref_axis',(0.,1.,0.));
#3983=DIRECTION('center_axis',(1.,0.,0.));
#3984=DIRECTION('ref_axis',(0.,1.,0.));
#3985=DIRECTION('',(-1.,0.,0.));
#3986=DIRECTION('center_axis',(1.,0.,0.));
#3987=DIRECTION('ref_axis',(0.,1.,0.));
#3988=DIRECTION('center_axis',(1.,0.,0.));
#3989=DIRECTION('ref_axis',(0.,1.,0.));
#3990=DIRECTION('',(-1.,0.,0.));
#3991=DIRECTION('center_axis',(-1.,0.,0.));
#3992=DIRECTION('ref_axis',(0.,1.,0.));
#3993=DIRECTION('center_axis',(1.,0.,0.));
#3994=DIRECTION('ref_axis',(0.,1.,0.));
#3995=DIRECTION('',(-1.,0.,0.));
#3996=DIRECTION('center_axis',(-1.,0.,0.));
#3997=DIRECTION('ref_axis',(0.,1.,0.));
#3998=DIRECTION('center_axis',(1.,0.,0.));
#3999=DIRECTION('ref_axis',(0.,1.,0.));
#4000=DIRECTION('',(-1.,0.,0.));
#4001=DIRECTION('center_axis',(-1.,0.,0.));
#4002=DIRECTION('ref_axis',(0.,1.,0.));
#4003=DIRECTION('center_axis',(0.,0.,1.));
#4004=DIRECTION('ref_axis',(0.,-1.,0.));
#4005=DIRECTION('',(1.,0.,0.));
#4006=DIRECTION('',(0.,1.,0.));
#4007=DIRECTION('center_axis',(1.,0.,0.));
#4008=DIRECTION('ref_axis',(0.,1.,-1.11022302462516E-15));
#4009=DIRECTION('',(1.,0.,0.));
#4010=DIRECTION('center_axis',(1.,0.,0.));
#4011=DIRECTION('ref_axis',(0.,1.,-1.11022302462516E-15));
#4012=DIRECTION('center_axis',(0.,1.,0.));
#4013=DIRECTION('ref_axis',(0.,0.,1.));
#4014=DIRECTION('',(1.,0.,0.));
#4015=DIRECTION('',(0.,0.,-1.));
#4016=DIRECTION('center_axis',(1.,0.,0.));
#4017=DIRECTION('ref_axis',(0.,0.,-1.));
#4018=DIRECTION('center_axis',(1.,0.,0.));
#4019=DIRECTION('ref_axis',(0.,0.,-1.));
#4020=DIRECTION('center_axis',(1.,0.,0.));
#4021=DIRECTION('ref_axis',(0.,1.,0.));
#4022=CARTESIAN_POINT('',(0.,0.,0.));
#4023=CARTESIAN_POINT('Origin',(0.,57.,4.5));
#4024=CARTESIAN_POINT('',(0.,59.,4.5));
#4025=CARTESIAN_POINT('Origin',(0.,57.,4.5));
#4026=CARTESIAN_POINT('',(1.5,59.,4.5));
#4027=CARTESIAN_POINT('',(0.,59.,4.5));
#4028=CARTESIAN_POINT('Origin',(1.5,57.,4.5));
#4029=CARTESIAN_POINT('Origin',(1.5,57.,4.5));
#4030=CARTESIAN_POINT('',(1.5,55.6,4.5));
#4031=CARTESIAN_POINT('Origin',(1.5,57.,4.5));
#4032=CARTESIAN_POINT('Origin',(0.,57.,108.5));
#4033=CARTESIAN_POINT('',(0.,59.,108.5));
#4034=CARTESIAN_POINT('Origin',(0.,57.,108.5));
#4035=CARTESIAN_POINT('',(1.5,59.,108.5));
#4036=CARTESIAN_POINT('',(0.,59.,108.5));
#4037=CARTESIAN_POINT('Origin',(1.5,57.,108.5));
#4038=CARTESIAN_POINT('Origin',(1.5,57.,108.5));
#4039=CARTESIAN_POINT('',(1.5,55.6,108.5));
#4040=CARTESIAN_POINT('Origin',(1.5,57.,108.5));
#4041=CARTESIAN_POINT('Origin',(0.,4.5,108.5));
#4042=CARTESIAN_POINT('',(0.,6.5,108.5));
#4043=CARTESIAN_POINT('Origin',(0.,4.5,108.5));
#4044=CARTESIAN_POINT('',(1.5,6.5,108.5));
#4045=CARTESIAN_POINT('',(0.,6.5,108.5));
#4046=CARTESIAN_POINT('Origin',(1.5,4.5,108.5));
#4047=CARTESIAN_POINT('Origin',(1.5,4.5,108.5));
#4048=CARTESIAN_POINT('',(1.5,3.1,108.5));
#4049=CARTESIAN_POINT('Origin',(1.5,4.5,108.5));
#4050=CARTESIAN_POINT('Origin',(0.,109.5,4.5));
#4051=CARTESIAN_POINT('',(0.,111.5,4.5));
#4052=CARTESIAN_POINT('Origin',(0.,109.5,4.5));
#4053=CARTESIAN_POINT('',(1.5,111.5,4.5));
#4054=CARTESIAN_POINT('',(0.,111.5,4.5));
#4055=CARTESIAN_POINT('Origin',(1.5,109.5,4.5));
#4056=CARTESIAN_POINT('Origin',(1.5,109.5,4.5));
#4057=CARTESIAN_POINT('',(1.5,108.1,4.5));
#4058=CARTESIAN_POINT('Origin',(1.5,109.5,4.5));
#4059=CARTESIAN_POINT('Origin',(0.,4.5,4.5));
#4060=CARTESIAN_POINT('',(0.,6.5,4.5));
#4061=CARTESIAN_POINT('Origin',(0.,4.5,4.5));
#4062=CARTESIAN_POINT('',(1.5,6.5,4.5));
#4063=CARTESIAN_POINT('',(0.,6.5,4.5));
#4064=CARTESIAN_POINT('Origin',(1.5,4.5,4.5));
#4065=CARTESIAN_POINT('Origin',(1.5,4.5,4.5));
#4066=CARTESIAN_POINT('',(1.5,3.1,4.5));
#4067=CARTESIAN_POINT('Origin',(1.5,4.5,4.5));
#4068=CARTESIAN_POINT('Origin',(0.,109.5,108.5));
#4069=CARTESIAN_POINT('',(0.,111.5,108.5));
#4070=CARTESIAN_POINT('Origin',(0.,109.5,108.5));
#4071=CARTESIAN_POINT('',(1.5,111.5,108.5));
#4072=CARTESIAN_POINT('',(0.,111.5,108.5));
#4073=CARTESIAN_POINT('Origin',(1.5,109.5,108.5));
#4074=CARTESIAN_POINT('Origin',(1.5,109.5,108.5));
#4075=CARTESIAN_POINT('',(1.5,108.1,108.5));
#4076=CARTESIAN_POINT('Origin',(1.5,109.5,108.5));
#4077=CARTESIAN_POINT('Origin',(0.,4.5,56.5));
#4078=CARTESIAN_POINT('',(0.,6.5,56.5));
#4079=CARTESIAN_POINT('Origin',(0.,4.5,56.5));
#4080=CARTESIAN_POINT('',(1.5,6.5,56.5));
#4081=CARTESIAN_POINT('',(0.,6.5,56.5));
#4082=CARTESIAN_POINT('Origin',(1.5,4.5,56.5));
#4083=CARTESIAN_POINT('Origin',(1.5,4.5,56.5));
#4084=CARTESIAN_POINT('',(1.5,3.1,56.5));
#4085=CARTESIAN_POINT('Origin',(1.5,4.5,56.5));
#4086=CARTESIAN_POINT('Origin',(0.,109.5,56.5));
#4087=CARTESIAN_POINT('',(0.,111.5,56.5));
#4088=CARTESIAN_POINT('Origin',(0.,109.5,56.5));
#4089=CARTESIAN_POINT('',(1.5,111.5,56.5));
#4090=CARTESIAN_POINT('',(0.,111.5,56.5));
#4091=CARTESIAN_POINT('Origin',(1.5,109.5,56.5));
#4092=CARTESIAN_POINT('Origin',(1.5,109.5,56.5));
#4093=CARTESIAN_POINT('',(1.5,108.1,56.5));
#4094=CARTESIAN_POINT('Origin',(1.5,109.5,56.5));
#4095=CARTESIAN_POINT('Origin',(3.,57.,4.5));
#4096=CARTESIAN_POINT('',(3.,55.6,4.5));
#4097=CARTESIAN_POINT('Origin',(3.,57.,4.5));
#4098=CARTESIAN_POINT('',(3.,55.6,4.5));
#4099=CARTESIAN_POINT('Origin',(3.,109.5,108.5));
#4100=CARTESIAN_POINT('',(3.,108.1,108.5));
#4101=CARTESIAN_POINT('Origin',(3.,109.5,108.5));
#4102=CARTESIAN_POINT('',(3.,108.1,108.5));
#4103=CARTESIAN_POINT('Origin',(3.,4.5,56.5));
#4104=CARTESIAN_POINT('',(3.,3.1,56.5));
#4105=CARTESIAN_POINT('Origin',(3.,4.5,56.5));
#4106=CARTESIAN_POINT('',(3.,3.1,56.5));
#4107=CARTESIAN_POINT('Origin',(3.,109.5,56.5));
#4108=CARTESIAN_POINT('',(3.,108.1,56.5));
#4109=CARTESIAN_POINT('Origin',(3.,109.5,56.5));
#4110=CARTESIAN_POINT('',(3.,108.1,56.5));
#4111=CARTESIAN_POINT('Origin',(3.,109.5,4.5));
#4112=CARTESIAN_POINT('',(3.,108.1,4.5));
#4113=CARTESIAN_POINT('Origin',(3.,109.5,4.5));
#4114=CARTESIAN_POINT('',(3.,108.1,4.5));
#4115=CARTESIAN_POINT('Origin',(3.,4.5,108.5));
#4116=CARTESIAN_POINT('',(3.,3.1,108.5));
#4117=CARTESIAN_POINT('Origin',(3.,4.5,108.5));
#4118=CARTESIAN_POINT('',(3.,3.1,108.5));
#4119=CARTESIAN_POINT('Origin',(3.,4.5,4.5));
#4120=CARTESIAN_POINT('',(3.,3.1,4.5));
#4121=CARTESIAN_POINT('Origin',(3.,4.5,4.5));
#4122=CARTESIAN_POINT('',(3.,3.1,4.5));
#4123=CARTESIAN_POINT('Origin',(3.,57.,108.5));
#4124=CARTESIAN_POINT('',(3.,55.6,108.5));
#4125=CARTESIAN_POINT('Origin',(3.,57.,108.5));
#4126=CARTESIAN_POINT('',(3.,55.6,108.5));
#4127=CARTESIAN_POINT('Origin',(20.875,57.,113.));
#4128=CARTESIAN_POINT('',(3.,114.,113.));
#4129=CARTESIAN_POINT('',(3.,1.27318961593024E-32,113.));
#4130=CARTESIAN_POINT('',(3.,57.0036543647927,113.));
#4131=CARTESIAN_POINT('',(0.,114.,113.));
#4132=CARTESIAN_POINT('',(41.75,114.,113.));
#4133=CARTESIAN_POINT('',(0.,0.,113.));
#4134=CARTESIAN_POINT('',(0.,114.,113.));
#4135=CARTESIAN_POINT('',(0.,0.,113.));
#4136=CARTESIAN_POINT('Origin',(0.,0.,0.));
#4137=CARTESIAN_POINT('',(3.,1.27318961593024E-32,0.));
#4138=CARTESIAN_POINT('',(3.,0.,28.25));
#4139=CARTESIAN_POINT('',(0.,0.,0.));
#4140=CARTESIAN_POINT('',(0.,0.,0.));
#4141=CARTESIAN_POINT('',(0.,0.,0.));
#4142=CARTESIAN_POINT('Origin',(3.,114.,0.));
#4143=CARTESIAN_POINT('',(3.,114.,0.));
#4144=CARTESIAN_POINT('',(3.,57.0036543647927,0.));
#4145=CARTESIAN_POINT('',(3.,114.,28.25));
#4146=CARTESIAN_POINT('',(3.,55.25,90.));
#4147=CARTESIAN_POINT('Origin',(3.,57.,90.));
#4148=CARTESIAN_POINT('Origin',(0.,57.,90.));
#4149=CARTESIAN_POINT('',(0.,55.25,90.));
#4150=CARTESIAN_POINT('Origin',(0.,57.,90.));
#4151=CARTESIAN_POINT('',(0.,55.25,90.));
#4152=CARTESIAN_POINT('Origin',(0.,114.,0.));
#4153=CARTESIAN_POINT('',(0.,114.,0.));
#4154=CARTESIAN_POINT('',(0.,114.,0.));
#4155=CARTESIAN_POINT('',(0.,114.,0.));
#4156=CARTESIAN_POINT('Origin',(20.875,57.,0.));
#4157=CARTESIAN_POINT('',(41.75,114.,0.));
#4158=CARTESIAN_POINT('Origin',(41.75,114.,0.));
#4159=CARTESIAN_POINT('Origin',(5.,109.5,108.5));
#4160=CARTESIAN_POINT('',(5.,111.15,108.5));
#4161=CARTESIAN_POINT('Origin',(5.,109.5,108.5));
#4162=CARTESIAN_POINT('',(9.2,111.15,108.5));
#4163=CARTESIAN_POINT('',(5.,111.15,108.5));
#4164=CARTESIAN_POINT('Origin',(9.2,109.5,108.5));
#4165=CARTESIAN_POINT('Origin',(9.2,109.5,108.5));
#4166=CARTESIAN_POINT('Origin',(5.,4.49999999999999,4.5));
#4167=CARTESIAN_POINT('',(5.,6.14999999999998,4.5));
#4168=CARTESIAN_POINT('Origin',(5.,4.49999999999999,4.5));
#4169=CARTESIAN_POINT('',(9.2,6.14999999999998,4.5));
#4170=CARTESIAN_POINT('',(5.,6.14999999999998,4.5));
#4171=CARTESIAN_POINT('Origin',(9.2,4.49999999999999,4.5));
#4172=CARTESIAN_POINT('Origin',(9.2,4.49999999999999,4.5));
#4173=CARTESIAN_POINT('Origin',(5.,109.5,56.5));
#4174=CARTESIAN_POINT('',(5.,111.15,56.5));
#4175=CARTESIAN_POINT('Origin',(5.,109.5,56.5));
#4176=CARTESIAN_POINT('',(9.2,111.15,56.5));
#4177=CARTESIAN_POINT('',(5.,111.15,56.5));
#4178=CARTESIAN_POINT('Origin',(9.2,109.5,56.5));
#4179=CARTESIAN_POINT('Origin',(9.2,109.5,56.5));
#4180=CARTESIAN_POINT('Origin',(5.,57.,108.5));
#4181=CARTESIAN_POINT('',(5.,58.65,108.5));
#4182=CARTESIAN_POINT('Origin',(5.,57.,108.5));
#4183=CARTESIAN_POINT('',(9.2,58.65,108.5));
#4184=CARTESIAN_POINT('',(5.,58.65,108.5));
#4185=CARTESIAN_POINT('Origin',(9.2,57.,108.5));
#4186=CARTESIAN_POINT('Origin',(9.2,57.,108.5));
#4187=CARTESIAN_POINT('Origin',(5.,4.49999999999999,108.5));
#4188=CARTESIAN_POINT('',(5.,6.14999999999998,108.5));
#4189=CARTESIAN_POINT('Origin',(5.,4.49999999999999,108.5));
#4190=CARTESIAN_POINT('',(9.2,6.14999999999998,108.5));
#4191=CARTESIAN_POINT('',(5.,6.14999999999998,108.5));
#4192=CARTESIAN_POINT('Origin',(9.2,4.49999999999999,108.5));
#4193=CARTESIAN_POINT('Origin',(9.2,4.49999999999999,108.5));
#4194=CARTESIAN_POINT('Origin',(5.,109.5,4.5));
#4195=CARTESIAN_POINT('',(5.,111.15,4.5));
#4196=CARTESIAN_POINT('Origin',(5.,109.5,4.5));
#4197=CARTESIAN_POINT('',(9.2,111.15,4.5));
#4198=CARTESIAN_POINT('',(5.,111.15,4.5));
#4199=CARTESIAN_POINT('Origin',(9.2,109.5,4.5));
#4200=CARTESIAN_POINT('Origin',(9.2,109.5,4.5));
#4201=CARTESIAN_POINT('Origin',(5.,4.49999999999999,56.5));
#4202=CARTESIAN_POINT('',(5.,6.14999999999998,56.5));
#4203=CARTESIAN_POINT('Origin',(5.,4.49999999999999,56.5));
#4204=CARTESIAN_POINT('',(9.2,6.14999999999998,56.5));
#4205=CARTESIAN_POINT('',(5.,6.14999999999998,56.5));
#4206=CARTESIAN_POINT('Origin',(9.2,4.49999999999999,56.5));
#4207=CARTESIAN_POINT('Origin',(9.2,4.49999999999999,56.5));
#4208=CARTESIAN_POINT('Origin',(5.,57.,4.50000004470348));
#4209=CARTESIAN_POINT('',(5.,58.65,4.50000004470348));
#4210=CARTESIAN_POINT('Origin',(5.,57.,4.50000004470348));
#4211=CARTESIAN_POINT('',(9.2,58.65,4.50000004470348));
#4212=CARTESIAN_POINT('',(5.,58.65,4.50000004470348));
#4213=CARTESIAN_POINT('Origin',(9.2,57.,4.50000004470348));
#4214=CARTESIAN_POINT('Origin',(9.2,57.,4.50000004470349));
#4215=CARTESIAN_POINT('Origin',(38.75,124.014617459171,113.));
#4216=CARTESIAN_POINT('',(38.75,114.,0.));
#4217=CARTESIAN_POINT('',(38.75,114.,113.));
#4218=CARTESIAN_POINT('',(38.75,114.,0.));
#4219=CARTESIAN_POINT('',(38.75,113.999617459171,113.));
#4220=CARTESIAN_POINT('',(38.75,90.5073087295854,113.));
#4221=CARTESIAN_POINT('',(38.75,113.999617459171,0.));
#4222=CARTESIAN_POINT('',(38.75,113.999617459171,0.));
#4223=CARTESIAN_POINT('',(38.75,90.5073087295854,0.));
#4224=CARTESIAN_POINT('Origin',(41.75,113.999617459171,0.));
#4225=CARTESIAN_POINT('',(41.75,113.999617459171,0.));
#4226=CARTESIAN_POINT('',(31.3125,113.999617459171,0.));
#4227=CARTESIAN_POINT('',(41.75,113.999617459171,113.));
#4228=CARTESIAN_POINT('',(31.3125,113.999617459171,113.));
#4229=CARTESIAN_POINT('',(41.75,113.999617459171,0.));
#4230=CARTESIAN_POINT('Origin',(41.75,0.,0.));
#4231=CARTESIAN_POINT('',(41.75,0.,113.));
#4232=CARTESIAN_POINT('',(41.75,0.,113.));
#4233=CARTESIAN_POINT('',(41.75,0.,0.));
#4234=CARTESIAN_POINT('',(41.75,0.,0.));
#4235=CARTESIAN_POINT('',(41.75,0.,0.));
#4236=CARTESIAN_POINT('',(41.75,31.65,64.1));
#4237=CARTESIAN_POINT('Origin',(41.75,64.65,64.1));
#4238=CARTESIAN_POINT('',(41.75,88.25,90.1));
#4239=CARTESIAN_POINT('Origin',(41.75,90.65,90.1));
#4240=CARTESIAN_POINT('',(41.75,88.25,38.1));
#4241=CARTESIAN_POINT('Origin',(41.75,90.65,38.1));
#4242=CARTESIAN_POINT('',(41.75,36.25,90.1));
#4243=CARTESIAN_POINT('Origin',(41.75,38.65,90.1));
#4244=CARTESIAN_POINT('',(41.75,36.25,38.1));
#4245=CARTESIAN_POINT('Origin',(41.75,38.65,38.1));
#4246=CARTESIAN_POINT('Origin',(20.875,57.,113.));
#4247=CARTESIAN_POINT('',(5.,114.,113.));
#4248=CARTESIAN_POINT('',(41.75,114.,113.));
#4249=CARTESIAN_POINT('',(5.,0.,113.));
#4250=CARTESIAN_POINT('',(5.,57.0036543647927,113.));
#4251=CARTESIAN_POINT('',(0.,0.,113.));
#4252=CARTESIAN_POINT('Origin',(5.,57.0073087295854,56.5));
#4253=CARTESIAN_POINT('',(5.,0.,0.));
#4254=CARTESIAN_POINT('',(5.,114.,0.));
#4255=CARTESIAN_POINT('',(5.,57.0036543647927,0.));
#4256=CARTESIAN_POINT('',(5.,0.,28.25));
#4257=CARTESIAN_POINT('',(5.,114.,28.25));
#4258=CARTESIAN_POINT('',(5.,14.0000002086163,9.));
#4259=CARTESIAN_POINT('',(5.,3.00000000000001,9.));
#4260=CARTESIAN_POINT('',(5.,33.5036544691008,9.));
#4261=CARTESIAN_POINT('',(5.,14.0000002086163,3.));
#4262=CARTESIAN_POINT('',(5.,14.0000002086163,28.25));
#4263=CARTESIAN_POINT('',(5.,52.5,3.00000004470348));
#4264=CARTESIAN_POINT('',(5.,57.0036543647927,3.));
#4265=CARTESIAN_POINT('',(5.,52.5,9.00000004470348));
#4266=CARTESIAN_POINT('',(5.,52.5,29.7500000223517));
#4267=CARTESIAN_POINT('',(5.,61.5,9.00000004470348));
#4268=CARTESIAN_POINT('',(5.,54.7536543647927,9.00000004470348));
#4269=CARTESIAN_POINT('',(5.,61.5,3.00000004470348));
#4270=CARTESIAN_POINT('',(5.,61.5,32.7500000223517));
#4271=CARTESIAN_POINT('',(5.,104.2,3.));
#4272=CARTESIAN_POINT('',(5.,57.0036543647927,3.));
#4273=CARTESIAN_POINT('',(5.,104.2,9.));
#4274=CARTESIAN_POINT('',(5.,104.2,28.25));
#4275=CARTESIAN_POINT('',(5.,111.,9.));
#4276=CARTESIAN_POINT('',(5.,82.6036543647927,9.));
#4277=CARTESIAN_POINT('',(5.,111.,52.));
#4278=CARTESIAN_POINT('',(5.,111.,28.25));
#4279=CARTESIAN_POINT('',(5.,105.,52.));
#4280=CARTESIAN_POINT('',(5.,84.0036543647927,52.));
#4281=CARTESIAN_POINT('',(5.,105.,61.));
#4282=CARTESIAN_POINT('',(5.,105.,54.25));
#4283=CARTESIAN_POINT('',(5.,111.,61.));
#4284=CARTESIAN_POINT('',(5.,81.0036543647927,61.));
#4285=CARTESIAN_POINT('',(5.,111.,104.));
#4286=CARTESIAN_POINT('',(5.,111.,28.25));
#4287=CARTESIAN_POINT('',(5.,105.,104.));
#4288=CARTESIAN_POINT('',(5.,84.0036543647927,104.));
#4289=CARTESIAN_POINT('',(5.,105.,110.));
#4290=CARTESIAN_POINT('',(5.,105.,80.25));
#4291=CARTESIAN_POINT('',(5.,61.5,110.));
#4292=CARTESIAN_POINT('',(5.,57.0036543647927,110.));
#4293=CARTESIAN_POINT('',(5.,61.5,104.));
#4294=CARTESIAN_POINT('',(5.,61.5,83.25));
#4295=CARTESIAN_POINT('',(5.,52.5,104.));
#4296=CARTESIAN_POINT('',(5.,59.2536543647927,104.));
#4297=CARTESIAN_POINT('',(5.,52.5,110.));
#4298=CARTESIAN_POINT('',(5.,52.5,80.25));
#4299=CARTESIAN_POINT('',(5.,9.,110.));
#4300=CARTESIAN_POINT('',(5.,57.0036543647927,110.));
#4301=CARTESIAN_POINT('',(5.,9.,104.));
#4302=CARTESIAN_POINT('',(5.,9.,83.25));
#4303=CARTESIAN_POINT('',(5.,3.00000000000001,104.));
#4304=CARTESIAN_POINT('',(5.,33.0036543647927,104.));
#4305=CARTESIAN_POINT('',(5.,3.00000000000001,61.));
#4306=CARTESIAN_POINT('',(5.,3.00000000000001,28.25));
#4307=CARTESIAN_POINT('',(5.,9.,61.));
#4308=CARTESIAN_POINT('',(5.,30.0036543647927,61.));
#4309=CARTESIAN_POINT('',(5.,9.,52.));
#4310=CARTESIAN_POINT('',(5.,9.,58.75));
#4311=CARTESIAN_POINT('',(5.,3.00000000000001,52.));
#4312=CARTESIAN_POINT('',(5.,33.0036543647927,52.));
#4313=CARTESIAN_POINT('',(5.,3.00000000000001,28.25));
#4314=CARTESIAN_POINT('Origin',(38.75,105.,61.));
#4315=CARTESIAN_POINT('',(38.75,105.,61.));
#4316=CARTESIAN_POINT('',(38.75,105.,61.));
#4317=CARTESIAN_POINT('',(38.75,111.,61.));
#4318=CARTESIAN_POINT('',(38.75,109.507308729585,61.));
#4319=CARTESIAN_POINT('',(40.25,111.,61.));
#4320=CARTESIAN_POINT('Origin',(38.75,105.,52.));
#4321=CARTESIAN_POINT('',(38.75,105.,52.));
#4322=CARTESIAN_POINT('',(38.75,105.,52.));
#4323=CARTESIAN_POINT('',(38.75,105.,26.));
#4324=CARTESIAN_POINT('Origin',(38.75,111.,52.));
#4325=CARTESIAN_POINT('',(38.75,111.,52.));
#4326=CARTESIAN_POINT('',(40.25,111.,52.));
#4327=CARTESIAN_POINT('',(38.75,112.507308729585,52.));
#4328=CARTESIAN_POINT('Origin',(41.75,111.,0.));
#4329=CARTESIAN_POINT('',(38.75,111.,9.));
#4330=CARTESIAN_POINT('',(31.3125,111.,9.));
#4331=CARTESIAN_POINT('',(38.75,111.,0.));
#4332=CARTESIAN_POINT('Origin',(20.875,108.2,9.));
#4333=CARTESIAN_POINT('',(38.75,104.2,9.));
#4334=CARTESIAN_POINT('',(-4.89858719658943E-16,104.2,9.));
#4335=CARTESIAN_POINT('',(38.75,111.107308729585,9.));
#4336=CARTESIAN_POINT('Origin',(-4.89858719658943E-16,104.2,0.));
#4337=CARTESIAN_POINT('',(38.75,104.2,3.));
#4338=CARTESIAN_POINT('',(10.4375,104.2,3.));
#4339=CARTESIAN_POINT('',(38.75,104.2,0.));
#4340=CARTESIAN_POINT('Origin',(20.875,57.,3.));
#4341=CARTESIAN_POINT('',(38.75,61.5,3.00000004470348));
#4342=CARTESIAN_POINT('',(29.8125,61.5,3.));
#4343=CARTESIAN_POINT('',(38.75,85.5073087295854,3.));
#4344=CARTESIAN_POINT('Origin',(38.75,61.5,9.00000004470348));
#4345=CARTESIAN_POINT('',(38.75,61.5,9.00000004470348));
#4346=CARTESIAN_POINT('',(38.75,61.5,9.00000004470348));
#4347=CARTESIAN_POINT('',(38.75,61.5,4.50000002235174));
#4348=CARTESIAN_POINT('Origin',(38.75,52.5,9.00000004470348));
#4349=CARTESIAN_POINT('',(38.75,52.5,9.00000004470348));
#4350=CARTESIAN_POINT('',(38.75,52.5,9.00000004470348));
#4351=CARTESIAN_POINT('',(38.75,83.2573087295854,9.00000004470348));
#4352=CARTESIAN_POINT('Origin',(38.75,52.5,3.00000004470348));
#4353=CARTESIAN_POINT('',(38.75,52.5,3.00000004470348));
#4354=CARTESIAN_POINT('',(29.8125,52.5,3.));
#4355=CARTESIAN_POINT('',(38.75,52.5,1.50000002235174));
#4356=CARTESIAN_POINT('Origin',(20.875,57.,3.));
#4357=CARTESIAN_POINT('',(38.75,14.0000002086163,3.));
#4358=CARTESIAN_POINT('',(31.3125,14.0000002086163,3.));
#4359=CARTESIAN_POINT('',(38.75,85.5073087295854,3.));
#4360=CARTESIAN_POINT('Origin',(41.75,14.0000002086163,0.));
#4361=CARTESIAN_POINT('',(38.75,14.0000002086163,9.));
#4362=CARTESIAN_POINT('',(41.75,14.0000002086163,9.));
#4363=CARTESIAN_POINT('',(38.75,14.0000002086163,0.));
#4364=CARTESIAN_POINT('Origin',(20.875,10.0000002086163,9.));
#4365=CARTESIAN_POINT('',(38.75,3.00000000000001,9.));
#4366=CARTESIAN_POINT('',(19.375,3.00000000000001,9.));
#4367=CARTESIAN_POINT('',(38.75,58.5073087295854,9.));
#4368=CARTESIAN_POINT('Origin',(-1.27318961593024E-32,3.00000000000001,
0.));
#4369=CARTESIAN_POINT('',(38.75,3.00000000000001,52.));
#4370=CARTESIAN_POINT('',(19.375,3.00000000000001,52.));
#4371=CARTESIAN_POINT('',(38.75,3.00000000000001,0.));
#4372=CARTESIAN_POINT('Origin',(41.75,114.,0.));
#4373=CARTESIAN_POINT('',(41.75,114.,0.));
#4374=CARTESIAN_POINT('Origin',(38.75,61.5,104.));
#4375=CARTESIAN_POINT('',(38.75,61.5,104.));
#4376=CARTESIAN_POINT('',(38.75,61.5,104.));
#4377=CARTESIAN_POINT('',(38.75,52.5,104.));
#4378=CARTESIAN_POINT('',(38.75,87.7573087295854,104.));
#4379=CARTESIAN_POINT('',(38.75,52.5,104.));
#4380=CARTESIAN_POINT('Origin',(38.75,61.5,110.));
#4381=CARTESIAN_POINT('',(38.75,61.5,110.));
#4382=CARTESIAN_POINT('',(29.8125,61.5,110.));
#4383=CARTESIAN_POINT('',(38.75,61.5,55.));
#4384=CARTESIAN_POINT('Origin',(38.75,52.5,104.));
#4385=CARTESIAN_POINT('',(38.75,52.5,110.));
#4386=CARTESIAN_POINT('',(38.75,52.5,52.));
#4387=CARTESIAN_POINT('',(29.8125,52.5,110.));
#4388=CARTESIAN_POINT('Origin',(20.875,57.,110.));
#4389=CARTESIAN_POINT('',(38.75,9.,110.));
#4390=CARTESIAN_POINT('',(38.75,85.5073087295854,110.));
#4391=CARTESIAN_POINT('',(29.8125,9.00000000000002,110.));
#4392=CARTESIAN_POINT('Origin',(41.75,111.,0.));
#4393=CARTESIAN_POINT('',(38.75,111.,104.));
#4394=CARTESIAN_POINT('',(38.75,111.,0.));
#4395=CARTESIAN_POINT('',(40.25,111.,104.));
#4396=CARTESIAN_POINT('Origin',(38.75,9.,52.));
#4397=CARTESIAN_POINT('',(38.75,9.,52.));
#4398=CARTESIAN_POINT('',(38.75,9.,52.));
#4399=CARTESIAN_POINT('',(38.75,61.5073087295854,52.));
#4400=CARTESIAN_POINT('Origin',(38.75,9.,61.));
#4401=CARTESIAN_POINT('',(38.75,9.,61.));
#4402=CARTESIAN_POINT('',(38.75,9.,61.));
#4403=CARTESIAN_POINT('',(38.75,8.99999999999999,30.5));
#4404=CARTESIAN_POINT('Origin',(38.75,3.00000000000001,61.));
#4405=CARTESIAN_POINT('',(38.75,3.00000000000001,61.));
#4406=CARTESIAN_POINT('',(19.375,3.00000000000001,61.));
#4407=CARTESIAN_POINT('',(38.75,58.5073087295854,61.));
#4408=CARTESIAN_POINT('Origin',(38.75,114.014617459171,0.));
#4409=CARTESIAN_POINT('',(38.75,105.,110.));
#4410=CARTESIAN_POINT('',(38.75,85.5073087295854,110.));
#4411=CARTESIAN_POINT('',(38.75,105.,104.));
#4412=CARTESIAN_POINT('',(38.75,105.,52.));
#4413=CARTESIAN_POINT('',(38.75,112.507308729585,104.));
#4414=CARTESIAN_POINT('',(38.75,3.00000000000001,104.));
#4415=CARTESIAN_POINT('',(38.75,3.00000000000001,0.));
#4416=CARTESIAN_POINT('',(38.75,9.,104.));
#4417=CARTESIAN_POINT('',(38.75,61.5073087295854,104.));
#4418=CARTESIAN_POINT('',(38.75,8.99999999999999,55.));
#4419=CARTESIAN_POINT('',(38.75,87.9845237791561,87.4345237791561));
#4420=CARTESIAN_POINT('',(38.75,86.8804473782995,90.1));
#4421=CARTESIAN_POINT('Origin',(38.75,90.65,90.1));
#4422=CARTESIAN_POINT('Origin',(38.75,90.65,90.1));
#4423=CARTESIAN_POINT('',(38.75,41.3154762208439,87.4345237791561));
#4424=CARTESIAN_POINT('Origin',(38.75,64.65,64.1));
#4425=CARTESIAN_POINT('',(38.75,34.8804473782995,90.1));
#4426=CARTESIAN_POINT('Origin',(38.75,38.65,90.1));
#4427=CARTESIAN_POINT('Origin',(38.75,38.65,90.1));
#4428=CARTESIAN_POINT('',(38.75,31.65,64.1));
#4429=CARTESIAN_POINT('Origin',(38.75,64.65,64.1));
#4430=CARTESIAN_POINT('',(38.75,41.3154762208439,40.7654762208439));
#4431=CARTESIAN_POINT('Origin',(38.75,64.65,64.1));
#4432=CARTESIAN_POINT('',(38.75,34.8804473782996,38.1));
#4433=CARTESIAN_POINT('Origin',(38.75,38.65,38.1));
#4434=CARTESIAN_POINT('Origin',(38.75,38.65,38.1));
#4435=CARTESIAN_POINT('',(38.75,87.9845237791561,40.7654762208439));
#4436=CARTESIAN_POINT('Origin',(38.75,64.65,64.1));
#4437=CARTESIAN_POINT('',(38.75,86.8804473782995,38.1));
#4438=CARTESIAN_POINT('Origin',(38.75,90.65,38.1));
#4439=CARTESIAN_POINT('Origin',(38.75,90.65,38.1));
#4440=CARTESIAN_POINT('Origin',(38.75,64.65,64.1));
#4441=CARTESIAN_POINT('Origin',(38.75,9.,104.));
#4442=CARTESIAN_POINT('',(38.75,9.,104.));
#4443=CARTESIAN_POINT('',(19.375,3.00000000000001,104.));
#4444=CARTESIAN_POINT('Origin',(38.75,9.,110.));
#4445=CARTESIAN_POINT('Origin',(-1.27318961593024E-32,3.00000000000001,
0.));
#4446=CARTESIAN_POINT('Origin',(38.75,105.,104.));
#4447=CARTESIAN_POINT('',(38.75,105.,104.));
#4448=CARTESIAN_POINT('',(29.8125,105.,110.));
#4449=CARTESIAN_POINT('Origin',(38.75,111.,104.));
#4450=CARTESIAN_POINT('Origin',(20.875,57.,110.));
#4451=CARTESIAN_POINT('Origin',(0.,0.,0.));
#4452=CARTESIAN_POINT('',(0.,0.,0.));
#4453=CARTESIAN_POINT('Origin',(14.914,10.,0.));
#4454=CARTESIAN_POINT('',(13.264,10.,0.));
#4455=CARTESIAN_POINT('Origin',(14.914,10.,0.));
#4456=CARTESIAN_POINT('',(13.264,10.,5.));
#4457=CARTESIAN_POINT('',(13.264,10.,0.));
#4458=CARTESIAN_POINT('Origin',(14.914,10.,5.));
#4459=CARTESIAN_POINT('Origin',(14.914,10.,5.));
#4460=CARTESIAN_POINT('Origin',(14.914,108.2,0.));
#4461=CARTESIAN_POINT('',(13.264,108.2,0.));
#4462=CARTESIAN_POINT('Origin',(14.914,108.2,0.));
#4463=CARTESIAN_POINT('',(13.264,108.2,5.));
#4464=CARTESIAN_POINT('',(13.264,108.2,0.));
#4465=CARTESIAN_POINT('Origin',(14.914,108.2,5.));
#4466=CARTESIAN_POINT('Origin',(14.914,108.2,5.));
#4467=CARTESIAN_POINT('Origin',(20.875,57.,0.));
#4468=CARTESIAN_POINT('Origin',(41.75,38.65,38.1));
#4469=CARTESIAN_POINT('',(35.75,36.25,38.1));
#4470=CARTESIAN_POINT('',(41.75,36.25,38.1));
#4471=CARTESIAN_POINT('Origin',(35.75,38.65,38.1));
#4472=CARTESIAN_POINT('Origin',(35.75,38.65,38.1));
#4473=CARTESIAN_POINT('Origin',(41.75,38.65,90.1));
#4474=CARTESIAN_POINT('',(35.75,36.25,90.1));
#4475=CARTESIAN_POINT('',(41.75,36.25,90.1));
#4476=CARTESIAN_POINT('Origin',(35.75,38.65,90.1));
#4477=CARTESIAN_POINT('Origin',(35.75,38.65,90.1));
#4478=CARTESIAN_POINT('Origin',(41.75,90.65,38.1));
#4479=CARTESIAN_POINT('',(35.75,88.25,38.1));
#4480=CARTESIAN_POINT('',(41.75,88.25,38.1));
#4481=CARTESIAN_POINT('Origin',(35.75,90.65,38.1));
#4482=CARTESIAN_POINT('Origin',(35.75,90.65,38.1));
#4483=CARTESIAN_POINT('Origin',(41.75,90.65,90.1));
#4484=CARTESIAN_POINT('',(35.75,88.25,90.1));
#4485=CARTESIAN_POINT('',(41.75,88.25,90.1));
#4486=CARTESIAN_POINT('Origin',(35.75,90.65,90.1));
#4487=CARTESIAN_POINT('Origin',(35.75,90.65,90.1));
#4488=CARTESIAN_POINT('Origin',(41.75,64.65,64.1));
#4489=CARTESIAN_POINT('',(41.75,31.65,64.1));
#4490=CARTESIAN_POINT('Origin',(41.75,90.65,38.1));
#4491=CARTESIAN_POINT('',(33.25,86.8804473782996,38.1));
#4492=CARTESIAN_POINT('Origin',(33.25,90.65,38.1));
#4493=CARTESIAN_POINT('',(41.75,86.8804473782995,38.1));
#4494=CARTESIAN_POINT('Origin',(33.25,90.65,38.1));
#4495=CARTESIAN_POINT('Origin',(41.75,38.65,90.1));
#4496=CARTESIAN_POINT('',(33.25,34.8804473782995,90.1));
#4497=CARTESIAN_POINT('Origin',(33.25,38.65,90.1));
#4498=CARTESIAN_POINT('',(41.75,34.8804473782995,90.1));
#4499=CARTESIAN_POINT('Origin',(33.25,38.65,90.1));
#4500=CARTESIAN_POINT('Origin',(41.75,38.65,38.1));
#4501=CARTESIAN_POINT('',(33.25,34.8804473782995,38.1));
#4502=CARTESIAN_POINT('Origin',(33.25,38.65,38.1));
#4503=CARTESIAN_POINT('',(41.75,34.8804473782996,38.1));
#4504=CARTESIAN_POINT('Origin',(33.25,38.65,38.1));
#4505=CARTESIAN_POINT('Origin',(41.75,90.65,90.1));
#4506=CARTESIAN_POINT('',(33.25,86.8804473782996,90.1));
#4507=CARTESIAN_POINT('Origin',(33.25,90.65,90.1));
#4508=CARTESIAN_POINT('',(41.75,86.8804473782995,90.1));
#4509=CARTESIAN_POINT('Origin',(33.25,90.65,90.1));
#4510=CARTESIAN_POINT('Origin',(5.,52.5,9.00000004470348));
#4511=CARTESIAN_POINT('',(5.,52.5,9.00000004470348));
#4512=CARTESIAN_POINT('',(5.,61.5,9.00000004470348));
#4513=CARTESIAN_POINT('',(5.,61.5,9.00000004470348));
#4514=CARTESIAN_POINT('',(3.,61.5,9.00000004470348));
#4515=CARTESIAN_POINT('',(5.,61.5,9.00000004470348));
#4516=CARTESIAN_POINT('',(3.,52.5,9.00000004470348));
#4517=CARTESIAN_POINT('',(3.,61.5,9.00000004470348));
#4518=CARTESIAN_POINT('',(5.,52.5,9.00000004470348));
#4519=CARTESIAN_POINT('Origin',(5.,52.5,3.00000004470348));
#4520=CARTESIAN_POINT('',(5.,52.5,3.00000004470348));
#4521=CARTESIAN_POINT('',(5.,52.5,3.00000004470348));
#4522=CARTESIAN_POINT('',(3.,52.5,3.00000004470348));
#4523=CARTESIAN_POINT('',(3.,52.5,3.00000004470348));
#4524=CARTESIAN_POINT('',(5.,52.5,3.00000004470348));
#4525=CARTESIAN_POINT('Origin',(5.,14.0000002086163,3.));
#4526=CARTESIAN_POINT('',(5.,14.0000002086163,3.));
#4527=CARTESIAN_POINT('',(5.,14.0000002086163,3.));
#4528=CARTESIAN_POINT('',(3.,14.0000002086163,3.));
#4529=CARTESIAN_POINT('',(3.,14.0000002086163,3.));
#4530=CARTESIAN_POINT('',(5.,14.0000002086163,3.));
#4531=CARTESIAN_POINT('Origin',(5.,14.0000002086163,9.));
#4532=CARTESIAN_POINT('',(5.,14.0000002086163,9.));
#4533=CARTESIAN_POINT('',(5.,14.0000002086163,9.));
#4534=CARTESIAN_POINT('',(3.,14.0000002086163,9.));
#4535=CARTESIAN_POINT('',(3.,14.0000002086163,9.));
#4536=CARTESIAN_POINT('',(5.,14.0000002086163,9.));
#4537=CARTESIAN_POINT('Origin',(5.,3.00000000000001,9.));
#4538=CARTESIAN_POINT('',(5.,3.00000000000001,9.));
#4539=CARTESIAN_POINT('',(5.,3.00000000000001,9.));
#4540=CARTESIAN_POINT('',(3.,3.00000000000001,9.));
#4541=CARTESIAN_POINT('',(3.,3.00000000000001,9.));
#4542=CARTESIAN_POINT('',(5.,3.00000000000001,9.));
#4543=CARTESIAN_POINT('Origin',(5.,3.00000000000001,52.));
#4544=CARTESIAN_POINT('',(5.,3.00000000000001,52.));
#4545=CARTESIAN_POINT('',(5.,3.00000000000001,52.));
#4546=CARTESIAN_POINT('',(3.,3.00000000000001,52.));
#4547=CARTESIAN_POINT('',(3.,3.00000000000001,52.));
#4548=CARTESIAN_POINT('',(5.,3.00000000000001,52.));
#4549=CARTESIAN_POINT('Origin',(5.,9.,52.));
#4550=CARTESIAN_POINT('',(5.,9.,52.));
#4551=CARTESIAN_POINT('',(5.,9.,52.));
#4552=CARTESIAN_POINT('',(3.,9.,52.));
#4553=CARTESIAN_POINT('',(3.,9.,52.));
#4554=CARTESIAN_POINT('',(5.,9.,52.));
#4555=CARTESIAN_POINT('Origin',(5.,9.,61.));
#4556=CARTESIAN_POINT('',(5.,9.,61.));
#4557=CARTESIAN_POINT('',(5.,9.,61.));
#4558=CARTESIAN_POINT('',(3.,9.,61.));
#4559=CARTESIAN_POINT('',(3.,9.,61.));
#4560=CARTESIAN_POINT('',(5.,9.,61.));
#4561=CARTESIAN_POINT('Origin',(5.,3.00000000000001,61.));
#4562=CARTESIAN_POINT('',(5.,3.00000000000001,61.));
#4563=CARTESIAN_POINT('',(5.,9.,61.));
#4564=CARTESIAN_POINT('',(3.,3.00000000000001,61.));
#4565=CARTESIAN_POINT('',(3.,9.,61.));
#4566=CARTESIAN_POINT('',(5.,3.00000000000001,61.));
#4567=CARTESIAN_POINT('Origin',(5.,3.00000000000001,104.));
#4568=CARTESIAN_POINT('',(5.,3.00000000000001,104.));
#4569=CARTESIAN_POINT('',(5.,3.00000000000001,104.));
#4570=CARTESIAN_POINT('',(3.,3.00000000000001,104.));
#4571=CARTESIAN_POINT('',(3.,3.00000000000001,104.));
#4572=CARTESIAN_POINT('',(5.,3.00000000000001,104.));
#4573=CARTESIAN_POINT('Origin',(5.,9.,104.));
#4574=CARTESIAN_POINT('',(5.,9.,104.));
#4575=CARTESIAN_POINT('',(5.,9.,104.));
#4576=CARTESIAN_POINT('',(3.,9.,104.));
#4577=CARTESIAN_POINT('',(3.,9.,104.));
#4578=CARTESIAN_POINT('',(5.,9.,104.));
#4579=CARTESIAN_POINT('Origin',(5.,9.,110.));
#4580=CARTESIAN_POINT('',(5.,9.,110.));
#4581=CARTESIAN_POINT('',(5.,9.,110.));
#4582=CARTESIAN_POINT('',(3.,9.,110.));
#4583=CARTESIAN_POINT('',(3.,9.,110.));
#4584=CARTESIAN_POINT('',(5.,9.,110.));
#4585=CARTESIAN_POINT('Origin',(5.,52.5,110.));
#4586=CARTESIAN_POINT('',(5.,52.5,110.));
#4587=CARTESIAN_POINT('',(5.,52.5,110.));
#4588=CARTESIAN_POINT('',(3.,52.5,110.));
#4589=CARTESIAN_POINT('',(3.,52.5,110.));
#4590=CARTESIAN_POINT('',(5.,52.5,110.));
#4591=CARTESIAN_POINT('Origin',(5.,52.5,104.));
#4592=CARTESIAN_POINT('',(5.,52.5,104.));
#4593=CARTESIAN_POINT('',(5.,52.5,104.));
#4594=CARTESIAN_POINT('',(3.,52.5,104.));
#4595=CARTESIAN_POINT('',(3.,52.5,104.));
#4596=CARTESIAN_POINT('',(5.,52.5,104.));
#4597=CARTESIAN_POINT('Origin',(5.,61.5,104.));
#4598=CARTESIAN_POINT('',(5.,61.5,104.));
#4599=CARTESIAN_POINT('',(5.,61.5,104.));
#4600=CARTESIAN_POINT('',(3.,61.5,104.));
#4601=CARTESIAN_POINT('',(3.,61.5,104.));
#4602=CARTESIAN_POINT('',(5.,61.5,104.));
#4603=CARTESIAN_POINT('Origin',(5.,61.5,110.));
#4604=CARTESIAN_POINT('',(5.,61.5,110.));
#4605=CARTESIAN_POINT('',(5.,61.5,110.));
#4606=CARTESIAN_POINT('',(3.,61.5,110.));
#4607=CARTESIAN_POINT('',(3.,61.5,110.));
#4608=CARTESIAN_POINT('',(5.,61.5,110.));
#4609=CARTESIAN_POINT('Origin',(5.,105.,110.));
#4610=CARTESIAN_POINT('',(5.,105.,110.));
#4611=CARTESIAN_POINT('',(5.,105.,110.));
#4612=CARTESIAN_POINT('',(3.,105.,110.));
#4613=CARTESIAN_POINT('',(3.,105.,110.));
#4614=CARTESIAN_POINT('',(5.,105.,110.));
#4615=CARTESIAN_POINT('Origin',(5.,105.,104.));
#4616=CARTESIAN_POINT('',(5.,105.,104.));
#4617=CARTESIAN_POINT('',(5.,105.,104.));
#4618=CARTESIAN_POINT('',(3.,105.,104.));
#4619=CARTESIAN_POINT('',(3.,105.,104.));
#4620=CARTESIAN_POINT('',(5.,105.,104.));
#4621=CARTESIAN_POINT('Origin',(5.,111.,104.));
#4622=CARTESIAN_POINT('',(5.,111.,104.));
#4623=CARTESIAN_POINT('',(5.,111.,104.));
#4624=CARTESIAN_POINT('',(3.,111.,104.));
#4625=CARTESIAN_POINT('',(3.,111.,104.));
#4626=CARTESIAN_POINT('',(5.,111.,104.));
#4627=CARTESIAN_POINT('Origin',(5.,111.,61.));
#4628=CARTESIAN_POINT('',(5.,111.,61.));
#4629=CARTESIAN_POINT('',(5.,111.,61.));
#4630=CARTESIAN_POINT('',(3.,111.,61.));
#4631=CARTESIAN_POINT('',(3.,111.,61.));
#4632=CARTESIAN_POINT('',(5.,111.,61.));
#4633=CARTESIAN_POINT('Origin',(5.,105.,61.));
#4634=CARTESIAN_POINT('',(5.,105.,61.));
#4635=CARTESIAN_POINT('',(5.,105.,61.));
#4636=CARTESIAN_POINT('',(3.,105.,61.));
#4637=CARTESIAN_POINT('',(3.,105.,61.));
#4638=CARTESIAN_POINT('',(5.,105.,61.));
#4639=CARTESIAN_POINT('Origin',(5.,105.,52.));
#4640=CARTESIAN_POINT('',(5.,105.,52.));
#4641=CARTESIAN_POINT('',(5.,105.,56.5));
#4642=CARTESIAN_POINT('',(3.,105.,52.));
#4643=CARTESIAN_POINT('',(3.,105.,56.5));
#4644=CARTESIAN_POINT('',(5.,105.,52.));
#4645=CARTESIAN_POINT('Origin',(5.,111.,52.));
#4646=CARTESIAN_POINT('',(5.,111.,52.));
#4647=CARTESIAN_POINT('',(5.,111.,52.));
#4648=CARTESIAN_POINT('',(3.,111.,52.));
#4649=CARTESIAN_POINT('',(3.,111.,52.));
#4650=CARTESIAN_POINT('',(5.,111.,52.));
#4651=CARTESIAN_POINT('Origin',(5.,111.,9.));
#4652=CARTESIAN_POINT('',(5.,111.,9.));
#4653=CARTESIAN_POINT('',(5.,111.,9.));
#4654=CARTESIAN_POINT('',(3.,111.,9.));
#4655=CARTESIAN_POINT('',(3.,111.,9.));
#4656=CARTESIAN_POINT('',(5.,111.,9.));
#4657=CARTESIAN_POINT('Origin',(5.,104.2,9.));
#4658=CARTESIAN_POINT('',(5.,104.2,9.));
#4659=CARTESIAN_POINT('',(5.,104.2,9.));
#4660=CARTESIAN_POINT('',(3.,104.2,9.));
#4661=CARTESIAN_POINT('',(3.,104.2,9.));
#4662=CARTESIAN_POINT('',(5.,104.2,9.));
#4663=CARTESIAN_POINT('Origin',(5.,104.2,3.));
#4664=CARTESIAN_POINT('',(5.,104.2,3.));
#4665=CARTESIAN_POINT('',(5.,104.2,3.));
#4666=CARTESIAN_POINT('',(3.,104.2,3.));
#4667=CARTESIAN_POINT('',(3.,104.2,3.));
#4668=CARTESIAN_POINT('',(5.,104.2,3.));
#4669=CARTESIAN_POINT('Origin',(5.,61.5,3.00000004470348));
#4670=CARTESIAN_POINT('',(5.,61.5,3.00000004470348));
#4671=CARTESIAN_POINT('',(5.,61.5,3.00000004470348));
#4672=CARTESIAN_POINT('',(3.,61.5,3.00000004470348));
#4673=CARTESIAN_POINT('',(3.,61.5,3.00000004470348));
#4674=CARTESIAN_POINT('',(5.,61.5,3.00000004470348));
#4675=CARTESIAN_POINT('Origin',(5.,61.5,9.00000004470348));
#4676=CARTESIAN_POINT('',(5.,61.5,9.00000004470348));
#4677=CARTESIAN_POINT('',(3.,61.5,9.00000004470348));
#4678=CARTESIAN_POINT('Origin',(5.,109.5,4.5));
#4679=CARTESIAN_POINT('',(3.,111.15,4.5));
#4680=CARTESIAN_POINT('Origin',(3.,109.5,4.5));
#4681=CARTESIAN_POINT('',(5.,111.15,4.5));
#4682=CARTESIAN_POINT('',(5.,111.15,4.5));
#4683=CARTESIAN_POINT('Origin',(5.,109.5,4.5));
#4684=CARTESIAN_POINT('Origin',(5.,4.49999999999999,108.5));
#4685=CARTESIAN_POINT('',(3.,6.14999999999998,108.5));
#4686=CARTESIAN_POINT('Origin',(3.,4.49999999999999,108.5));
#4687=CARTESIAN_POINT('',(5.,6.14999999999998,108.5));
#4688=CARTESIAN_POINT('',(5.,6.14999999999998,108.5));
#4689=CARTESIAN_POINT('Origin',(5.,4.49999999999999,108.5));
#4690=CARTESIAN_POINT('Origin',(5.,109.5,108.5));
#4691=CARTESIAN_POINT('',(3.,111.15,108.5));
#4692=CARTESIAN_POINT('Origin',(3.,109.5,108.5));
#4693=CARTESIAN_POINT('',(5.,111.15,108.5));
#4694=CARTESIAN_POINT('',(5.,111.15,108.5));
#4695=CARTESIAN_POINT('Origin',(5.,109.5,108.5));
#4696=CARTESIAN_POINT('Origin',(5.,4.49999999999999,56.5));
#4697=CARTESIAN_POINT('',(3.,6.14999999999998,56.5));
#4698=CARTESIAN_POINT('Origin',(3.,4.49999999999999,56.5));
#4699=CARTESIAN_POINT('',(5.,6.14999999999998,56.5));
#4700=CARTESIAN_POINT('',(5.,6.14999999999998,56.5));
#4701=CARTESIAN_POINT('Origin',(5.,4.49999999999999,56.5));
#4702=CARTESIAN_POINT('Origin',(5.,57.,108.5));
#4703=CARTESIAN_POINT('',(3.,58.65,108.5));
#4704=CARTESIAN_POINT('Origin',(3.,57.,108.5));
#4705=CARTESIAN_POINT('',(5.,58.65,108.5));
#4706=CARTESIAN_POINT('',(5.,58.65,108.5));
#4707=CARTESIAN_POINT('Origin',(5.,57.,108.5));
#4708=CARTESIAN_POINT('Origin',(5.,57.,4.50000004470348));
#4709=CARTESIAN_POINT('',(3.,58.65,4.50000004470349));
#4710=CARTESIAN_POINT('Origin',(3.,57.,4.50000004470348));
#4711=CARTESIAN_POINT('',(5.,58.65,4.50000004470348));
#4712=CARTESIAN_POINT('',(5.,58.65,4.50000004470348));
#4713=CARTESIAN_POINT('Origin',(5.,57.,4.50000004470348));
#4714=CARTESIAN_POINT('Origin',(5.,4.49999999999999,4.5));
#4715=CARTESIAN_POINT('',(3.,6.14999999999998,4.5));
#4716=CARTESIAN_POINT('Origin',(3.,4.49999999999999,4.5));
#4717=CARTESIAN_POINT('',(5.,6.14999999999998,4.5));
#4718=CARTESIAN_POINT('',(5.,6.14999999999998,4.5));
#4719=CARTESIAN_POINT('Origin',(5.,4.49999999999999,4.5));
#4720=CARTESIAN_POINT('Origin',(5.,109.5,56.5));
#4721=CARTESIAN_POINT('',(3.,111.15,56.5));
#4722=CARTESIAN_POINT('Origin',(3.,109.5,56.5));
#4723=CARTESIAN_POINT('',(5.,111.15,56.5));
#4724=CARTESIAN_POINT('',(5.,111.15,56.5));
#4725=CARTESIAN_POINT('Origin',(5.,109.5,56.5));
#4726=CARTESIAN_POINT('Origin',(5.,114.,0.));
#4727=CARTESIAN_POINT('',(5.,114.,0.));
#4728=CARTESIAN_POINT('',(5.,0.,0.));
#4729=CARTESIAN_POINT('',(5.,114.,0.));
#4730=CARTESIAN_POINT('',(3.,0.,0.));
#4731=CARTESIAN_POINT('',(5.,0.,0.));
#4732=CARTESIAN_POINT('',(3.,114.,0.));
#4733=CARTESIAN_POINT('',(3.,114.,0.));
#4734=CARTESIAN_POINT('',(5.,114.,0.));
#4735=CARTESIAN_POINT('Origin',(5.,114.,113.));
#4736=CARTESIAN_POINT('',(5.,114.,113.));
#4737=CARTESIAN_POINT('',(5.,114.,56.5));
#4738=CARTESIAN_POINT('',(3.,114.,113.));
#4739=CARTESIAN_POINT('',(3.,114.,56.5));
#4740=CARTESIAN_POINT('',(5.,114.,113.));
#4741=CARTESIAN_POINT('Origin',(5.,0.,113.));
#4742=CARTESIAN_POINT('',(5.,0.,113.));
#4743=CARTESIAN_POINT('',(5.,0.,113.));
#4744=CARTESIAN_POINT('',(3.,0.,113.));
#4745=CARTESIAN_POINT('',(3.,0.,113.));
#4746=CARTESIAN_POINT('',(5.,0.,113.));
#4747=CARTESIAN_POINT('Origin',(5.,0.,0.));
#4748=CARTESIAN_POINT('',(5.,0.,0.));
#4749=CARTESIAN_POINT('',(3.,0.,0.));
#4750=CARTESIAN_POINT('Origin',(3.,57.,56.5));
#4751=CARTESIAN_POINT('Origin',(5.,57.,56.5));
#4752=CARTESIAN_POINT('Origin',(42.55,64.65,64.1));
#4753=CARTESIAN_POINT('',(42.55,26.65,86.1));
#4754=CARTESIAN_POINT('',(42.55,42.65,102.1));
#4755=CARTESIAN_POINT('Origin',(42.55,42.65,86.1));
#4756=CARTESIAN_POINT('',(42.55,26.65,42.1));
#4757=CARTESIAN_POINT('',(42.55,26.65,75.1));
#4758=CARTESIAN_POINT('',(42.55,42.65,26.1));
#4759=CARTESIAN_POINT('Origin',(42.55,42.65,42.1));
#4760=CARTESIAN_POINT('',(42.55,86.65,26.1));
#4761=CARTESIAN_POINT('',(42.55,53.65,26.1));
#4762=CARTESIAN_POINT('',(42.55,102.65,42.1));
#4763=CARTESIAN_POINT('Origin',(42.55,86.65,42.1));
#4764=CARTESIAN_POINT('',(42.55,102.65,86.1));
#4765=CARTESIAN_POINT('',(42.55,102.65,53.1));
#4766=CARTESIAN_POINT('',(42.55,86.65,102.1));
#4767=CARTESIAN_POINT('Origin',(42.55,86.65,86.1));
#4768=CARTESIAN_POINT('',(42.55,75.65,102.1));
#4769=CARTESIAN_POINT('',(42.55,36.25,38.1));
#4770=CARTESIAN_POINT('Origin',(42.55,38.65,38.1));
#4771=CARTESIAN_POINT('',(42.55,36.25,90.1));
#4772=CARTESIAN_POINT('Origin',(42.55,38.65,90.1));
#4773=CARTESIAN_POINT('',(42.55,88.25,90.1));
#4774=CARTESIAN_POINT('Origin',(42.55,90.65,90.1));
#4775=CARTESIAN_POINT('',(42.55,32.05,64.1));
#4776=CARTESIAN_POINT('Origin',(42.55,64.65,64.1));
#4777=CARTESIAN_POINT('',(42.55,88.25,38.1));
#4778=CARTESIAN_POINT('Origin',(42.55,90.65,38.1));
#4779=CARTESIAN_POINT('Origin',(41.75,42.65,26.1));
#4780=CARTESIAN_POINT('',(41.75,42.65,26.1));
#4781=CARTESIAN_POINT('',(41.75,42.65,26.1));
#4782=CARTESIAN_POINT('',(41.75,86.65,26.1));
#4783=CARTESIAN_POINT('',(41.75,86.65,26.1));
#4784=CARTESIAN_POINT('',(41.75,86.65,26.1));
#4785=CARTESIAN_POINT('Origin',(41.75,42.65,42.1));
#4786=CARTESIAN_POINT('',(41.75,26.65,42.1));
#4787=CARTESIAN_POINT('',(41.75,26.65,42.1));
#4788=CARTESIAN_POINT('Origin',(41.75,42.65,42.1));
#4789=CARTESIAN_POINT('Origin',(41.75,26.65,86.1));
#4790=CARTESIAN_POINT('',(41.75,26.65,86.1));
#4791=CARTESIAN_POINT('',(41.75,26.65,86.1));
#4792=CARTESIAN_POINT('',(41.75,26.65,42.1));
#4793=CARTESIAN_POINT('Origin',(41.75,42.65,86.1));
#4794=CARTESIAN_POINT('',(41.75,42.65,102.1));
#4795=CARTESIAN_POINT('',(41.75,42.65,102.1));
#4796=CARTESIAN_POINT('Origin',(41.75,42.65,86.1));
#4797=CARTESIAN_POINT('Origin',(41.75,90.65,38.1));
#4798=CARTESIAN_POINT('',(41.75,88.25,38.1));
#4799=CARTESIAN_POINT('',(41.75,88.25,38.1));
#4800=CARTESIAN_POINT('Origin',(41.75,90.65,38.1));
#4801=CARTESIAN_POINT('Origin',(41.75,64.65,64.1));
#4802=CARTESIAN_POINT('',(41.75,32.05,64.1));
#4803=CARTESIAN_POINT('',(41.75,32.05,64.1));
#4804=CARTESIAN_POINT('Origin',(41.75,64.65,64.1));
#4805=CARTESIAN_POINT('Origin',(41.75,90.65,90.1));
#4806=CARTESIAN_POINT('',(41.75,88.25,90.1));
#4807=CARTESIAN_POINT('',(41.75,88.25,90.1));
#4808=CARTESIAN_POINT('Origin',(41.75,90.65,90.1));
#4809=CARTESIAN_POINT('Origin',(41.75,38.65,90.1));
#4810=CARTESIAN_POINT('',(41.75,36.25,90.1));
#4811=CARTESIAN_POINT('',(41.75,36.25,90.1));
#4812=CARTESIAN_POINT('Origin',(41.75,38.65,90.1));
#4813=CARTESIAN_POINT('Origin',(41.75,38.65,38.1));
#4814=CARTESIAN_POINT('',(41.75,36.25,38.1));
#4815=CARTESIAN_POINT('',(41.75,36.25,38.1));
#4816=CARTESIAN_POINT('Origin',(41.75,38.65,38.1));
#4817=CARTESIAN_POINT('Origin',(41.75,86.65,102.1));
#4818=CARTESIAN_POINT('',(41.75,86.65,102.1));
#4819=CARTESIAN_POINT('',(41.75,86.65,102.1));
#4820=CARTESIAN_POINT('',(41.75,42.65,102.1));
#4821=CARTESIAN_POINT('Origin',(41.75,86.65,86.1));
#4822=CARTESIAN_POINT('',(41.75,102.65,86.1));
#4823=CARTESIAN_POINT('',(41.75,102.65,86.1));
#4824=CARTESIAN_POINT('Origin',(41.75,86.65,86.1));
#4825=CARTESIAN_POINT('Origin',(41.75,102.65,42.1));
#4826=CARTESIAN_POINT('',(41.75,102.65,42.1));
#4827=CARTESIAN_POINT('',(41.75,102.65,42.1));
#4828=CARTESIAN_POINT('',(41.75,102.65,86.1));
#4829=CARTESIAN_POINT('Origin',(41.75,86.65,42.1));
#4830=CARTESIAN_POINT('Origin',(41.75,86.65,42.1));
#4831=CARTESIAN_POINT('Origin',(41.75,64.65,64.1));
#4832=UNCERTAINTY_MEASURE_WITH_UNIT(LENGTH_MEASURE(0.01),#4836,
'DISTANCE_ACCURACY_VALUE',
'Maximum model space distance between geometric entities at asserted c
onnectivities');
#4833=UNCERTAINTY_MEASURE_WITH_UNIT(LENGTH_MEASURE(0.01),#4836,
'DISTANCE_ACCURACY_VALUE',
'Maximum model space distance between geometric entities at asserted c
onnectivities');
#4834=(
GEOMETRIC_REPRESENTATION_CONTEXT(3)
GLOBAL_UNCERTAINTY_ASSIGNED_CONTEXT((#4832))
GLOBAL_UNIT_ASSIGNED_CONTEXT((#4836,#4838,#4839))
REPRESENTATION_CONTEXT('','3D')
);
#4835=(
GEOMETRIC_REPRESENTATION_CONTEXT(3)
GLOBAL_UNCERTAINTY_ASSIGNED_CONTEXT((#4833))
GLOBAL_UNIT_ASSIGNED_CONTEXT((#4836,#4838,#4839))
REPRESENTATION_CONTEXT('','3D')
);
#4836=(
LENGTH_UNIT()
NAMED_UNIT(*)
SI_UNIT(.MILLI.,.METRE.)
);
#4837=(
LENGTH_UNIT()
NAMED_UNIT(*)
SI_UNIT($,.METRE.)
);
#4838=(
NAMED_UNIT(*)
PLANE_ANGLE_UNIT()
SI_UNIT($,.RADIAN.)
);
#4839=(
NAMED_UNIT(*)
SI_UNIT($,.STERADIAN.)
SOLID_ANGLE_UNIT()
);
#4840=SHAPE_DEFINITION_REPRESENTATION(#4841,#4842);
#4841=PRODUCT_DEFINITION_SHAPE('',$,#4844);
#4842=SHAPE_REPRESENTATION('',(#2916),#4834);
#4843=PRODUCT_DEFINITION_CONTEXT('part definition',#4848,'design');
#4844=PRODUCT_DEFINITION('2026-09-17-15-21-31-408','Accoustic Chamber',
#4845,#4843);
#4845=PRODUCT_DEFINITION_FORMATION('',$,#4850);
#4846=PRODUCT_RELATED_PRODUCT_CATEGORY('Accoustic Chamber',
'Accoustic Chamber',(#4850));
#4847=APPLICATION_PROTOCOL_DEFINITION('international standard',
'automotive_design',2009,#4848);
#4848=APPLICATION_CONTEXT(
'Core Data for Automotive Mechanical Design Process');
#4849=PRODUCT_CONTEXT('part definition',#4848,'mechanical');
#4850=PRODUCT('2026-09-17-15-21-31-408','Accoustic Chamber',$,(#4849));
#4851=PRESENTATION_STYLE_ASSIGNMENT((#4853));
#4852=PRESENTATION_STYLE_ASSIGNMENT((#4854));
#4853=SURFACE_STYLE_USAGE(.BOTH.,#4855);
#4854=SURFACE_STYLE_USAGE(.BOTH.,#4856);
#4855=SURFACE_SIDE_STYLE('',(#4857));
#4856=SURFACE_SIDE_STYLE('',(#4858));
#4857=SURFACE_STYLE_FILL_AREA(#4859);
#4858=SURFACE_STYLE_FILL_AREA(#4860);
#4859=FILL_AREA_STYLE('Steel - Satin',(#4861));
#4860=FILL_AREA_STYLE('Tough 2000 (with Formlabs SLA 3D Printers)',(#4862));
#4861=FILL_AREA_STYLE_COLOUR('Steel - Satin',#4863);
#4862=FILL_AREA_STYLE_COLOUR(
'Tough 2000 (with Formlabs SLA 3D Printers)',#4864);
#4863=COLOUR_RGB('Steel - Satin',0.627450980392157,0.627450980392157,0.627450980392157);
#4864=COLOUR_RGB('Tough 2000 (with Formlabs SLA 3D Printers)',0.176470588235294,
0.176470588235294,0.176470588235294);
ENDSEC;
END-ISO-10303-21;
