ISO-10303-21;
HEADER;
/* Generated by software containing ST-Developer
 * from STEP Tools, Inc. (www.steptools.com) 
 */

FILE_DESCRIPTION(
/* description */ (''),
/* implementation_level */ '2;1');

FILE_NAME(
/* name */ 'Cube Internal Body.step',
/* time_stamp */ '2026-09-29T16:41:29+02:00',
/* author */ (''),
/* organization */ (''),
/* preprocessor_version */ 'ST-DEVELOPER v20.2',
/* originating_system */ 'Autodesk Translation Framework v15.15.0.0',
/* authorisation */ '');

FILE_SCHEMA (('AUTOMOTIVE_DESIGN { 1 0 10303 214 3 1 1 }'));
ENDSEC;

DATA;
#10=MECHANICAL_DESIGN_GEOMETRIC_PRESENTATION_REPRESENTATION('',(#26,#27),
#13568);
#11=ITEM_DEFINED_TRANSFORMATION($,$,#8362,#8927);
#12=ITEM_DEFINED_TRANSFORMATION($,$,#8860,#8928);
#13=(
REPRESENTATION_RELATIONSHIP($,$,#13582,#13581)
REPRESENTATION_RELATIONSHIP_WITH_TRANSFORMATION(#11)
SHAPE_REPRESENTATION_RELATIONSHIP()
);
#14=(
REPRESENTATION_RELATIONSHIP($,$,#13583,#13581)
REPRESENTATION_RELATIONSHIP_WITH_TRANSFORMATION(#12)
SHAPE_REPRESENTATION_RELATIONSHIP()
);
#15=CONTEXT_DEPENDENT_SHAPE_REPRESENTATION(#13,#13579);
#16=CONTEXT_DEPENDENT_SHAPE_REPRESENTATION(#14,#13580);
#17=NEXT_ASSEMBLY_USAGE_OCCURRENCE('Internal Body Inserts:1',
'Internal Body Inserts:1','Internal Body Inserts:1',#13585,#13586,
'Internal Body Inserts:1');
#18=NEXT_ASSEMBLY_USAGE_OCCURRENCE('Top Tray Inserts:1',
'Top Tray Inserts:1','Top Tray Inserts:1',#13585,#13587,
'Top Tray Inserts:1');
#19=TOROIDAL_SURFACE('',#8904,4.,1.);
#20=TOROIDAL_SURFACE('',#8908,4.,1.);
#21=TOROIDAL_SURFACE('',#8912,4.,1.);
#22=SHAPE_REPRESENTATION_RELATIONSHIP('SRR','None',#13582,#24);
#23=SHAPE_REPRESENTATION_RELATIONSHIP('SRR','None',#13583,#25);
#24=ADVANCED_BREP_SHAPE_REPRESENTATION('',(#28),#13566);
#25=ADVANCED_BREP_SHAPE_REPRESENTATION('',(#29),#13567);
#26=STYLED_ITEM('',(#13601),#28);
#27=STYLED_ITEM('',(#13601),#29);
#28=MANIFOLD_SOLID_BREP('Internal Body Inserts',#8336);
#29=MANIFOLD_SOLID_BREP('Top Tray Inserts',#8337);
#30=CYLINDRICAL_SURFACE('',#8477,5.57729);
#31=CYLINDRICAL_SURFACE('',#8501,1.65);
#32=CYLINDRICAL_SURFACE('',#8505,1.65);
#33=CYLINDRICAL_SURFACE('',#8509,1.65);
#34=CYLINDRICAL_SURFACE('',#8513,1.65);
#35=CYLINDRICAL_SURFACE('',#8517,10.);
#36=CYLINDRICAL_SURFACE('',#8525,10.);
#37=CYLINDRICAL_SURFACE('',#8544,10.);
#38=CYLINDRICAL_SURFACE('',#8545,10.);
#39=CYLINDRICAL_SURFACE('',#8555,27.9);
#40=CYLINDRICAL_SURFACE('',#8556,11.);
#41=CYLINDRICAL_SURFACE('',#8558,11.);
#42=CYLINDRICAL_SURFACE('',#8564,16.5);
#43=CYLINDRICAL_SURFACE('',#8566,16.5);
#44=CYLINDRICAL_SURFACE('',#8567,16.5);
#45=CYLINDRICAL_SURFACE('',#8569,5.);
#46=CYLINDRICAL_SURFACE('',#8570,5.);
#47=CYLINDRICAL_SURFACE('',#8579,2.15000000000001);
#48=CYLINDRICAL_SURFACE('',#8581,2.15000000000001);
#49=CYLINDRICAL_SURFACE('',#8583,2.15000000000001);
#50=CYLINDRICAL_SURFACE('',#8586,2.15000000000001);
#51=CYLINDRICAL_SURFACE('',#8587,1.65);
#52=CYLINDRICAL_SURFACE('',#8590,1.65);
#53=CYLINDRICAL_SURFACE('',#8593,1.65);
#54=CYLINDRICAL_SURFACE('',#8596,1.5);
#55=CYLINDRICAL_SURFACE('',#8600,1.5);
#56=CYLINDRICAL_SURFACE('',#8604,1.5);
#57=CYLINDRICAL_SURFACE('',#8608,1.5);
#58=CYLINDRICAL_SURFACE('',#8612,1.65);
#59=CYLINDRICAL_SURFACE('',#8616,1.65000000000001);
#60=CYLINDRICAL_SURFACE('',#8620,1.65);
#61=CYLINDRICAL_SURFACE('',#8624,1.65000000000001);
#62=CYLINDRICAL_SURFACE('',#8628,1.6);
#63=CYLINDRICAL_SURFACE('',#8633,1.6);
#64=CYLINDRICAL_SURFACE('',#8781,3.);
#65=CYLINDRICAL_SURFACE('',#8785,3.);
#66=CYLINDRICAL_SURFACE('',#8789,1.5);
#67=CYLINDRICAL_SURFACE('',#8792,1.5);
#68=CYLINDRICAL_SURFACE('',#8795,3.);
#69=CYLINDRICAL_SURFACE('',#8799,3.);
#70=CYLINDRICAL_SURFACE('',#8802,3.);
#71=CYLINDRICAL_SURFACE('',#8805,3.);
#72=CYLINDRICAL_SURFACE('',#8836,3.);
#73=CYLINDRICAL_SURFACE('',#8838,3.);
#74=CYLINDRICAL_SURFACE('',#8839,3.);
#75=CYLINDRICAL_SURFACE('',#8841,3.);
#76=CYLINDRICAL_SURFACE('',#8843,1.5);
#77=CYLINDRICAL_SURFACE('',#8845,1.5);
#78=CYLINDRICAL_SURFACE('',#8848,3.);
#79=CYLINDRICAL_SURFACE('',#8850,3.);
#80=CYLINDRICAL_SURFACE('',#8851,3.);
#81=CYLINDRICAL_SURFACE('',#8853,3.);
#82=CYLINDRICAL_SURFACE('',#8857,1.6);
#83=CYLINDRICAL_SURFACE('',#8858,1.6);
#84=CYLINDRICAL_SURFACE('',#8876,6.5);
#85=CYLINDRICAL_SURFACE('',#8879,1.5);
#86=CYLINDRICAL_SURFACE('',#8880,3.1);
#87=CYLINDRICAL_SURFACE('',#8882,1.5);
#88=CYLINDRICAL_SURFACE('',#8883,3.1);
#89=CYLINDRICAL_SURFACE('',#8885,1.5);
#90=CYLINDRICAL_SURFACE('',#8886,3.10000000000001);
#91=CYLINDRICAL_SURFACE('',#8898,1.65);
#92=CYLINDRICAL_SURFACE('',#8900,1.65);
#93=CYLINDRICAL_SURFACE('',#8902,1.65);
#94=CYLINDRICAL_SURFACE('',#8918,23.);
#95=CYLINDRICAL_SURFACE('',#8924,23.);
#96=FACE_BOUND('',#1091,.T.);
#97=FACE_BOUND('',#1092,.T.);
#98=FACE_BOUND('',#1093,.T.);
#99=FACE_BOUND('',#1094,.T.);
#100=FACE_BOUND('',#1184,.T.);
#101=FACE_BOUND('',#1185,.T.);
#102=FACE_BOUND('',#1188,.T.);
#103=FACE_BOUND('',#1189,.T.);
#104=FACE_BOUND('',#1190,.T.);
#105=FACE_BOUND('',#1191,.T.);
#106=FACE_BOUND('',#1199,.T.);
#107=FACE_BOUND('',#1215,.T.);
#108=FACE_BOUND('',#1216,.T.);
#109=FACE_BOUND('',#1220,.T.);
#110=FACE_BOUND('',#1221,.T.);
#111=FACE_BOUND('',#1222,.T.);
#112=FACE_BOUND('',#1223,.T.);
#113=FACE_BOUND('',#1227,.T.);
#114=FACE_BOUND('',#1228,.T.);
#115=FACE_BOUND('',#1232,.T.);
#116=FACE_BOUND('',#1233,.T.);
#117=FACE_BOUND('',#1234,.T.);
#118=FACE_BOUND('',#1235,.T.);
#119=FACE_BOUND('',#1236,.T.);
#120=FACE_BOUND('',#1243,.T.);
#121=FACE_BOUND('',#1244,.T.);
#122=FACE_BOUND('',#1245,.T.);
#123=FACE_BOUND('',#1302,.T.);
#124=FACE_BOUND('',#1303,.T.);
#125=FACE_BOUND('',#1304,.T.);
#126=FACE_BOUND('',#1305,.T.);
#127=FACE_BOUND('',#1306,.T.);
#128=FACE_BOUND('',#1307,.T.);
#129=FACE_BOUND('',#1308,.T.);
#130=FACE_BOUND('',#1309,.T.);
#131=FACE_BOUND('',#1310,.T.);
#132=FACE_BOUND('',#1311,.T.);
#133=FACE_BOUND('',#1312,.T.);
#134=FACE_BOUND('',#1313,.T.);
#135=FACE_BOUND('',#1314,.T.);
#136=FACE_BOUND('',#1315,.T.);
#137=FACE_BOUND('',#1316,.T.);
#138=FACE_BOUND('',#1317,.T.);
#139=FACE_BOUND('',#1318,.T.);
#140=FACE_BOUND('',#1319,.T.);
#141=FACE_BOUND('',#1320,.T.);
#142=FACE_BOUND('',#1321,.T.);
#143=FACE_BOUND('',#1322,.T.);
#144=FACE_BOUND('',#1323,.T.);
#145=FACE_BOUND('',#1324,.T.);
#146=FACE_BOUND('',#1325,.T.);
#147=FACE_BOUND('',#1326,.T.);
#148=FACE_BOUND('',#1327,.T.);
#149=FACE_BOUND('',#1328,.T.);
#150=FACE_BOUND('',#1329,.T.);
#151=FACE_BOUND('',#1330,.T.);
#152=FACE_BOUND('',#1331,.T.);
#153=FACE_BOUND('',#1332,.T.);
#154=FACE_BOUND('',#1333,.T.);
#155=FACE_BOUND('',#1497,.T.);
#156=FACE_BOUND('',#1498,.T.);
#157=FACE_BOUND('',#1506,.T.);
#158=FACE_BOUND('',#1543,.T.);
#159=FACE_BOUND('',#1545,.T.);
#160=FACE_BOUND('',#1547,.T.);
#161=FACE_BOUND('',#1557,.T.);
#162=FACE_BOUND('',#1559,.T.);
#163=FACE_BOUND('',#1561,.T.);
#164=FACE_BOUND('',#1572,.T.);
#165=FACE_BOUND('',#1573,.T.);
#166=FACE_BOUND('',#1574,.T.);
#167=FACE_BOUND('',#1575,.T.);
#168=FACE_BOUND('',#1579,.T.);
#169=FACE_BOUND('',#1580,.T.);
#170=FACE_BOUND('',#1581,.T.);
#171=FACE_BOUND('',#1582,.T.);
#172=CIRCLE('',#8364,5.);
#173=CIRCLE('',#8365,16.5);
#174=CIRCLE('',#8366,16.5);
#175=CIRCLE('',#8367,16.5);
#176=CIRCLE('',#8368,5.);
#177=CIRCLE('',#8369,5.57729);
#178=CIRCLE('',#8370,2.15000000000001);
#179=CIRCLE('',#8371,2.15000000000001);
#180=CIRCLE('',#8372,2.15000000000001);
#181=CIRCLE('',#8373,2.15000000000001);
#182=CIRCLE('',#8462,3.);
#183=CIRCLE('',#8463,3.);
#184=CIRCLE('',#8464,3.);
#185=CIRCLE('',#8465,3.);
#186=CIRCLE('',#8466,3.);
#187=CIRCLE('',#8467,3.);
#188=CIRCLE('',#8468,27.9);
#189=CIRCLE('',#8469,3.);
#190=CIRCLE('',#8470,3.);
#191=CIRCLE('',#8471,3.);
#192=CIRCLE('',#8472,3.);
#193=CIRCLE('',#8473,3.);
#194=CIRCLE('',#8474,3.);
#195=CIRCLE('',#8475,3.);
#196=CIRCLE('',#8476,3.);
#197=CIRCLE('',#8478,5.57729);
#198=CIRCLE('',#8480,5.);
#199=CIRCLE('',#8481,16.5);
#200=CIRCLE('',#8482,16.5);
#201=CIRCLE('',#8483,16.5);
#202=CIRCLE('',#8484,5.);
#203=CIRCLE('',#8485,2.15000000000001);
#204=CIRCLE('',#8486,2.15000000000001);
#205=CIRCLE('',#8487,2.15000000000001);
#206=CIRCLE('',#8488,2.15000000000001);
#207=CIRCLE('',#8496,3.);
#208=CIRCLE('',#8497,3.);
#209=CIRCLE('',#8498,3.);
#210=CIRCLE('',#8499,3.);
#211=CIRCLE('',#8500,1.5);
#212=CIRCLE('',#8502,1.65);
#213=CIRCLE('',#8503,1.65);
#214=CIRCLE('',#8506,1.65);
#215=CIRCLE('',#8507,1.65);
#216=CIRCLE('',#8510,1.65);
#217=CIRCLE('',#8511,1.65);
#218=CIRCLE('',#8514,1.65);
#219=CIRCLE('',#8515,1.65);
#220=CIRCLE('',#8518,10.);
#221=CIRCLE('',#8519,10.);
#222=CIRCLE('',#8520,10.);
#223=CIRCLE('',#8526,10.);
#224=CIRCLE('',#8527,10.);
#225=CIRCLE('',#8529,10.);
#226=CIRCLE('',#8530,11.);
#227=CIRCLE('',#8531,1.6);
#228=CIRCLE('',#8532,1.6);
#229=CIRCLE('',#8536,10.);
#230=CIRCLE('',#8537,11.);
#231=CIRCLE('',#8538,11.);
#232=CIRCLE('',#8539,10.);
#233=CIRCLE('',#8540,1.6);
#234=CIRCLE('',#8541,1.6);
#235=CIRCLE('',#8542,1.6);
#236=CIRCLE('',#8543,1.6);
#237=CIRCLE('',#8546,10.);
#238=CIRCLE('',#8548,11.);
#239=CIRCLE('',#8549,1.6);
#240=CIRCLE('',#8550,1.6);
#241=CIRCLE('',#8554,27.9);
#242=CIRCLE('',#8561,1.65);
#243=CIRCLE('',#8562,1.65);
#244=CIRCLE('',#8563,1.65);
#245=CIRCLE('',#8588,1.65);
#246=CIRCLE('',#8591,1.65);
#247=CIRCLE('',#8594,1.65);
#248=CIRCLE('',#8597,1.5);
#249=CIRCLE('',#8598,1.5);
#250=CIRCLE('',#8601,1.5);
#251=CIRCLE('',#8602,1.5);
#252=CIRCLE('',#8605,1.5);
#253=CIRCLE('',#8606,1.5);
#254=CIRCLE('',#8609,1.5);
#255=CIRCLE('',#8610,1.5);
#256=CIRCLE('',#8613,1.65);
#257=CIRCLE('',#8614,1.65);
#258=CIRCLE('',#8617,1.65000000000001);
#259=CIRCLE('',#8618,1.65000000000001);
#260=CIRCLE('',#8621,1.65);
#261=CIRCLE('',#8622,1.65);
#262=CIRCLE('',#8625,1.65000000000001);
#263=CIRCLE('',#8626,1.65000000000001);
#264=CIRCLE('',#8782,3.);
#265=CIRCLE('',#8783,3.);
#266=CIRCLE('',#8786,3.);
#267=CIRCLE('',#8790,1.5);
#268=CIRCLE('',#8791,1.5);
#269=CIRCLE('',#8793,1.5);
#270=CIRCLE('',#8794,1.5);
#271=CIRCLE('',#8796,3.);
#272=CIRCLE('',#8797,3.);
#273=CIRCLE('',#8800,3.);
#274=CIRCLE('',#8803,3.);
#275=CIRCLE('',#8806,3.);
#276=CIRCLE('',#8821,3.);
#277=CIRCLE('',#8822,3.);
#278=CIRCLE('',#8823,3.);
#279=CIRCLE('',#8824,3.);
#280=CIRCLE('',#8825,1.5);
#281=CIRCLE('',#8844,1.5);
#282=CIRCLE('',#8846,1.5);
#283=CIRCLE('',#8862,1.5);
#284=CIRCLE('',#8864,1.5);
#285=CIRCLE('',#8866,1.5);
#286=CIRCLE('',#8868,3.10000000000001);
#287=CIRCLE('',#8869,1.5);
#288=CIRCLE('',#8871,3.1);
#289=CIRCLE('',#8872,1.5);
#290=CIRCLE('',#8874,3.1);
#291=CIRCLE('',#8875,1.5);
#292=CIRCLE('',#8877,6.5);
#293=CIRCLE('',#8878,6.5);
#294=CIRCLE('',#8881,3.1);
#295=CIRCLE('',#8884,3.1);
#296=CIRCLE('',#8887,3.10000000000001);
#297=CIRCLE('',#8890,3.);
#298=CIRCLE('',#8891,1.65);
#299=CIRCLE('',#8893,3.);
#300=CIRCLE('',#8894,1.65);
#301=CIRCLE('',#8896,3.);
#302=CIRCLE('',#8897,1.65);
#303=CIRCLE('',#8899,1.65);
#304=CIRCLE('',#8901,1.65);
#305=CIRCLE('',#8903,1.65);
#306=CIRCLE('',#8905,4.);
#307=CIRCLE('',#8906,1.);
#308=CIRCLE('',#8907,4.);
#309=CIRCLE('',#8909,4.);
#310=CIRCLE('',#8910,1.);
#311=CIRCLE('',#8911,4.);
#312=CIRCLE('',#8913,4.);
#313=CIRCLE('',#8914,1.);
#314=CIRCLE('',#8915,4.);
#315=CIRCLE('',#8919,23.);
#316=CIRCLE('',#8920,23.);
#317=CIRCLE('',#8922,23.);
#318=CIRCLE('',#8925,23.);
#319=PLANE('',#8363);
#320=PLANE('',#8374);
#321=PLANE('',#8375);
#322=PLANE('',#8376);
#323=PLANE('',#8377);
#324=PLANE('',#8378);
#325=PLANE('',#8379);
#326=PLANE('',#8380);
#327=PLANE('',#8381);
#328=PLANE('',#8382);
#329=PLANE('',#8383);
#330=PLANE('',#8384);
#331=PLANE('',#8385);
#332=PLANE('',#8386);
#333=PLANE('',#8387);
#334=PLANE('',#8388);
#335=PLANE('',#8389);
#336=PLANE('',#8390);
#337=PLANE('',#8391);
#338=PLANE('',#8392);
#339=PLANE('',#8393);
#340=PLANE('',#8394);
#341=PLANE('',#8395);
#342=PLANE('',#8396);
#343=PLANE('',#8397);
#344=PLANE('',#8398);
#345=PLANE('',#8399);
#346=PLANE('',#8400);
#347=PLANE('',#8401);
#348=PLANE('',#8402);
#349=PLANE('',#8403);
#350=PLANE('',#8404);
#351=PLANE('',#8405);
#352=PLANE('',#8406);
#353=PLANE('',#8407);
#354=PLANE('',#8408);
#355=PLANE('',#8409);
#356=PLANE('',#8410);
#357=PLANE('',#8411);
#358=PLANE('',#8412);
#359=PLANE('',#8413);
#360=PLANE('',#8414);
#361=PLANE('',#8415);
#362=PLANE('',#8416);
#363=PLANE('',#8417);
#364=PLANE('',#8418);
#365=PLANE('',#8419);
#366=PLANE('',#8420);
#367=PLANE('',#8421);
#368=PLANE('',#8422);
#369=PLANE('',#8423);
#370=PLANE('',#8424);
#371=PLANE('',#8425);
#372=PLANE('',#8426);
#373=PLANE('',#8427);
#374=PLANE('',#8428);
#375=PLANE('',#8429);
#376=PLANE('',#8430);
#377=PLANE('',#8431);
#378=PLANE('',#8432);
#379=PLANE('',#8433);
#380=PLANE('',#8434);
#381=PLANE('',#8435);
#382=PLANE('',#8436);
#383=PLANE('',#8437);
#384=PLANE('',#8438);
#385=PLANE('',#8439);
#386=PLANE('',#8440);
#387=PLANE('',#8441);
#388=PLANE('',#8442);
#389=PLANE('',#8443);
#390=PLANE('',#8444);
#391=PLANE('',#8445);
#392=PLANE('',#8446);
#393=PLANE('',#8447);
#394=PLANE('',#8448);
#395=PLANE('',#8449);
#396=PLANE('',#8450);
#397=PLANE('',#8451);
#398=PLANE('',#8452);
#399=PLANE('',#8453);
#400=PLANE('',#8454);
#401=PLANE('',#8455);
#402=PLANE('',#8456);
#403=PLANE('',#8457);
#404=PLANE('',#8458);
#405=PLANE('',#8459);
#406=PLANE('',#8460);
#407=PLANE('',#8461);
#408=PLANE('',#8479);
#409=PLANE('',#8489);
#410=PLANE('',#8490);
#411=PLANE('',#8491);
#412=PLANE('',#8492);
#413=PLANE('',#8493);
#414=PLANE('',#8494);
#415=PLANE('',#8495);
#416=PLANE('',#8504);
#417=PLANE('',#8508);
#418=PLANE('',#8512);
#419=PLANE('',#8516);
#420=PLANE('',#8521);
#421=PLANE('',#8522);
#422=PLANE('',#8523);
#423=PLANE('',#8524);
#424=PLANE('',#8528);
#425=PLANE('',#8533);
#426=PLANE('',#8534);
#427=PLANE('',#8535);
#428=PLANE('',#8547);
#429=PLANE('',#8551);
#430=PLANE('',#8552);
#431=PLANE('',#8553);
#432=PLANE('',#8557);
#433=PLANE('',#8559);
#434=PLANE('',#8560);
#435=PLANE('',#8565);
#436=PLANE('',#8568);
#437=PLANE('',#8571);
#438=PLANE('',#8572);
#439=PLANE('',#8573);
#440=PLANE('',#8574);
#441=PLANE('',#8575);
#442=PLANE('',#8576);
#443=PLANE('',#8577);
#444=PLANE('',#8578);
#445=PLANE('',#8580);
#446=PLANE('',#8582);
#447=PLANE('',#8584);
#448=PLANE('',#8585);
#449=PLANE('',#8589);
#450=PLANE('',#8592);
#451=PLANE('',#8595);
#452=PLANE('',#8599);
#453=PLANE('',#8603);
#454=PLANE('',#8607);
#455=PLANE('',#8611);
#456=PLANE('',#8615);
#457=PLANE('',#8619);
#458=PLANE('',#8623);
#459=PLANE('',#8627);
#460=PLANE('',#8629);
#461=PLANE('',#8630);
#462=PLANE('',#8631);
#463=PLANE('',#8632);
#464=PLANE('',#8634);
#465=PLANE('',#8635);
#466=PLANE('',#8636);
#467=PLANE('',#8637);
#468=PLANE('',#8638);
#469=PLANE('',#8639);
#470=PLANE('',#8640);
#471=PLANE('',#8641);
#472=PLANE('',#8642);
#473=PLANE('',#8643);
#474=PLANE('',#8644);
#475=PLANE('',#8645);
#476=PLANE('',#8646);
#477=PLANE('',#8647);
#478=PLANE('',#8648);
#479=PLANE('',#8649);
#480=PLANE('',#8650);
#481=PLANE('',#8651);
#482=PLANE('',#8652);
#483=PLANE('',#8653);
#484=PLANE('',#8654);
#485=PLANE('',#8655);
#486=PLANE('',#8656);
#487=PLANE('',#8657);
#488=PLANE('',#8658);
#489=PLANE('',#8659);
#490=PLANE('',#8660);
#491=PLANE('',#8661);
#492=PLANE('',#8662);
#493=PLANE('',#8663);
#494=PLANE('',#8664);
#495=PLANE('',#8665);
#496=PLANE('',#8666);
#497=PLANE('',#8667);
#498=PLANE('',#8668);
#499=PLANE('',#8669);
#500=PLANE('',#8670);
#501=PLANE('',#8671);
#502=PLANE('',#8672);
#503=PLANE('',#8673);
#504=PLANE('',#8674);
#505=PLANE('',#8675);
#506=PLANE('',#8676);
#507=PLANE('',#8677);
#508=PLANE('',#8678);
#509=PLANE('',#8679);
#510=PLANE('',#8680);
#511=PLANE('',#8681);
#512=PLANE('',#8682);
#513=PLANE('',#8683);
#514=PLANE('',#8684);
#515=PLANE('',#8685);
#516=PLANE('',#8686);
#517=PLANE('',#8687);
#518=PLANE('',#8688);
#519=PLANE('',#8689);
#520=PLANE('',#8690);
#521=PLANE('',#8691);
#522=PLANE('',#8692);
#523=PLANE('',#8693);
#524=PLANE('',#8694);
#525=PLANE('',#8695);
#526=PLANE('',#8696);
#527=PLANE('',#8697);
#528=PLANE('',#8698);
#529=PLANE('',#8699);
#530=PLANE('',#8700);
#531=PLANE('',#8701);
#532=PLANE('',#8702);
#533=PLANE('',#8703);
#534=PLANE('',#8704);
#535=PLANE('',#8705);
#536=PLANE('',#8706);
#537=PLANE('',#8707);
#538=PLANE('',#8708);
#539=PLANE('',#8709);
#540=PLANE('',#8710);
#541=PLANE('',#8711);
#542=PLANE('',#8712);
#543=PLANE('',#8713);
#544=PLANE('',#8714);
#545=PLANE('',#8715);
#546=PLANE('',#8716);
#547=PLANE('',#8717);
#548=PLANE('',#8718);
#549=PLANE('',#8719);
#550=PLANE('',#8720);
#551=PLANE('',#8721);
#552=PLANE('',#8722);
#553=PLANE('',#8723);
#554=PLANE('',#8724);
#555=PLANE('',#8725);
#556=PLANE('',#8726);
#557=PLANE('',#8727);
#558=PLANE('',#8728);
#559=PLANE('',#8729);
#560=PLANE('',#8730);
#561=PLANE('',#8731);
#562=PLANE('',#8732);
#563=PLANE('',#8733);
#564=PLANE('',#8734);
#565=PLANE('',#8735);
#566=PLANE('',#8736);
#567=PLANE('',#8737);
#568=PLANE('',#8738);
#569=PLANE('',#8739);
#570=PLANE('',#8740);
#571=PLANE('',#8741);
#572=PLANE('',#8742);
#573=PLANE('',#8743);
#574=PLANE('',#8744);
#575=PLANE('',#8745);
#576=PLANE('',#8746);
#577=PLANE('',#8747);
#578=PLANE('',#8748);
#579=PLANE('',#8749);
#580=PLANE('',#8750);
#581=PLANE('',#8751);
#582=PLANE('',#8752);
#583=PLANE('',#8753);
#584=PLANE('',#8754);
#585=PLANE('',#8755);
#586=PLANE('',#8756);
#587=PLANE('',#8757);
#588=PLANE('',#8758);
#589=PLANE('',#8759);
#590=PLANE('',#8760);
#591=PLANE('',#8761);
#592=PLANE('',#8762);
#593=PLANE('',#8763);
#594=PLANE('',#8764);
#595=PLANE('',#8765);
#596=PLANE('',#8766);
#597=PLANE('',#8767);
#598=PLANE('',#8768);
#599=PLANE('',#8769);
#600=PLANE('',#8770);
#601=PLANE('',#8771);
#602=PLANE('',#8772);
#603=PLANE('',#8773);
#604=PLANE('',#8774);
#605=PLANE('',#8775);
#606=PLANE('',#8776);
#607=PLANE('',#8777);
#608=PLANE('',#8778);
#609=PLANE('',#8779);
#610=PLANE('',#8780);
#611=PLANE('',#8784);
#612=PLANE('',#8787);
#613=PLANE('',#8788);
#614=PLANE('',#8798);
#615=PLANE('',#8801);
#616=PLANE('',#8804);
#617=PLANE('',#8807);
#618=PLANE('',#8808);
#619=PLANE('',#8809);
#620=PLANE('',#8810);
#621=PLANE('',#8811);
#622=PLANE('',#8812);
#623=PLANE('',#8813);
#624=PLANE('',#8814);
#625=PLANE('',#8815);
#626=PLANE('',#8816);
#627=PLANE('',#8817);
#628=PLANE('',#8818);
#629=PLANE('',#8819);
#630=PLANE('',#8820);
#631=PLANE('',#8826);
#632=PLANE('',#8827);
#633=PLANE('',#8828);
#634=PLANE('',#8829);
#635=PLANE('',#8830);
#636=PLANE('',#8831);
#637=PLANE('',#8832);
#638=PLANE('',#8833);
#639=PLANE('',#8834);
#640=PLANE('',#8835);
#641=PLANE('',#8837);
#642=PLANE('',#8840);
#643=PLANE('',#8842);
#644=PLANE('',#8847);
#645=PLANE('',#8849);
#646=PLANE('',#8852);
#647=PLANE('',#8854);
#648=PLANE('',#8855);
#649=PLANE('',#8856);
#650=PLANE('',#8859);
#651=PLANE('',#8861);
#652=PLANE('',#8863);
#653=PLANE('',#8865);
#654=PLANE('',#8867);
#655=PLANE('',#8870);
#656=PLANE('',#8873);
#657=PLANE('',#8888);
#658=PLANE('',#8889);
#659=PLANE('',#8892);
#660=PLANE('',#8895);
#661=PLANE('',#8916);
#662=PLANE('',#8917);
#663=PLANE('',#8921);
#664=PLANE('',#8923);
#665=PLANE('',#8926);
#666=(
BOUNDED_CURVE()
B_SPLINE_CURVE(5,(#11148,#11149,#11150,#11151,#11152,#11153,#11154,#11155,
#11156,#11157,#11158),.UNSPECIFIED.,.F.,.F.)
B_SPLINE_CURVE_WITH_KNOTS((6,1,1,1,1,1,6),(-0.819952061652751,-0.8,-0.7,
-0.6,-0.5,-0.4,-0.333086930118152),.UNSPECIFIED.)
CURVE()
GEOMETRIC_REPRESENTATION_ITEM()
RATIONAL_B_SPLINE_CURVE((1.,1.,1.,1.,1.,1.,1.,1.,1.,1.,1.))
REPRESENTATION_ITEM('')
);
#667=(
BOUNDED_CURVE()
B_SPLINE_CURVE(5,(#11164,#11165,#11166,#11167,#11168,#11169,#11170,#11171,
#11172,#11173,#11174),.UNSPECIFIED.,.F.,.F.)
B_SPLINE_CURVE_WITH_KNOTS((6,1,1,1,1,1,6),(0.333086930118152,0.4,0.5,0.6,
0.7,0.8,0.819952061652751),.UNSPECIFIED.)
CURVE()
GEOMETRIC_REPRESENTATION_ITEM()
RATIONAL_B_SPLINE_CURVE((1.,1.,1.,1.,1.,1.,1.,1.,1.,1.,1.))
REPRESENTATION_ITEM('')
);
#668=(
BOUNDED_SURFACE()
B_SPLINE_SURFACE(5,1,((#11117,#11118),(#11119,#11120),(#11121,#11122),(#11123,
#11124),(#11125,#11126),(#11127,#11128),(#11129,#11130),(#11131,#11132),
(#11133,#11134),(#11135,#11136),(#11137,#11138),(#11139,#11140),(#11141,
#11142),(#11143,#11144),(#11145,#11146)),.UNSPECIFIED.,.F.,.F.,.F.)
B_SPLINE_SURFACE_WITH_KNOTS((6,1,1,1,1,1,1,1,1,1,6),(2,2),(0.,0.1,0.2,0.3,
0.4,0.5,0.6,0.7,0.8,0.9,1.),(0.,0.3),.UNSPECIFIED.)
GEOMETRIC_REPRESENTATION_ITEM()
RATIONAL_B_SPLINE_SURFACE(((1.,1.),(1.,1.),(1.,1.),(1.,1.),(1.,1.),(1.,
1.),(1.,1.),(1.,1.),(1.,1.),(1.,1.),(1.,1.),(1.,1.),(1.,1.),(1.,1.),(1.,
1.)))
REPRESENTATION_ITEM('')
SURFACE()
);
#669=FACE_OUTER_BOUND('',#1088,.T.);
#670=FACE_OUTER_BOUND('',#1089,.T.);
#671=FACE_OUTER_BOUND('',#1090,.T.);
#672=FACE_OUTER_BOUND('',#1095,.T.);
#673=FACE_OUTER_BOUND('',#1096,.T.);
#674=FACE_OUTER_BOUND('',#1097,.T.);
#675=FACE_OUTER_BOUND('',#1098,.T.);
#676=FACE_OUTER_BOUND('',#1099,.T.);
#677=FACE_OUTER_BOUND('',#1100,.T.);
#678=FACE_OUTER_BOUND('',#1101,.T.);
#679=FACE_OUTER_BOUND('',#1102,.T.);
#680=FACE_OUTER_BOUND('',#1103,.T.);
#681=FACE_OUTER_BOUND('',#1104,.T.);
#682=FACE_OUTER_BOUND('',#1105,.T.);
#683=FACE_OUTER_BOUND('',#1106,.T.);
#684=FACE_OUTER_BOUND('',#1107,.T.);
#685=FACE_OUTER_BOUND('',#1108,.T.);
#686=FACE_OUTER_BOUND('',#1109,.T.);
#687=FACE_OUTER_BOUND('',#1110,.T.);
#688=FACE_OUTER_BOUND('',#1111,.T.);
#689=FACE_OUTER_BOUND('',#1112,.T.);
#690=FACE_OUTER_BOUND('',#1113,.T.);
#691=FACE_OUTER_BOUND('',#1114,.T.);
#692=FACE_OUTER_BOUND('',#1115,.T.);
#693=FACE_OUTER_BOUND('',#1116,.T.);
#694=FACE_OUTER_BOUND('',#1117,.T.);
#695=FACE_OUTER_BOUND('',#1118,.T.);
#696=FACE_OUTER_BOUND('',#1119,.T.);
#697=FACE_OUTER_BOUND('',#1120,.T.);
#698=FACE_OUTER_BOUND('',#1121,.T.);
#699=FACE_OUTER_BOUND('',#1122,.T.);
#700=FACE_OUTER_BOUND('',#1123,.T.);
#701=FACE_OUTER_BOUND('',#1124,.T.);
#702=FACE_OUTER_BOUND('',#1125,.T.);
#703=FACE_OUTER_BOUND('',#1126,.T.);
#704=FACE_OUTER_BOUND('',#1127,.T.);
#705=FACE_OUTER_BOUND('',#1128,.T.);
#706=FACE_OUTER_BOUND('',#1129,.T.);
#707=FACE_OUTER_BOUND('',#1130,.T.);
#708=FACE_OUTER_BOUND('',#1131,.T.);
#709=FACE_OUTER_BOUND('',#1132,.T.);
#710=FACE_OUTER_BOUND('',#1133,.T.);
#711=FACE_OUTER_BOUND('',#1134,.T.);
#712=FACE_OUTER_BOUND('',#1135,.T.);
#713=FACE_OUTER_BOUND('',#1136,.T.);
#714=FACE_OUTER_BOUND('',#1137,.T.);
#715=FACE_OUTER_BOUND('',#1138,.T.);
#716=FACE_OUTER_BOUND('',#1139,.T.);
#717=FACE_OUTER_BOUND('',#1140,.T.);
#718=FACE_OUTER_BOUND('',#1141,.T.);
#719=FACE_OUTER_BOUND('',#1142,.T.);
#720=FACE_OUTER_BOUND('',#1143,.T.);
#721=FACE_OUTER_BOUND('',#1144,.T.);
#722=FACE_OUTER_BOUND('',#1145,.T.);
#723=FACE_OUTER_BOUND('',#1146,.T.);
#724=FACE_OUTER_BOUND('',#1147,.T.);
#725=FACE_OUTER_BOUND('',#1148,.T.);
#726=FACE_OUTER_BOUND('',#1149,.T.);
#727=FACE_OUTER_BOUND('',#1150,.T.);
#728=FACE_OUTER_BOUND('',#1151,.T.);
#729=FACE_OUTER_BOUND('',#1152,.T.);
#730=FACE_OUTER_BOUND('',#1153,.T.);
#731=FACE_OUTER_BOUND('',#1154,.T.);
#732=FACE_OUTER_BOUND('',#1155,.T.);
#733=FACE_OUTER_BOUND('',#1156,.T.);
#734=FACE_OUTER_BOUND('',#1157,.T.);
#735=FACE_OUTER_BOUND('',#1158,.T.);
#736=FACE_OUTER_BOUND('',#1159,.T.);
#737=FACE_OUTER_BOUND('',#1160,.T.);
#738=FACE_OUTER_BOUND('',#1161,.T.);
#739=FACE_OUTER_BOUND('',#1162,.T.);
#740=FACE_OUTER_BOUND('',#1163,.T.);
#741=FACE_OUTER_BOUND('',#1164,.T.);
#742=FACE_OUTER_BOUND('',#1165,.T.);
#743=FACE_OUTER_BOUND('',#1166,.T.);
#744=FACE_OUTER_BOUND('',#1167,.T.);
#745=FACE_OUTER_BOUND('',#1168,.T.);
#746=FACE_OUTER_BOUND('',#1169,.T.);
#747=FACE_OUTER_BOUND('',#1170,.T.);
#748=FACE_OUTER_BOUND('',#1171,.T.);
#749=FACE_OUTER_BOUND('',#1172,.T.);
#750=FACE_OUTER_BOUND('',#1173,.T.);
#751=FACE_OUTER_BOUND('',#1174,.T.);
#752=FACE_OUTER_BOUND('',#1175,.T.);
#753=FACE_OUTER_BOUND('',#1176,.T.);
#754=FACE_OUTER_BOUND('',#1177,.T.);
#755=FACE_OUTER_BOUND('',#1178,.T.);
#756=FACE_OUTER_BOUND('',#1179,.T.);
#757=FACE_OUTER_BOUND('',#1180,.T.);
#758=FACE_OUTER_BOUND('',#1181,.T.);
#759=FACE_OUTER_BOUND('',#1182,.T.);
#760=FACE_OUTER_BOUND('',#1183,.T.);
#761=FACE_OUTER_BOUND('',#1186,.T.);
#762=FACE_OUTER_BOUND('',#1187,.T.);
#763=FACE_OUTER_BOUND('',#1192,.T.);
#764=FACE_OUTER_BOUND('',#1193,.T.);
#765=FACE_OUTER_BOUND('',#1194,.T.);
#766=FACE_OUTER_BOUND('',#1195,.T.);
#767=FACE_OUTER_BOUND('',#1196,.T.);
#768=FACE_OUTER_BOUND('',#1197,.T.);
#769=FACE_OUTER_BOUND('',#1198,.T.);
#770=FACE_OUTER_BOUND('',#1200,.T.);
#771=FACE_OUTER_BOUND('',#1201,.T.);
#772=FACE_OUTER_BOUND('',#1202,.T.);
#773=FACE_OUTER_BOUND('',#1203,.T.);
#774=FACE_OUTER_BOUND('',#1204,.T.);
#775=FACE_OUTER_BOUND('',#1205,.T.);
#776=FACE_OUTER_BOUND('',#1206,.T.);
#777=FACE_OUTER_BOUND('',#1207,.T.);
#778=FACE_OUTER_BOUND('',#1208,.T.);
#779=FACE_OUTER_BOUND('',#1209,.T.);
#780=FACE_OUTER_BOUND('',#1210,.T.);
#781=FACE_OUTER_BOUND('',#1211,.T.);
#782=FACE_OUTER_BOUND('',#1212,.T.);
#783=FACE_OUTER_BOUND('',#1213,.T.);
#784=FACE_OUTER_BOUND('',#1214,.T.);
#785=FACE_OUTER_BOUND('',#1217,.T.);
#786=FACE_OUTER_BOUND('',#1218,.T.);
#787=FACE_OUTER_BOUND('',#1219,.T.);
#788=FACE_OUTER_BOUND('',#1224,.T.);
#789=FACE_OUTER_BOUND('',#1225,.T.);
#790=FACE_OUTER_BOUND('',#1226,.T.);
#791=FACE_OUTER_BOUND('',#1229,.T.);
#792=FACE_OUTER_BOUND('',#1230,.T.);
#793=FACE_OUTER_BOUND('',#1231,.T.);
#794=FACE_OUTER_BOUND('',#1237,.T.);
#795=FACE_OUTER_BOUND('',#1238,.T.);
#796=FACE_OUTER_BOUND('',#1239,.T.);
#797=FACE_OUTER_BOUND('',#1240,.T.);
#798=FACE_OUTER_BOUND('',#1241,.T.);
#799=FACE_OUTER_BOUND('',#1242,.T.);
#800=FACE_OUTER_BOUND('',#1246,.T.);
#801=FACE_OUTER_BOUND('',#1247,.T.);
#802=FACE_OUTER_BOUND('',#1248,.T.);
#803=FACE_OUTER_BOUND('',#1249,.T.);
#804=FACE_OUTER_BOUND('',#1250,.T.);
#805=FACE_OUTER_BOUND('',#1251,.T.);
#806=FACE_OUTER_BOUND('',#1252,.T.);
#807=FACE_OUTER_BOUND('',#1253,.T.);
#808=FACE_OUTER_BOUND('',#1254,.T.);
#809=FACE_OUTER_BOUND('',#1255,.T.);
#810=FACE_OUTER_BOUND('',#1256,.T.);
#811=FACE_OUTER_BOUND('',#1257,.T.);
#812=FACE_OUTER_BOUND('',#1258,.T.);
#813=FACE_OUTER_BOUND('',#1259,.T.);
#814=FACE_OUTER_BOUND('',#1260,.T.);
#815=FACE_OUTER_BOUND('',#1261,.T.);
#816=FACE_OUTER_BOUND('',#1262,.T.);
#817=FACE_OUTER_BOUND('',#1263,.T.);
#818=FACE_OUTER_BOUND('',#1264,.T.);
#819=FACE_OUTER_BOUND('',#1265,.T.);
#820=FACE_OUTER_BOUND('',#1266,.T.);
#821=FACE_OUTER_BOUND('',#1267,.T.);
#822=FACE_OUTER_BOUND('',#1268,.T.);
#823=FACE_OUTER_BOUND('',#1269,.T.);
#824=FACE_OUTER_BOUND('',#1270,.T.);
#825=FACE_OUTER_BOUND('',#1271,.T.);
#826=FACE_OUTER_BOUND('',#1272,.T.);
#827=FACE_OUTER_BOUND('',#1273,.T.);
#828=FACE_OUTER_BOUND('',#1274,.T.);
#829=FACE_OUTER_BOUND('',#1275,.T.);
#830=FACE_OUTER_BOUND('',#1276,.T.);
#831=FACE_OUTER_BOUND('',#1277,.T.);
#832=FACE_OUTER_BOUND('',#1278,.T.);
#833=FACE_OUTER_BOUND('',#1279,.T.);
#834=FACE_OUTER_BOUND('',#1280,.T.);
#835=FACE_OUTER_BOUND('',#1281,.T.);
#836=FACE_OUTER_BOUND('',#1282,.T.);
#837=FACE_OUTER_BOUND('',#1283,.T.);
#838=FACE_OUTER_BOUND('',#1284,.T.);
#839=FACE_OUTER_BOUND('',#1285,.T.);
#840=FACE_OUTER_BOUND('',#1286,.T.);
#841=FACE_OUTER_BOUND('',#1287,.T.);
#842=FACE_OUTER_BOUND('',#1288,.T.);
#843=FACE_OUTER_BOUND('',#1289,.T.);
#844=FACE_OUTER_BOUND('',#1290,.T.);
#845=FACE_OUTER_BOUND('',#1291,.T.);
#846=FACE_OUTER_BOUND('',#1292,.T.);
#847=FACE_OUTER_BOUND('',#1293,.T.);
#848=FACE_OUTER_BOUND('',#1294,.T.);
#849=FACE_OUTER_BOUND('',#1295,.T.);
#850=FACE_OUTER_BOUND('',#1296,.T.);
#851=FACE_OUTER_BOUND('',#1297,.T.);
#852=FACE_OUTER_BOUND('',#1298,.T.);
#853=FACE_OUTER_BOUND('',#1299,.T.);
#854=FACE_OUTER_BOUND('',#1300,.T.);
#855=FACE_OUTER_BOUND('',#1301,.T.);
#856=FACE_OUTER_BOUND('',#1334,.T.);
#857=FACE_OUTER_BOUND('',#1335,.T.);
#858=FACE_OUTER_BOUND('',#1336,.T.);
#859=FACE_OUTER_BOUND('',#1337,.T.);
#860=FACE_OUTER_BOUND('',#1338,.T.);
#861=FACE_OUTER_BOUND('',#1339,.T.);
#862=FACE_OUTER_BOUND('',#1340,.T.);
#863=FACE_OUTER_BOUND('',#1341,.T.);
#864=FACE_OUTER_BOUND('',#1342,.T.);
#865=FACE_OUTER_BOUND('',#1343,.T.);
#866=FACE_OUTER_BOUND('',#1344,.T.);
#867=FACE_OUTER_BOUND('',#1345,.T.);
#868=FACE_OUTER_BOUND('',#1346,.T.);
#869=FACE_OUTER_BOUND('',#1347,.T.);
#870=FACE_OUTER_BOUND('',#1348,.T.);
#871=FACE_OUTER_BOUND('',#1349,.T.);
#872=FACE_OUTER_BOUND('',#1350,.T.);
#873=FACE_OUTER_BOUND('',#1351,.T.);
#874=FACE_OUTER_BOUND('',#1352,.T.);
#875=FACE_OUTER_BOUND('',#1353,.T.);
#876=FACE_OUTER_BOUND('',#1354,.T.);
#877=FACE_OUTER_BOUND('',#1355,.T.);
#878=FACE_OUTER_BOUND('',#1356,.T.);
#879=FACE_OUTER_BOUND('',#1357,.T.);
#880=FACE_OUTER_BOUND('',#1358,.T.);
#881=FACE_OUTER_BOUND('',#1359,.T.);
#882=FACE_OUTER_BOUND('',#1360,.T.);
#883=FACE_OUTER_BOUND('',#1361,.T.);
#884=FACE_OUTER_BOUND('',#1362,.T.);
#885=FACE_OUTER_BOUND('',#1363,.T.);
#886=FACE_OUTER_BOUND('',#1364,.T.);
#887=FACE_OUTER_BOUND('',#1365,.T.);
#888=FACE_OUTER_BOUND('',#1366,.T.);
#889=FACE_OUTER_BOUND('',#1367,.T.);
#890=FACE_OUTER_BOUND('',#1368,.T.);
#891=FACE_OUTER_BOUND('',#1369,.T.);
#892=FACE_OUTER_BOUND('',#1370,.T.);
#893=FACE_OUTER_BOUND('',#1371,.T.);
#894=FACE_OUTER_BOUND('',#1372,.T.);
#895=FACE_OUTER_BOUND('',#1373,.T.);
#896=FACE_OUTER_BOUND('',#1374,.T.);
#897=FACE_OUTER_BOUND('',#1375,.T.);
#898=FACE_OUTER_BOUND('',#1376,.T.);
#899=FACE_OUTER_BOUND('',#1377,.T.);
#900=FACE_OUTER_BOUND('',#1378,.T.);
#901=FACE_OUTER_BOUND('',#1379,.T.);
#902=FACE_OUTER_BOUND('',#1380,.T.);
#903=FACE_OUTER_BOUND('',#1381,.T.);
#904=FACE_OUTER_BOUND('',#1382,.T.);
#905=FACE_OUTER_BOUND('',#1383,.T.);
#906=FACE_OUTER_BOUND('',#1384,.T.);
#907=FACE_OUTER_BOUND('',#1385,.T.);
#908=FACE_OUTER_BOUND('',#1386,.T.);
#909=FACE_OUTER_BOUND('',#1387,.T.);
#910=FACE_OUTER_BOUND('',#1388,.T.);
#911=FACE_OUTER_BOUND('',#1389,.T.);
#912=FACE_OUTER_BOUND('',#1390,.T.);
#913=FACE_OUTER_BOUND('',#1391,.T.);
#914=FACE_OUTER_BOUND('',#1392,.T.);
#915=FACE_OUTER_BOUND('',#1393,.T.);
#916=FACE_OUTER_BOUND('',#1394,.T.);
#917=FACE_OUTER_BOUND('',#1395,.T.);
#918=FACE_OUTER_BOUND('',#1396,.T.);
#919=FACE_OUTER_BOUND('',#1397,.T.);
#920=FACE_OUTER_BOUND('',#1398,.T.);
#921=FACE_OUTER_BOUND('',#1399,.T.);
#922=FACE_OUTER_BOUND('',#1400,.T.);
#923=FACE_OUTER_BOUND('',#1401,.T.);
#924=FACE_OUTER_BOUND('',#1402,.T.);
#925=FACE_OUTER_BOUND('',#1403,.T.);
#926=FACE_OUTER_BOUND('',#1404,.T.);
#927=FACE_OUTER_BOUND('',#1405,.T.);
#928=FACE_OUTER_BOUND('',#1406,.T.);
#929=FACE_OUTER_BOUND('',#1407,.T.);
#930=FACE_OUTER_BOUND('',#1408,.T.);
#931=FACE_OUTER_BOUND('',#1409,.T.);
#932=FACE_OUTER_BOUND('',#1410,.T.);
#933=FACE_OUTER_BOUND('',#1411,.T.);
#934=FACE_OUTER_BOUND('',#1412,.T.);
#935=FACE_OUTER_BOUND('',#1413,.T.);
#936=FACE_OUTER_BOUND('',#1414,.T.);
#937=FACE_OUTER_BOUND('',#1415,.T.);
#938=FACE_OUTER_BOUND('',#1416,.T.);
#939=FACE_OUTER_BOUND('',#1417,.T.);
#940=FACE_OUTER_BOUND('',#1418,.T.);
#941=FACE_OUTER_BOUND('',#1419,.T.);
#942=FACE_OUTER_BOUND('',#1420,.T.);
#943=FACE_OUTER_BOUND('',#1421,.T.);
#944=FACE_OUTER_BOUND('',#1422,.T.);
#945=FACE_OUTER_BOUND('',#1423,.T.);
#946=FACE_OUTER_BOUND('',#1424,.T.);
#947=FACE_OUTER_BOUND('',#1425,.T.);
#948=FACE_OUTER_BOUND('',#1426,.T.);
#949=FACE_OUTER_BOUND('',#1427,.T.);
#950=FACE_OUTER_BOUND('',#1428,.T.);
#951=FACE_OUTER_BOUND('',#1429,.T.);
#952=FACE_OUTER_BOUND('',#1430,.T.);
#953=FACE_OUTER_BOUND('',#1431,.T.);
#954=FACE_OUTER_BOUND('',#1432,.T.);
#955=FACE_OUTER_BOUND('',#1433,.T.);
#956=FACE_OUTER_BOUND('',#1434,.T.);
#957=FACE_OUTER_BOUND('',#1435,.T.);
#958=FACE_OUTER_BOUND('',#1436,.T.);
#959=FACE_OUTER_BOUND('',#1437,.T.);
#960=FACE_OUTER_BOUND('',#1438,.T.);
#961=FACE_OUTER_BOUND('',#1439,.T.);
#962=FACE_OUTER_BOUND('',#1440,.T.);
#963=FACE_OUTER_BOUND('',#1441,.T.);
#964=FACE_OUTER_BOUND('',#1442,.T.);
#965=FACE_OUTER_BOUND('',#1443,.T.);
#966=FACE_OUTER_BOUND('',#1444,.T.);
#967=FACE_OUTER_BOUND('',#1445,.T.);
#968=FACE_OUTER_BOUND('',#1446,.T.);
#969=FACE_OUTER_BOUND('',#1447,.T.);
#970=FACE_OUTER_BOUND('',#1448,.T.);
#971=FACE_OUTER_BOUND('',#1449,.T.);
#972=FACE_OUTER_BOUND('',#1450,.T.);
#973=FACE_OUTER_BOUND('',#1451,.T.);
#974=FACE_OUTER_BOUND('',#1452,.T.);
#975=FACE_OUTER_BOUND('',#1453,.T.);
#976=FACE_OUTER_BOUND('',#1454,.T.);
#977=FACE_OUTER_BOUND('',#1455,.T.);
#978=FACE_OUTER_BOUND('',#1456,.T.);
#979=FACE_OUTER_BOUND('',#1457,.T.);
#980=FACE_OUTER_BOUND('',#1458,.T.);
#981=FACE_OUTER_BOUND('',#1459,.T.);
#982=FACE_OUTER_BOUND('',#1460,.T.);
#983=FACE_OUTER_BOUND('',#1461,.T.);
#984=FACE_OUTER_BOUND('',#1462,.T.);
#985=FACE_OUTER_BOUND('',#1463,.T.);
#986=FACE_OUTER_BOUND('',#1464,.T.);
#987=FACE_OUTER_BOUND('',#1465,.T.);
#988=FACE_OUTER_BOUND('',#1466,.T.);
#989=FACE_OUTER_BOUND('',#1467,.T.);
#990=FACE_OUTER_BOUND('',#1468,.T.);
#991=FACE_OUTER_BOUND('',#1469,.T.);
#992=FACE_OUTER_BOUND('',#1470,.T.);
#993=FACE_OUTER_BOUND('',#1471,.T.);
#994=FACE_OUTER_BOUND('',#1472,.T.);
#995=FACE_OUTER_BOUND('',#1473,.T.);
#996=FACE_OUTER_BOUND('',#1474,.T.);
#997=FACE_OUTER_BOUND('',#1475,.T.);
#998=FACE_OUTER_BOUND('',#1476,.T.);
#999=FACE_OUTER_BOUND('',#1477,.T.);
#1000=FACE_OUTER_BOUND('',#1478,.T.);
#1001=FACE_OUTER_BOUND('',#1479,.T.);
#1002=FACE_OUTER_BOUND('',#1480,.T.);
#1003=FACE_OUTER_BOUND('',#1481,.T.);
#1004=FACE_OUTER_BOUND('',#1482,.T.);
#1005=FACE_OUTER_BOUND('',#1483,.T.);
#1006=FACE_OUTER_BOUND('',#1484,.T.);
#1007=FACE_OUTER_BOUND('',#1485,.T.);
#1008=FACE_OUTER_BOUND('',#1486,.T.);
#1009=FACE_OUTER_BOUND('',#1487,.T.);
#1010=FACE_OUTER_BOUND('',#1488,.T.);
#1011=FACE_OUTER_BOUND('',#1489,.T.);
#1012=FACE_OUTER_BOUND('',#1490,.T.);
#1013=FACE_OUTER_BOUND('',#1491,.T.);
#1014=FACE_OUTER_BOUND('',#1492,.T.);
#1015=FACE_OUTER_BOUND('',#1493,.T.);
#1016=FACE_OUTER_BOUND('',#1494,.T.);
#1017=FACE_OUTER_BOUND('',#1495,.T.);
#1018=FACE_OUTER_BOUND('',#1496,.T.);
#1019=FACE_OUTER_BOUND('',#1499,.T.);
#1020=FACE_OUTER_BOUND('',#1500,.T.);
#1021=FACE_OUTER_BOUND('',#1501,.T.);
#1022=FACE_OUTER_BOUND('',#1502,.T.);
#1023=FACE_OUTER_BOUND('',#1503,.T.);
#1024=FACE_OUTER_BOUND('',#1504,.T.);
#1025=FACE_OUTER_BOUND('',#1505,.T.);
#1026=FACE_OUTER_BOUND('',#1507,.T.);
#1027=FACE_OUTER_BOUND('',#1508,.T.);
#1028=FACE_OUTER_BOUND('',#1509,.T.);
#1029=FACE_OUTER_BOUND('',#1510,.T.);
#1030=FACE_OUTER_BOUND('',#1511,.T.);
#1031=FACE_OUTER_BOUND('',#1512,.T.);
#1032=FACE_OUTER_BOUND('',#1513,.T.);
#1033=FACE_OUTER_BOUND('',#1514,.T.);
#1034=FACE_OUTER_BOUND('',#1515,.T.);
#1035=FACE_OUTER_BOUND('',#1516,.T.);
#1036=FACE_OUTER_BOUND('',#1517,.T.);
#1037=FACE_OUTER_BOUND('',#1518,.T.);
#1038=FACE_OUTER_BOUND('',#1519,.T.);
#1039=FACE_OUTER_BOUND('',#1520,.T.);
#1040=FACE_OUTER_BOUND('',#1521,.T.);
#1041=FACE_OUTER_BOUND('',#1522,.T.);
#1042=FACE_OUTER_BOUND('',#1523,.T.);
#1043=FACE_OUTER_BOUND('',#1524,.T.);
#1044=FACE_OUTER_BOUND('',#1525,.T.);
#1045=FACE_OUTER_BOUND('',#1526,.T.);
#1046=FACE_OUTER_BOUND('',#1527,.T.);
#1047=FACE_OUTER_BOUND('',#1528,.T.);
#1048=FACE_OUTER_BOUND('',#1529,.T.);
#1049=FACE_OUTER_BOUND('',#1530,.T.);
#1050=FACE_OUTER_BOUND('',#1531,.T.);
#1051=FACE_OUTER_BOUND('',#1532,.T.);
#1052=FACE_OUTER_BOUND('',#1533,.T.);
#1053=FACE_OUTER_BOUND('',#1534,.T.);
#1054=FACE_OUTER_BOUND('',#1535,.T.);
#1055=FACE_OUTER_BOUND('',#1536,.T.);
#1056=FACE_OUTER_BOUND('',#1537,.T.);
#1057=FACE_OUTER_BOUND('',#1538,.T.);
#1058=FACE_OUTER_BOUND('',#1539,.T.);
#1059=FACE_OUTER_BOUND('',#1540,.T.);
#1060=FACE_OUTER_BOUND('',#1541,.T.);
#1061=FACE_OUTER_BOUND('',#1542,.T.);
#1062=FACE_OUTER_BOUND('',#1544,.T.);
#1063=FACE_OUTER_BOUND('',#1546,.T.);
#1064=FACE_OUTER_BOUND('',#1548,.T.);
#1065=FACE_OUTER_BOUND('',#1549,.T.);
#1066=FACE_OUTER_BOUND('',#1550,.T.);
#1067=FACE_OUTER_BOUND('',#1551,.T.);
#1068=FACE_OUTER_BOUND('',#1552,.T.);
#1069=FACE_OUTER_BOUND('',#1553,.T.);
#1070=FACE_OUTER_BOUND('',#1554,.T.);
#1071=FACE_OUTER_BOUND('',#1555,.T.);
#1072=FACE_OUTER_BOUND('',#1556,.T.);
#1073=FACE_OUTER_BOUND('',#1558,.T.);
#1074=FACE_OUTER_BOUND('',#1560,.T.);
#1075=FACE_OUTER_BOUND('',#1562,.T.);
#1076=FACE_OUTER_BOUND('',#1563,.T.);
#1077=FACE_OUTER_BOUND('',#1564,.T.);
#1078=FACE_OUTER_BOUND('',#1565,.T.);
#1079=FACE_OUTER_BOUND('',#1566,.T.);
#1080=FACE_OUTER_BOUND('',#1567,.T.);
#1081=FACE_OUTER_BOUND('',#1568,.T.);
#1082=FACE_OUTER_BOUND('',#1569,.T.);
#1083=FACE_OUTER_BOUND('',#1570,.T.);
#1084=FACE_OUTER_BOUND('',#1571,.T.);
#1085=FACE_OUTER_BOUND('',#1576,.T.);
#1086=FACE_OUTER_BOUND('',#1577,.T.);
#1087=FACE_OUTER_BOUND('',#1578,.T.);
#1088=EDGE_LOOP('',(#5569,#5570,#5571,#5572));
#1089=EDGE_LOOP('',(#5573,#5574,#5575,#5576));
#1090=EDGE_LOOP('',(#5577,#5578,#5579,#5580,#5581,#5582,#5583,#5584,#5585,
#5586,#5587,#5588,#5589,#5590,#5591,#5592,#5593,#5594));
#1091=EDGE_LOOP('',(#5595,#5596,#5597));
#1092=EDGE_LOOP('',(#5598,#5599,#5600));
#1093=EDGE_LOOP('',(#5601,#5602,#5603));
#1094=EDGE_LOOP('',(#5604,#5605,#5606));
#1095=EDGE_LOOP('',(#5607,#5608,#5609,#5610));
#1096=EDGE_LOOP('',(#5611,#5612,#5613,#5614));
#1097=EDGE_LOOP('',(#5615,#5616,#5617,#5618));
#1098=EDGE_LOOP('',(#5619,#5620,#5621,#5622));
#1099=EDGE_LOOP('',(#5623,#5624,#5625,#5626));
#1100=EDGE_LOOP('',(#5627,#5628,#5629,#5630));
#1101=EDGE_LOOP('',(#5631,#5632,#5633,#5634));
#1102=EDGE_LOOP('',(#5635,#5636,#5637,#5638));
#1103=EDGE_LOOP('',(#5639,#5640,#5641,#5642));
#1104=EDGE_LOOP('',(#5643,#5644,#5645,#5646));
#1105=EDGE_LOOP('',(#5647,#5648,#5649,#5650));
#1106=EDGE_LOOP('',(#5651,#5652,#5653,#5654));
#1107=EDGE_LOOP('',(#5655,#5656,#5657,#5658));
#1108=EDGE_LOOP('',(#5659,#5660,#5661,#5662));
#1109=EDGE_LOOP('',(#5663,#5664,#5665,#5666));
#1110=EDGE_LOOP('',(#5667,#5668,#5669,#5670));
#1111=EDGE_LOOP('',(#5671,#5672,#5673,#5674));
#1112=EDGE_LOOP('',(#5675,#5676,#5677,#5678));
#1113=EDGE_LOOP('',(#5679,#5680,#5681,#5682));
#1114=EDGE_LOOP('',(#5683,#5684,#5685,#5686));
#1115=EDGE_LOOP('',(#5687,#5688,#5689,#5690));
#1116=EDGE_LOOP('',(#5691,#5692,#5693,#5694));
#1117=EDGE_LOOP('',(#5695,#5696,#5697,#5698));
#1118=EDGE_LOOP('',(#5699,#5700,#5701,#5702));
#1119=EDGE_LOOP('',(#5703,#5704,#5705,#5706));
#1120=EDGE_LOOP('',(#5707,#5708,#5709,#5710));
#1121=EDGE_LOOP('',(#5711,#5712,#5713,#5714));
#1122=EDGE_LOOP('',(#5715,#5716,#5717,#5718,#5719,#5720,#5721,#5722,#5723,
#5724,#5725,#5726,#5727,#5728,#5729,#5730));
#1123=EDGE_LOOP('',(#5731,#5732,#5733,#5734));
#1124=EDGE_LOOP('',(#5735,#5736,#5737,#5738));
#1125=EDGE_LOOP('',(#5739,#5740,#5741,#5742));
#1126=EDGE_LOOP('',(#5743,#5744,#5745,#5746));
#1127=EDGE_LOOP('',(#5747,#5748,#5749,#5750));
#1128=EDGE_LOOP('',(#5751,#5752,#5753,#5754));
#1129=EDGE_LOOP('',(#5755,#5756,#5757,#5758));
#1130=EDGE_LOOP('',(#5759,#5760,#5761,#5762));
#1131=EDGE_LOOP('',(#5763,#5764,#5765,#5766));
#1132=EDGE_LOOP('',(#5767,#5768,#5769,#5770));
#1133=EDGE_LOOP('',(#5771,#5772,#5773,#5774));
#1134=EDGE_LOOP('',(#5775,#5776,#5777,#5778));
#1135=EDGE_LOOP('',(#5779,#5780,#5781,#5782));
#1136=EDGE_LOOP('',(#5783,#5784,#5785,#5786));
#1137=EDGE_LOOP('',(#5787,#5788,#5789,#5790));
#1138=EDGE_LOOP('',(#5791,#5792,#5793,#5794));
#1139=EDGE_LOOP('',(#5795,#5796,#5797,#5798));
#1140=EDGE_LOOP('',(#5799,#5800,#5801,#5802,#5803,#5804,#5805,#5806,#5807,
#5808,#5809,#5810,#5811));
#1141=EDGE_LOOP('',(#5812,#5813,#5814,#5815));
#1142=EDGE_LOOP('',(#5816,#5817,#5818,#5819,#5820,#5821,#5822,#5823,#5824,
#5825,#5826,#5827,#5828,#5829,#5830,#5831));
#1143=EDGE_LOOP('',(#5832,#5833,#5834,#5835));
#1144=EDGE_LOOP('',(#5836,#5837,#5838,#5839));
#1145=EDGE_LOOP('',(#5840,#5841,#5842,#5843));
#1146=EDGE_LOOP('',(#5844,#5845,#5846,#5847));
#1147=EDGE_LOOP('',(#5848,#5849,#5850,#5851));
#1148=EDGE_LOOP('',(#5852,#5853,#5854,#5855,#5856,#5857,#5858,#5859,#5860,
#5861,#5862,#5863,#5864,#5865,#5866,#5867));
#1149=EDGE_LOOP('',(#5868,#5869,#5870,#5871));
#1150=EDGE_LOOP('',(#5872,#5873,#5874,#5875));
#1151=EDGE_LOOP('',(#5876,#5877,#5878,#5879));
#1152=EDGE_LOOP('',(#5880,#5881,#5882,#5883));
#1153=EDGE_LOOP('',(#5884,#5885,#5886,#5887,#5888,#5889,#5890,#5891,#5892,
#5893,#5894,#5895,#5896,#5897,#5898,#5899));
#1154=EDGE_LOOP('',(#5900,#5901,#5902,#5903));
#1155=EDGE_LOOP('',(#5904,#5905,#5906,#5907));
#1156=EDGE_LOOP('',(#5908,#5909,#5910,#5911));
#1157=EDGE_LOOP('',(#5912,#5913,#5914,#5915,#5916,#5917,#5918,#5919,#5920,
#5921,#5922,#5923,#5924));
#1158=EDGE_LOOP('',(#5925,#5926,#5927,#5928));
#1159=EDGE_LOOP('',(#5929,#5930,#5931,#5932,#5933,#5934,#5935,#5936,#5937,
#5938,#5939,#5940,#5941));
#1160=EDGE_LOOP('',(#5942,#5943,#5944,#5945));
#1161=EDGE_LOOP('',(#5946,#5947,#5948,#5949));
#1162=EDGE_LOOP('',(#5950,#5951,#5952,#5953));
#1163=EDGE_LOOP('',(#5954,#5955,#5956,#5957,#5958,#5959,#5960,#5961,#5962,
#5963,#5964,#5965,#5966));
#1164=EDGE_LOOP('',(#5967,#5968,#5969,#5970));
#1165=EDGE_LOOP('',(#5971,#5972,#5973,#5974));
#1166=EDGE_LOOP('',(#5975,#5976,#5977,#5978,#5979,#5980,#5981,#5982,#5983,
#5984,#5985,#5986,#5987,#5988,#5989,#5990));
#1167=EDGE_LOOP('',(#5991,#5992,#5993,#5994));
#1168=EDGE_LOOP('',(#5995,#5996,#5997,#5998,#5999,#6000,#6001,#6002,#6003,
#6004,#6005,#6006,#6007));
#1169=EDGE_LOOP('',(#6008,#6009,#6010,#6011));
#1170=EDGE_LOOP('',(#6012,#6013,#6014,#6015));
#1171=EDGE_LOOP('',(#6016,#6017,#6018,#6019,#6020,#6021,#6022,#6023,#6024,
#6025,#6026,#6027,#6028,#6029,#6030,#6031));
#1172=EDGE_LOOP('',(#6032,#6033,#6034,#6035));
#1173=EDGE_LOOP('',(#6036,#6037,#6038,#6039));
#1174=EDGE_LOOP('',(#6040,#6041,#6042,#6043));
#1175=EDGE_LOOP('',(#6044,#6045,#6046,#6047));
#1176=EDGE_LOOP('',(#6048,#6049,#6050,#6051));
#1177=EDGE_LOOP('',(#6052,#6053,#6054,#6055));
#1178=EDGE_LOOP('',(#6056,#6057,#6058,#6059));
#1179=EDGE_LOOP('',(#6060,#6061,#6062,#6063,#6064,#6065,#6066,#6067,#6068,
#6069,#6070,#6071,#6072));
#1180=EDGE_LOOP('',(#6073,#6074,#6075,#6076));
#1181=EDGE_LOOP('',(#6077,#6078,#6079,#6080));
#1182=EDGE_LOOP('',(#6081,#6082,#6083,#6084));
#1183=EDGE_LOOP('',(#6085,#6086,#6087,#6088,#6089,#6090,#6091,#6092,#6093,
#6094,#6095,#6096,#6097,#6098,#6099,#6100,#6101,#6102,#6103,#6104,#6105,
#6106,#6107,#6108,#6109,#6110,#6111,#6112,#6113,#6114,#6115,#6116,#6117,
#6118));
#1184=EDGE_LOOP('',(#6119));
#1185=EDGE_LOOP('',(#6120,#6121,#6122,#6123,#6124,#6125,#6126,#6127,#6128,
#6129,#6130,#6131,#6132,#6133,#6134,#6135,#6136,#6137,#6138,#6139,#6140,
#6141,#6142,#6143,#6144,#6145,#6146,#6147));
#1186=EDGE_LOOP('',(#6148,#6149,#6150,#6151));
#1187=EDGE_LOOP('',(#6152,#6153,#6154,#6155,#6156,#6157,#6158,#6159,#6160,
#6161,#6162,#6163,#6164,#6165,#6166,#6167,#6168,#6169,#6170,#6171,#6172,
#6173));
#1188=EDGE_LOOP('',(#6174,#6175,#6176));
#1189=EDGE_LOOP('',(#6177,#6178,#6179));
#1190=EDGE_LOOP('',(#6180,#6181,#6182));
#1191=EDGE_LOOP('',(#6183,#6184,#6185));
#1192=EDGE_LOOP('',(#6186,#6187,#6188,#6189));
#1193=EDGE_LOOP('',(#6190,#6191,#6192,#6193));
#1194=EDGE_LOOP('',(#6194,#6195,#6196,#6197));
#1195=EDGE_LOOP('',(#6198,#6199,#6200,#6201));
#1196=EDGE_LOOP('',(#6202,#6203,#6204,#6205,#6206,#6207));
#1197=EDGE_LOOP('',(#6208,#6209,#6210,#6211,#6212,#6213));
#1198=EDGE_LOOP('',(#6214,#6215,#6216,#6217,#6218,#6219,#6220,#6221,#6222,
#6223,#6224,#6225,#6226,#6227));
#1199=EDGE_LOOP('',(#6228));
#1200=EDGE_LOOP('',(#6229,#6230,#6231,#6232));
#1201=EDGE_LOOP('',(#6233));
#1202=EDGE_LOOP('',(#6234,#6235,#6236,#6237));
#1203=EDGE_LOOP('',(#6238));
#1204=EDGE_LOOP('',(#6239,#6240,#6241,#6242));
#1205=EDGE_LOOP('',(#6243));
#1206=EDGE_LOOP('',(#6244,#6245,#6246,#6247));
#1207=EDGE_LOOP('',(#6248));
#1208=EDGE_LOOP('',(#6249,#6250,#6251,#6252,#6253,#6254));
#1209=EDGE_LOOP('',(#6255,#6256,#6257,#6258));
#1210=EDGE_LOOP('',(#6259,#6260,#6261,#6262,#6263));
#1211=EDGE_LOOP('',(#6264,#6265,#6266,#6267,#6268,#6269,#6270,#6271));
#1212=EDGE_LOOP('',(#6272,#6273,#6274,#6275));
#1213=EDGE_LOOP('',(#6276,#6277,#6278,#6279));
#1214=EDGE_LOOP('',(#6280,#6281,#6282,#6283,#6284,#6285,#6286,#6287));
#1215=EDGE_LOOP('',(#6288,#6289,#6290));
#1216=EDGE_LOOP('',(#6291,#6292,#6293));
#1217=EDGE_LOOP('',(#6294,#6295,#6296,#6297));
#1218=EDGE_LOOP('',(#6298,#6299,#6300,#6301));
#1219=EDGE_LOOP('',(#6302,#6303,#6304,#6305,#6306,#6307,#6308,#6309,#6310,
#6311,#6312,#6313,#6314,#6315));
#1220=EDGE_LOOP('',(#6316,#6317,#6318));
#1221=EDGE_LOOP('',(#6319,#6320,#6321));
#1222=EDGE_LOOP('',(#6322,#6323,#6324));
#1223=EDGE_LOOP('',(#6325,#6326,#6327));
#1224=EDGE_LOOP('',(#6328,#6329,#6330,#6331));
#1225=EDGE_LOOP('',(#6332,#6333,#6334,#6335));
#1226=EDGE_LOOP('',(#6336,#6337,#6338,#6339,#6340,#6341,#6342,#6343,#6344,
#6345,#6346,#6347));
#1227=EDGE_LOOP('',(#6348,#6349,#6350));
#1228=EDGE_LOOP('',(#6351,#6352,#6353));
#1229=EDGE_LOOP('',(#6354,#6355,#6356,#6357));
#1230=EDGE_LOOP('',(#6358,#6359,#6360,#6361));
#1231=EDGE_LOOP('',(#6362,#6363,#6364,#6365,#6366,#6367));
#1232=EDGE_LOOP('',(#6368));
#1233=EDGE_LOOP('',(#6369));
#1234=EDGE_LOOP('',(#6370));
#1235=EDGE_LOOP('',(#6371));
#1236=EDGE_LOOP('',(#6372));
#1237=EDGE_LOOP('',(#6373,#6374,#6375,#6376));
#1238=EDGE_LOOP('',(#6377,#6378,#6379,#6380));
#1239=EDGE_LOOP('',(#6381,#6382,#6383,#6384,#6385,#6386,#6387,#6388,#6389,
#6390,#6391,#6392,#6393,#6394,#6395));
#1240=EDGE_LOOP('',(#6396,#6397,#6398,#6399));
#1241=EDGE_LOOP('',(#6400,#6401,#6402,#6403));
#1242=EDGE_LOOP('',(#6404,#6405,#6406,#6407));
#1243=EDGE_LOOP('',(#6408));
#1244=EDGE_LOOP('',(#6409));
#1245=EDGE_LOOP('',(#6410));
#1246=EDGE_LOOP('',(#6411,#6412,#6413,#6414));
#1247=EDGE_LOOP('',(#6415,#6416,#6417,#6418));
#1248=EDGE_LOOP('',(#6419,#6420,#6421,#6422));
#1249=EDGE_LOOP('',(#6423,#6424,#6425,#6426));
#1250=EDGE_LOOP('',(#6427,#6428,#6429,#6430));
#1251=EDGE_LOOP('',(#6431,#6432,#6433,#6434));
#1252=EDGE_LOOP('',(#6435,#6436,#6437,#6438));
#1253=EDGE_LOOP('',(#6439,#6440,#6441,#6442,#6443,#6444));
#1254=EDGE_LOOP('',(#6445,#6446,#6447,#6448));
#1255=EDGE_LOOP('',(#6449,#6450,#6451,#6452));
#1256=EDGE_LOOP('',(#6453,#6454,#6455,#6456));
#1257=EDGE_LOOP('',(#6457,#6458,#6459,#6460));
#1258=EDGE_LOOP('',(#6461,#6462,#6463,#6464));
#1259=EDGE_LOOP('',(#6465,#6466,#6467,#6468));
#1260=EDGE_LOOP('',(#6469,#6470,#6471,#6472));
#1261=EDGE_LOOP('',(#6473,#6474,#6475,#6476));
#1262=EDGE_LOOP('',(#6477,#6478,#6479,#6480));
#1263=EDGE_LOOP('',(#6481,#6482,#6483,#6484));
#1264=EDGE_LOOP('',(#6485,#6486,#6487,#6488));
#1265=EDGE_LOOP('',(#6489,#6490,#6491,#6492));
#1266=EDGE_LOOP('',(#6493,#6494,#6495,#6496));
#1267=EDGE_LOOP('',(#6497,#6498,#6499,#6500));
#1268=EDGE_LOOP('',(#6501,#6502,#6503,#6504));
#1269=EDGE_LOOP('',(#6505,#6506,#6507,#6508));
#1270=EDGE_LOOP('',(#6509));
#1271=EDGE_LOOP('',(#6510,#6511,#6512,#6513));
#1272=EDGE_LOOP('',(#6514));
#1273=EDGE_LOOP('',(#6515,#6516,#6517,#6518));
#1274=EDGE_LOOP('',(#6519));
#1275=EDGE_LOOP('',(#6520,#6521,#6522,#6523));
#1276=EDGE_LOOP('',(#6524));
#1277=EDGE_LOOP('',(#6525,#6526,#6527,#6528));
#1278=EDGE_LOOP('',(#6529));
#1279=EDGE_LOOP('',(#6530,#6531,#6532,#6533));
#1280=EDGE_LOOP('',(#6534));
#1281=EDGE_LOOP('',(#6535,#6536,#6537,#6538));
#1282=EDGE_LOOP('',(#6539));
#1283=EDGE_LOOP('',(#6540,#6541,#6542,#6543));
#1284=EDGE_LOOP('',(#6544));
#1285=EDGE_LOOP('',(#6545,#6546,#6547,#6548));
#1286=EDGE_LOOP('',(#6549));
#1287=EDGE_LOOP('',(#6550,#6551,#6552,#6553));
#1288=EDGE_LOOP('',(#6554));
#1289=EDGE_LOOP('',(#6555,#6556,#6557,#6558));
#1290=EDGE_LOOP('',(#6559));
#1291=EDGE_LOOP('',(#6560,#6561,#6562,#6563));
#1292=EDGE_LOOP('',(#6564,#6565,#6566,#6567));
#1293=EDGE_LOOP('',(#6568,#6569,#6570,#6571));
#1294=EDGE_LOOP('',(#6572,#6573,#6574,#6575));
#1295=EDGE_LOOP('',(#6576,#6577,#6578,#6579));
#1296=EDGE_LOOP('',(#6580,#6581,#6582,#6583));
#1297=EDGE_LOOP('',(#6584,#6585,#6586,#6587));
#1298=EDGE_LOOP('',(#6588,#6589,#6590,#6591));
#1299=EDGE_LOOP('',(#6592,#6593,#6594,#6595));
#1300=EDGE_LOOP('',(#6596,#6597,#6598,#6599));
#1301=EDGE_LOOP('',(#6600,#6601,#6602,#6603,#6604,#6605,#6606,#6607,#6608,
#6609,#6610,#6611));
#1302=EDGE_LOOP('',(#6612,#6613,#6614,#6615));
#1303=EDGE_LOOP('',(#6616,#6617,#6618,#6619));
#1304=EDGE_LOOP('',(#6620,#6621,#6622,#6623));
#1305=EDGE_LOOP('',(#6624,#6625,#6626,#6627));
#1306=EDGE_LOOP('',(#6628,#6629,#6630,#6631));
#1307=EDGE_LOOP('',(#6632,#6633,#6634,#6635));
#1308=EDGE_LOOP('',(#6636,#6637,#6638,#6639));
#1309=EDGE_LOOP('',(#6640,#6641,#6642,#6643));
#1310=EDGE_LOOP('',(#6644,#6645,#6646,#6647));
#1311=EDGE_LOOP('',(#6648,#6649,#6650,#6651));
#1312=EDGE_LOOP('',(#6652,#6653,#6654,#6655));
#1313=EDGE_LOOP('',(#6656,#6657,#6658,#6659));
#1314=EDGE_LOOP('',(#6660));
#1315=EDGE_LOOP('',(#6661));
#1316=EDGE_LOOP('',(#6662));
#1317=EDGE_LOOP('',(#6663));
#1318=EDGE_LOOP('',(#6664));
#1319=EDGE_LOOP('',(#6665));
#1320=EDGE_LOOP('',(#6666));
#1321=EDGE_LOOP('',(#6667));
#1322=EDGE_LOOP('',(#6668,#6669,#6670));
#1323=EDGE_LOOP('',(#6671,#6672,#6673,#6674));
#1324=EDGE_LOOP('',(#6675,#6676,#6677,#6678));
#1325=EDGE_LOOP('',(#6679,#6680,#6681,#6682));
#1326=EDGE_LOOP('',(#6683,#6684,#6685));
#1327=EDGE_LOOP('',(#6686,#6687,#6688,#6689));
#1328=EDGE_LOOP('',(#6690,#6691,#6692));
#1329=EDGE_LOOP('',(#6693,#6694,#6695));
#1330=EDGE_LOOP('',(#6696,#6697,#6698,#6699));
#1331=EDGE_LOOP('',(#6700,#6701,#6702));
#1332=EDGE_LOOP('',(#6703,#6704,#6705));
#1333=EDGE_LOOP('',(#6706,#6707,#6708,#6709));
#1334=EDGE_LOOP('',(#6710,#6711,#6712,#6713,#6714,#6715,#6716,#6717,#6718,
#6719,#6720,#6721,#6722,#6723,#6724,#6725,#6726,#6727,#6728,#6729,#6730,
#6731,#6732,#6733));
#1335=EDGE_LOOP('',(#6734,#6735,#6736,#6737,#6738,#6739));
#1336=EDGE_LOOP('',(#6740,#6741,#6742,#6743));
#1337=EDGE_LOOP('',(#6744,#6745,#6746,#6747,#6748,#6749,#6750));
#1338=EDGE_LOOP('',(#6751,#6752,#6753,#6754,#6755,#6756));
#1339=EDGE_LOOP('',(#6757,#6758,#6759,#6760));
#1340=EDGE_LOOP('',(#6761,#6762,#6763,#6764,#6765,#6766,#6767));
#1341=EDGE_LOOP('',(#6768,#6769,#6770,#6771));
#1342=EDGE_LOOP('',(#6772,#6773,#6774,#6775));
#1343=EDGE_LOOP('',(#6776,#6777,#6778,#6779,#6780,#6781,#6782));
#1344=EDGE_LOOP('',(#6783,#6784,#6785,#6786,#6787,#6788,#6789,#6790));
#1345=EDGE_LOOP('',(#6791,#6792,#6793,#6794));
#1346=EDGE_LOOP('',(#6795,#6796,#6797,#6798));
#1347=EDGE_LOOP('',(#6799,#6800,#6801,#6802));
#1348=EDGE_LOOP('',(#6803,#6804,#6805,#6806));
#1349=EDGE_LOOP('',(#6807,#6808,#6809,#6810,#6811));
#1350=EDGE_LOOP('',(#6812,#6813,#6814,#6815));
#1351=EDGE_LOOP('',(#6816,#6817,#6818,#6819,#6820,#6821,#6822));
#1352=EDGE_LOOP('',(#6823,#6824,#6825,#6826,#6827,#6828,#6829));
#1353=EDGE_LOOP('',(#6830,#6831,#6832,#6833,#6834,#6835,#6836,#6837,#6838,
#6839));
#1354=EDGE_LOOP('',(#6840,#6841,#6842,#6843));
#1355=EDGE_LOOP('',(#6844,#6845,#6846,#6847,#6848,#6849,#6850));
#1356=EDGE_LOOP('',(#6851,#6852,#6853,#6854));
#1357=EDGE_LOOP('',(#6855,#6856,#6857,#6858,#6859));
#1358=EDGE_LOOP('',(#6860,#6861,#6862,#6863,#6864,#6865));
#1359=EDGE_LOOP('',(#6866,#6867,#6868,#6869,#6870,#6871,#6872,#6873));
#1360=EDGE_LOOP('',(#6874,#6875,#6876,#6877,#6878,#6879,#6880,#6881));
#1361=EDGE_LOOP('',(#6882,#6883,#6884,#6885,#6886,#6887,#6888));
#1362=EDGE_LOOP('',(#6889,#6890,#6891,#6892));
#1363=EDGE_LOOP('',(#6893,#6894,#6895,#6896));
#1364=EDGE_LOOP('',(#6897,#6898,#6899,#6900));
#1365=EDGE_LOOP('',(#6901,#6902,#6903,#6904));
#1366=EDGE_LOOP('',(#6905,#6906,#6907,#6908,#6909,#6910,#6911));
#1367=EDGE_LOOP('',(#6912,#6913,#6914,#6915,#6916,#6917,#6918));
#1368=EDGE_LOOP('',(#6919,#6920,#6921,#6922,#6923,#6924,#6925,#6926,#6927,
#6928));
#1369=EDGE_LOOP('',(#6929,#6930,#6931,#6932));
#1370=EDGE_LOOP('',(#6933,#6934,#6935,#6936,#6937));
#1371=EDGE_LOOP('',(#6938,#6939,#6940,#6941,#6942));
#1372=EDGE_LOOP('',(#6943,#6944,#6945,#6946));
#1373=EDGE_LOOP('',(#6947,#6948,#6949,#6950,#6951,#6952,#6953));
#1374=EDGE_LOOP('',(#6954,#6955,#6956,#6957));
#1375=EDGE_LOOP('',(#6958,#6959,#6960,#6961));
#1376=EDGE_LOOP('',(#6962,#6963,#6964,#6965));
#1377=EDGE_LOOP('',(#6966,#6967,#6968,#6969));
#1378=EDGE_LOOP('',(#6970,#6971,#6972,#6973));
#1379=EDGE_LOOP('',(#6974,#6975,#6976,#6977,#6978,#6979,#6980));
#1380=EDGE_LOOP('',(#6981,#6982,#6983,#6984,#6985,#6986,#6987));
#1381=EDGE_LOOP('',(#6988,#6989,#6990,#6991,#6992,#6993,#6994,#6995,#6996,
#6997));
#1382=EDGE_LOOP('',(#6998,#6999,#7000,#7001));
#1383=EDGE_LOOP('',(#7002,#7003,#7004,#7005,#7006));
#1384=EDGE_LOOP('',(#7007,#7008,#7009,#7010,#7011));
#1385=EDGE_LOOP('',(#7012,#7013,#7014,#7015));
#1386=EDGE_LOOP('',(#7016,#7017,#7018,#7019,#7020,#7021,#7022));
#1387=EDGE_LOOP('',(#7023,#7024,#7025,#7026));
#1388=EDGE_LOOP('',(#7027,#7028,#7029,#7030,#7031,#7032,#7033,#7034));
#1389=EDGE_LOOP('',(#7035,#7036,#7037,#7038));
#1390=EDGE_LOOP('',(#7039,#7040,#7041,#7042));
#1391=EDGE_LOOP('',(#7043,#7044,#7045,#7046));
#1392=EDGE_LOOP('',(#7047,#7048,#7049,#7050));
#1393=EDGE_LOOP('',(#7051,#7052,#7053,#7054,#7055));
#1394=EDGE_LOOP('',(#7056,#7057,#7058,#7059));
#1395=EDGE_LOOP('',(#7060,#7061,#7062,#7063,#7064,#7065,#7066));
#1396=EDGE_LOOP('',(#7067,#7068,#7069,#7070,#7071,#7072,#7073));
#1397=EDGE_LOOP('',(#7074,#7075,#7076,#7077,#7078,#7079,#7080,#7081,#7082,
#7083));
#1398=EDGE_LOOP('',(#7084,#7085,#7086,#7087));
#1399=EDGE_LOOP('',(#7088,#7089,#7090,#7091,#7092,#7093,#7094));
#1400=EDGE_LOOP('',(#7095,#7096,#7097,#7098));
#1401=EDGE_LOOP('',(#7099,#7100,#7101,#7102,#7103));
#1402=EDGE_LOOP('',(#7104,#7105,#7106,#7107));
#1403=EDGE_LOOP('',(#7108,#7109,#7110,#7111));
#1404=EDGE_LOOP('',(#7112,#7113,#7114,#7115,#7116,#7117,#7118,#7119,#7120,
#7121,#7122,#7123));
#1405=EDGE_LOOP('',(#7124,#7125,#7126,#7127));
#1406=EDGE_LOOP('',(#7128,#7129,#7130,#7131,#7132));
#1407=EDGE_LOOP('',(#7133,#7134,#7135,#7136));
#1408=EDGE_LOOP('',(#7137,#7138,#7139,#7140,#7141,#7142,#7143));
#1409=EDGE_LOOP('',(#7144,#7145,#7146,#7147));
#1410=EDGE_LOOP('',(#7148,#7149,#7150,#7151,#7152,#7153,#7154,#7155,#7156,
#7157));
#1411=EDGE_LOOP('',(#7158,#7159,#7160,#7161,#7162,#7163,#7164));
#1412=EDGE_LOOP('',(#7165,#7166,#7167,#7168,#7169,#7170,#7171));
#1413=EDGE_LOOP('',(#7172,#7173,#7174,#7175));
#1414=EDGE_LOOP('',(#7176,#7177,#7178,#7179,#7180));
#1415=EDGE_LOOP('',(#7181,#7182,#7183,#7184));
#1416=EDGE_LOOP('',(#7185,#7186,#7187,#7188));
#1417=EDGE_LOOP('',(#7189,#7190,#7191,#7192));
#1418=EDGE_LOOP('',(#7193,#7194,#7195,#7196));
#1419=EDGE_LOOP('',(#7197,#7198,#7199,#7200,#7201,#7202,#7203,#7204));
#1420=EDGE_LOOP('',(#7205,#7206,#7207,#7208));
#1421=EDGE_LOOP('',(#7209,#7210,#7211,#7212,#7213,#7214,#7215));
#1422=EDGE_LOOP('',(#7216,#7217,#7218,#7219));
#1423=EDGE_LOOP('',(#7220,#7221,#7222,#7223,#7224));
#1424=EDGE_LOOP('',(#7225,#7226,#7227,#7228,#7229));
#1425=EDGE_LOOP('',(#7230,#7231,#7232,#7233));
#1426=EDGE_LOOP('',(#7234,#7235,#7236,#7237,#7238,#7239,#7240,#7241,#7242,
#7243));
#1427=EDGE_LOOP('',(#7244,#7245,#7246,#7247,#7248,#7249,#7250));
#1428=EDGE_LOOP('',(#7251,#7252,#7253,#7254,#7255,#7256,#7257));
#1429=EDGE_LOOP('',(#7258,#7259,#7260,#7261));
#1430=EDGE_LOOP('',(#7262,#7263,#7264,#7265));
#1431=EDGE_LOOP('',(#7266,#7267,#7268,#7269));
#1432=EDGE_LOOP('',(#7270,#7271,#7272,#7273));
#1433=EDGE_LOOP('',(#7274,#7275,#7276,#7277));
#1434=EDGE_LOOP('',(#7278,#7279,#7280,#7281,#7282,#7283,#7284));
#1435=EDGE_LOOP('',(#7285,#7286,#7287,#7288));
#1436=EDGE_LOOP('',(#7289,#7290,#7291,#7292,#7293));
#1437=EDGE_LOOP('',(#7294,#7295,#7296,#7297,#7298));
#1438=EDGE_LOOP('',(#7299,#7300,#7301,#7302));
#1439=EDGE_LOOP('',(#7303,#7304,#7305,#7306,#7307,#7308,#7309,#7310,#7311,
#7312));
#1440=EDGE_LOOP('',(#7313,#7314,#7315,#7316,#7317,#7318,#7319));
#1441=EDGE_LOOP('',(#7320,#7321,#7322,#7323,#7324,#7325,#7326));
#1442=EDGE_LOOP('',(#7327,#7328,#7329,#7330));
#1443=EDGE_LOOP('',(#7331,#7332,#7333,#7334));
#1444=EDGE_LOOP('',(#7335,#7336,#7337,#7338));
#1445=EDGE_LOOP('',(#7339,#7340,#7341,#7342));
#1446=EDGE_LOOP('',(#7343,#7344,#7345,#7346,#7347,#7348,#7349));
#1447=EDGE_LOOP('',(#7350,#7351,#7352,#7353,#7354,#7355,#7356,#7357));
#1448=EDGE_LOOP('',(#7358,#7359,#7360,#7361,#7362,#7363,#7364,#7365));
#1449=EDGE_LOOP('',(#7366,#7367,#7368,#7369,#7370,#7371));
#1450=EDGE_LOOP('',(#7372,#7373,#7374,#7375,#7376));
#1451=EDGE_LOOP('',(#7377,#7378,#7379,#7380));
#1452=EDGE_LOOP('',(#7381,#7382,#7383,#7384,#7385,#7386,#7387));
#1453=EDGE_LOOP('',(#7388,#7389,#7390,#7391));
#1454=EDGE_LOOP('',(#7392,#7393,#7394,#7395,#7396,#7397,#7398,#7399,#7400,
#7401));
#1455=EDGE_LOOP('',(#7402,#7403,#7404,#7405,#7406,#7407,#7408));
#1456=EDGE_LOOP('',(#7409,#7410,#7411,#7412,#7413,#7414,#7415));
#1457=EDGE_LOOP('',(#7416,#7417,#7418,#7419));
#1458=EDGE_LOOP('',(#7420,#7421,#7422,#7423,#7424));
#1459=EDGE_LOOP('',(#7425,#7426,#7427,#7428));
#1460=EDGE_LOOP('',(#7429,#7430,#7431,#7432));
#1461=EDGE_LOOP('',(#7433,#7434,#7435,#7436));
#1462=EDGE_LOOP('',(#7437,#7438,#7439,#7440));
#1463=EDGE_LOOP('',(#7441,#7442,#7443,#7444,#7445,#7446,#7447,#7448));
#1464=EDGE_LOOP('',(#7449,#7450,#7451,#7452,#7453,#7454,#7455));
#1465=EDGE_LOOP('',(#7456,#7457,#7458,#7459));
#1466=EDGE_LOOP('',(#7460,#7461,#7462,#7463));
#1467=EDGE_LOOP('',(#7464,#7465,#7466,#7467,#7468,#7469,#7470));
#1468=EDGE_LOOP('',(#7471,#7472,#7473,#7474));
#1469=EDGE_LOOP('',(#7475,#7476,#7477,#7478,#7479,#7480));
#1470=EDGE_LOOP('',(#7481,#7482,#7483,#7484,#7485,#7486,#7487));
#1471=EDGE_LOOP('',(#7488,#7489,#7490,#7491));
#1472=EDGE_LOOP('',(#7492,#7493,#7494,#7495));
#1473=EDGE_LOOP('',(#7496,#7497,#7498,#7499,#7500,#7501,#7502,#7503,#7504,
#7505,#7506,#7507,#7508,#7509,#7510,#7511,#7512,#7513,#7514,#7515,#7516,
#7517,#7518,#7519));
#1474=EDGE_LOOP('',(#7520,#7521,#7522,#7523));
#1475=EDGE_LOOP('',(#7524,#7525,#7526,#7527));
#1476=EDGE_LOOP('',(#7528,#7529,#7530,#7531,#7532));
#1477=EDGE_LOOP('',(#7533,#7534,#7535,#7536));
#1478=EDGE_LOOP('',(#7537,#7538,#7539,#7540));
#1479=EDGE_LOOP('',(#7541,#7542,#7543,#7544));
#1480=EDGE_LOOP('',(#7545,#7546,#7547,#7548));
#1481=EDGE_LOOP('',(#7549,#7550,#7551,#7552));
#1482=EDGE_LOOP('',(#7553,#7554,#7555,#7556));
#1483=EDGE_LOOP('',(#7557,#7558,#7559,#7560,#7561));
#1484=EDGE_LOOP('',(#7562,#7563,#7564,#7565));
#1485=EDGE_LOOP('',(#7566,#7567,#7568,#7569));
#1486=EDGE_LOOP('',(#7570,#7571,#7572,#7573));
#1487=EDGE_LOOP('',(#7574,#7575,#7576,#7577));
#1488=EDGE_LOOP('',(#7578,#7579,#7580,#7581));
#1489=EDGE_LOOP('',(#7582,#7583,#7584,#7585));
#1490=EDGE_LOOP('',(#7586,#7587,#7588,#7589));
#1491=EDGE_LOOP('',(#7590,#7591,#7592,#7593));
#1492=EDGE_LOOP('',(#7594,#7595,#7596,#7597));
#1493=EDGE_LOOP('',(#7598,#7599,#7600,#7601));
#1494=EDGE_LOOP('',(#7602,#7603,#7604,#7605));
#1495=EDGE_LOOP('',(#7606,#7607,#7608,#7609));
#1496=EDGE_LOOP('',(#7610,#7611,#7612,#7613,#7614,#7615,#7616,#7617,#7618,
#7619,#7620,#7621,#7622,#7623,#7624,#7625,#7626,#7627,#7628,#7629));
#1497=EDGE_LOOP('',(#7630));
#1498=EDGE_LOOP('',(#7631));
#1499=EDGE_LOOP('',(#7632,#7633,#7634,#7635));
#1500=EDGE_LOOP('',(#7636,#7637,#7638,#7639));
#1501=EDGE_LOOP('',(#7640));
#1502=EDGE_LOOP('',(#7641,#7642,#7643,#7644));
#1503=EDGE_LOOP('',(#7645,#7646,#7647,#7648));
#1504=EDGE_LOOP('',(#7649,#7650,#7651,#7652));
#1505=EDGE_LOOP('',(#7653,#7654,#7655,#7656,#7657,#7658,#7659,#7660,#7661,
#7662,#7663,#7664,#7665,#7666));
#1506=EDGE_LOOP('',(#7667));
#1507=EDGE_LOOP('',(#7668,#7669,#7670,#7671));
#1508=EDGE_LOOP('',(#7672,#7673,#7674,#7675));
#1509=EDGE_LOOP('',(#7676,#7677,#7678,#7679));
#1510=EDGE_LOOP('',(#7680,#7681,#7682,#7683));
#1511=EDGE_LOOP('',(#7684,#7685,#7686,#7687));
#1512=EDGE_LOOP('',(#7688,#7689,#7690,#7691));
#1513=EDGE_LOOP('',(#7692,#7693,#7694,#7695));
#1514=EDGE_LOOP('',(#7696,#7697,#7698,#7699));
#1515=EDGE_LOOP('',(#7700,#7701,#7702,#7703));
#1516=EDGE_LOOP('',(#7704,#7705,#7706,#7707));
#1517=EDGE_LOOP('',(#7708,#7709,#7710,#7711));
#1518=EDGE_LOOP('',(#7712,#7713,#7714,#7715));
#1519=EDGE_LOOP('',(#7716,#7717,#7718,#7719));
#1520=EDGE_LOOP('',(#7720,#7721,#7722,#7723));
#1521=EDGE_LOOP('',(#7724,#7725,#7726,#7727));
#1522=EDGE_LOOP('',(#7728,#7729,#7730,#7731));
#1523=EDGE_LOOP('',(#7732,#7733,#7734,#7735));
#1524=EDGE_LOOP('',(#7736,#7737,#7738,#7739));
#1525=EDGE_LOOP('',(#7740,#7741,#7742,#7743));
#1526=EDGE_LOOP('',(#7744,#7745,#7746,#7747));
#1527=EDGE_LOOP('',(#7748,#7749,#7750,#7751));
#1528=EDGE_LOOP('',(#7752,#7753,#7754,#7755));
#1529=EDGE_LOOP('',(#7756,#7757,#7758,#7759));
#1530=EDGE_LOOP('',(#7760,#7761,#7762,#7763));
#1531=EDGE_LOOP('',(#7764,#7765,#7766,#7767));
#1532=EDGE_LOOP('',(#7768,#7769,#7770,#7771));
#1533=EDGE_LOOP('',(#7772));
#1534=EDGE_LOOP('',(#7773));
#1535=EDGE_LOOP('',(#7774));
#1536=EDGE_LOOP('',(#7775,#7776,#7777,#7778));
#1537=EDGE_LOOP('',(#7779,#7780,#7781,#7782));
#1538=EDGE_LOOP('',(#7783,#7784,#7785,#7786,#7787,#7788));
#1539=EDGE_LOOP('',(#7789));
#1540=EDGE_LOOP('',(#7790));
#1541=EDGE_LOOP('',(#7791));
#1542=EDGE_LOOP('',(#7792));
#1543=EDGE_LOOP('',(#7793));
#1544=EDGE_LOOP('',(#7794));
#1545=EDGE_LOOP('',(#7795));
#1546=EDGE_LOOP('',(#7796));
#1547=EDGE_LOOP('',(#7797));
#1548=EDGE_LOOP('',(#7798,#7799,#7800,#7801));
#1549=EDGE_LOOP('',(#7802,#7803,#7804,#7805));
#1550=EDGE_LOOP('',(#7806,#7807,#7808,#7809));
#1551=EDGE_LOOP('',(#7810,#7811,#7812,#7813));
#1552=EDGE_LOOP('',(#7814,#7815,#7816,#7817));
#1553=EDGE_LOOP('',(#7818,#7819,#7820,#7821));
#1554=EDGE_LOOP('',(#7822,#7823,#7824,#7825));
#1555=EDGE_LOOP('',(#7826,#7827,#7828,#7829));
#1556=EDGE_LOOP('',(#7830));
#1557=EDGE_LOOP('',(#7831));
#1558=EDGE_LOOP('',(#7832));
#1559=EDGE_LOOP('',(#7833));
#1560=EDGE_LOOP('',(#7834));
#1561=EDGE_LOOP('',(#7835));
#1562=EDGE_LOOP('',(#7836,#7837,#7838,#7839));
#1563=EDGE_LOOP('',(#7840,#7841,#7842,#7843));
#1564=EDGE_LOOP('',(#7844,#7845,#7846,#7847));
#1565=EDGE_LOOP('',(#7848,#7849,#7850,#7851,#7852));
#1566=EDGE_LOOP('',(#7853,#7854,#7855,#7856,#7857));
#1567=EDGE_LOOP('',(#7858,#7859,#7860,#7861,#7862));
#1568=EDGE_LOOP('',(#7863,#7864,#7865,#7866,#7867,#7868,#7869));
#1569=EDGE_LOOP('',(#7870,#7871,#7872,#7873));
#1570=EDGE_LOOP('',(#7874,#7875,#7876,#7877));
#1571=EDGE_LOOP('',(#7878,#7879,#7880,#7881,#7882,#7883,#7884,#7885,#7886,
#7887,#7888,#7889,#7890,#7891,#7892));
#1572=EDGE_LOOP('',(#7893));
#1573=EDGE_LOOP('',(#7894));
#1574=EDGE_LOOP('',(#7895));
#1575=EDGE_LOOP('',(#7896));
#1576=EDGE_LOOP('',(#7897,#7898,#7899,#7900));
#1577=EDGE_LOOP('',(#7901,#7902,#7903,#7904));
#1578=EDGE_LOOP('',(#7905,#7906,#7907,#7908,#7909,#7910));
#1579=EDGE_LOOP('',(#7911));
#1580=EDGE_LOOP('',(#7912));
#1581=EDGE_LOOP('',(#7913));
#1582=EDGE_LOOP('',(#7914));
#1583=LINE('',#11107,#2600);
#1584=LINE('',#11178,#2601);
#1585=LINE('',#11180,#2602);
#1586=LINE('',#11184,#2603);
#1587=LINE('',#11188,#2604);
#1588=LINE('',#11192,#2605);
#1589=LINE('',#11196,#2606);
#1590=LINE('',#11200,#2607);
#1591=LINE('',#11204,#2608);
#1592=LINE('',#11212,#2609);
#1593=LINE('',#11215,#2610);
#1594=LINE('',#11218,#2611);
#1595=LINE('',#11223,#2612);
#1596=LINE('',#11224,#2613);
#1597=LINE('',#11229,#2614);
#1598=LINE('',#11230,#2615);
#1599=LINE('',#11235,#2616);
#1600=LINE('',#11236,#2617);
#1601=LINE('',#11272,#2618);
#1602=LINE('',#11274,#2619);
#1603=LINE('',#11276,#2620);
#1604=LINE('',#11277,#2621);
#1605=LINE('',#11281,#2622);
#1606=LINE('',#11283,#2623);
#1607=LINE('',#11285,#2624);
#1608=LINE('',#11286,#2625);
#1609=LINE('',#11290,#2626);
#1610=LINE('',#11292,#2627);
#1611=LINE('',#11294,#2628);
#1612=LINE('',#11295,#2629);
#1613=LINE('',#11299,#2630);
#1614=LINE('',#11301,#2631);
#1615=LINE('',#11303,#2632);
#1616=LINE('',#11304,#2633);
#1617=LINE('',#11308,#2634);
#1618=LINE('',#11310,#2635);
#1619=LINE('',#11312,#2636);
#1620=LINE('',#11313,#2637);
#1621=LINE('',#11317,#2638);
#1622=LINE('',#11319,#2639);
#1623=LINE('',#11321,#2640);
#1624=LINE('',#11322,#2641);
#1625=LINE('',#11326,#2642);
#1626=LINE('',#11328,#2643);
#1627=LINE('',#11330,#2644);
#1628=LINE('',#11331,#2645);
#1629=LINE('',#11335,#2646);
#1630=LINE('',#11337,#2647);
#1631=LINE('',#11339,#2648);
#1632=LINE('',#11340,#2649);
#1633=LINE('',#11344,#2650);
#1634=LINE('',#11346,#2651);
#1635=LINE('',#11348,#2652);
#1636=LINE('',#11349,#2653);
#1637=LINE('',#11353,#2654);
#1638=LINE('',#11355,#2655);
#1639=LINE('',#11357,#2656);
#1640=LINE('',#11358,#2657);
#1641=LINE('',#11362,#2658);
#1642=LINE('',#11364,#2659);
#1643=LINE('',#11366,#2660);
#1644=LINE('',#11367,#2661);
#1645=LINE('',#11371,#2662);
#1646=LINE('',#11373,#2663);
#1647=LINE('',#11375,#2664);
#1648=LINE('',#11376,#2665);
#1649=LINE('',#11380,#2666);
#1650=LINE('',#11382,#2667);
#1651=LINE('',#11384,#2668);
#1652=LINE('',#11385,#2669);
#1653=LINE('',#11389,#2670);
#1654=LINE('',#11391,#2671);
#1655=LINE('',#11393,#2672);
#1656=LINE('',#11394,#2673);
#1657=LINE('',#11397,#2674);
#1658=LINE('',#11399,#2675);
#1659=LINE('',#11401,#2676);
#1660=LINE('',#11402,#2677);
#1661=LINE('',#11406,#2678);
#1662=LINE('',#11408,#2679);
#1663=LINE('',#11410,#2680);
#1664=LINE('',#11411,#2681);
#1665=LINE('',#11415,#2682);
#1666=LINE('',#11417,#2683);
#1667=LINE('',#11419,#2684);
#1668=LINE('',#11420,#2685);
#1669=LINE('',#11424,#2686);
#1670=LINE('',#11426,#2687);
#1671=LINE('',#11427,#2688);
#1672=LINE('',#11428,#2689);
#1673=LINE('',#11432,#2690);
#1674=LINE('',#11434,#2691);
#1675=LINE('',#11436,#2692);
#1676=LINE('',#11437,#2693);
#1677=LINE('',#11441,#2694);
#1678=LINE('',#11443,#2695);
#1679=LINE('',#11445,#2696);
#1680=LINE('',#11446,#2697);
#1681=LINE('',#11449,#2698);
#1682=LINE('',#11451,#2699);
#1683=LINE('',#11453,#2700);
#1684=LINE('',#11454,#2701);
#1685=LINE('',#11457,#2702);
#1686=LINE('',#11459,#2703);
#1687=LINE('',#11460,#2704);
#1688=LINE('',#11463,#2705);
#1689=LINE('',#11464,#2706);
#1690=LINE('',#11467,#2707);
#1691=LINE('',#11469,#2708);
#1692=LINE('',#11470,#2709);
#1693=LINE('',#11473,#2710);
#1694=LINE('',#11475,#2711);
#1695=LINE('',#11476,#2712);
#1696=LINE('',#11479,#2713);
#1697=LINE('',#11481,#2714);
#1698=LINE('',#11482,#2715);
#1699=LINE('',#11484,#2716);
#1700=LINE('',#11486,#2717);
#1701=LINE('',#11487,#2718);
#1702=LINE('',#11489,#2719);
#1703=LINE('',#11491,#2720);
#1704=LINE('',#11492,#2721);
#1705=LINE('',#11494,#2722);
#1706=LINE('',#11496,#2723);
#1707=LINE('',#11497,#2724);
#1708=LINE('',#11499,#2725);
#1709=LINE('',#11500,#2726);
#1710=LINE('',#11503,#2727);
#1711=LINE('',#11504,#2728);
#1712=LINE('',#11507,#2729);
#1713=LINE('',#11508,#2730);
#1714=LINE('',#11511,#2731);
#1715=LINE('',#11512,#2732);
#1716=LINE('',#11515,#2733);
#1717=LINE('',#11516,#2734);
#1718=LINE('',#11519,#2735);
#1719=LINE('',#11521,#2736);
#1720=LINE('',#11522,#2737);
#1721=LINE('',#11525,#2738);
#1722=LINE('',#11527,#2739);
#1723=LINE('',#11528,#2740);
#1724=LINE('',#11531,#2741);
#1725=LINE('',#11533,#2742);
#1726=LINE('',#11534,#2743);
#1727=LINE('',#11537,#2744);
#1728=LINE('',#11539,#2745);
#1729=LINE('',#11540,#2746);
#1730=LINE('',#11544,#2747);
#1731=LINE('',#11546,#2748);
#1732=LINE('',#11548,#2749);
#1733=LINE('',#11549,#2750);
#1734=LINE('',#11552,#2751);
#1735=LINE('',#11554,#2752);
#1736=LINE('',#11556,#2753);
#1737=LINE('',#11557,#2754);
#1738=LINE('',#11561,#2755);
#1739=LINE('',#11563,#2756);
#1740=LINE('',#11565,#2757);
#1741=LINE('',#11566,#2758);
#1742=LINE('',#11570,#2759);
#1743=LINE('',#11572,#2760);
#1744=LINE('',#11574,#2761);
#1745=LINE('',#11575,#2762);
#1746=LINE('',#11578,#2763);
#1747=LINE('',#11580,#2764);
#1748=LINE('',#11582,#2765);
#1749=LINE('',#11583,#2766);
#1750=LINE('',#11587,#2767);
#1751=LINE('',#11589,#2768);
#1752=LINE('',#11591,#2769);
#1753=LINE('',#11592,#2770);
#1754=LINE('',#11596,#2771);
#1755=LINE('',#11598,#2772);
#1756=LINE('',#11600,#2773);
#1757=LINE('',#11601,#2774);
#1758=LINE('',#11604,#2775);
#1759=LINE('',#11606,#2776);
#1760=LINE('',#11608,#2777);
#1761=LINE('',#11609,#2778);
#1762=LINE('',#11613,#2779);
#1763=LINE('',#11615,#2780);
#1764=LINE('',#11617,#2781);
#1765=LINE('',#11618,#2782);
#1766=LINE('',#11621,#2783);
#1767=LINE('',#11622,#2784);
#1768=LINE('',#11624,#2785);
#1769=LINE('',#11626,#2786);
#1770=LINE('',#11627,#2787);
#1771=LINE('',#11629,#2788);
#1772=LINE('',#11630,#2789);
#1773=LINE('',#11631,#2790);
#1774=LINE('',#11634,#2791);
#1775=LINE('',#11635,#2792);
#1776=LINE('',#11637,#2793);
#1777=LINE('',#11638,#2794);
#1778=LINE('',#11640,#2795);
#1779=LINE('',#11642,#2796);
#1780=LINE('',#11643,#2797);
#1781=LINE('',#11645,#2798);
#1782=LINE('',#11647,#2799);
#1783=LINE('',#11648,#2800);
#1784=LINE('',#11650,#2801);
#1785=LINE('',#11651,#2802);
#1786=LINE('',#11654,#2803);
#1787=LINE('',#11655,#2804);
#1788=LINE('',#11657,#2805);
#1789=LINE('',#11659,#2806);
#1790=LINE('',#11661,#2807);
#1791=LINE('',#11664,#2808);
#1792=LINE('',#11666,#2809);
#1793=LINE('',#11667,#2810);
#1794=LINE('',#11669,#2811);
#1795=LINE('',#11670,#2812);
#1796=LINE('',#11672,#2813);
#1797=LINE('',#11674,#2814);
#1798=LINE('',#11675,#2815);
#1799=LINE('',#11677,#2816);
#1800=LINE('',#11679,#2817);
#1801=LINE('',#11680,#2818);
#1802=LINE('',#11682,#2819);
#1803=LINE('',#11683,#2820);
#1804=LINE('',#11686,#2821);
#1805=LINE('',#11687,#2822);
#1806=LINE('',#11690,#2823);
#1807=LINE('',#11691,#2824);
#1808=LINE('',#11694,#2825);
#1809=LINE('',#11695,#2826);
#1810=LINE('',#11698,#2827);
#1811=LINE('',#11700,#2828);
#1812=LINE('',#11701,#2829);
#1813=LINE('',#11703,#2830);
#1814=LINE('',#11704,#2831);
#1815=LINE('',#11706,#2832);
#1816=LINE('',#11708,#2833);
#1817=LINE('',#11709,#2834);
#1818=LINE('',#11711,#2835);
#1819=LINE('',#11713,#2836);
#1820=LINE('',#11714,#2837);
#1821=LINE('',#11716,#2838);
#1822=LINE('',#11717,#2839);
#1823=LINE('',#11720,#2840);
#1824=LINE('',#11721,#2841);
#1825=LINE('',#11724,#2842);
#1826=LINE('',#11725,#2843);
#1827=LINE('',#11728,#2844);
#1828=LINE('',#11729,#2845);
#1829=LINE('',#11731,#2846);
#1830=LINE('',#11733,#2847);
#1831=LINE('',#11734,#2848);
#1832=LINE('',#11735,#2849);
#1833=LINE('',#11736,#2850);
#1834=LINE('',#11739,#2851);
#1835=LINE('',#11740,#2852);
#1836=LINE('',#11742,#2853);
#1837=LINE('',#11744,#2854);
#1838=LINE('',#11745,#2855);
#1839=LINE('',#11746,#2856);
#1840=LINE('',#11747,#2857);
#1841=LINE('',#11751,#2858);
#1842=LINE('',#11753,#2859);
#1843=LINE('',#11755,#2860);
#1844=LINE('',#11756,#2861);
#1845=LINE('',#11757,#2862);
#1846=LINE('',#11758,#2863);
#1847=LINE('',#11762,#2864);
#1848=LINE('',#11764,#2865);
#1849=LINE('',#11765,#2866);
#1850=LINE('',#11767,#2867);
#1851=LINE('',#11768,#2868);
#1852=LINE('',#11769,#2869);
#1853=LINE('',#11770,#2870);
#1854=LINE('',#11771,#2871);
#1855=LINE('',#11774,#2872);
#1856=LINE('',#11776,#2873);
#1857=LINE('',#11777,#2874);
#1858=LINE('',#11778,#2875);
#1859=LINE('',#11779,#2876);
#1860=LINE('',#11783,#2877);
#1861=LINE('',#11784,#2878);
#1862=LINE('',#11786,#2879);
#1863=LINE('',#11787,#2880);
#1864=LINE('',#11788,#2881);
#1865=LINE('',#11789,#2882);
#1866=LINE('',#11790,#2883);
#1867=LINE('',#11792,#2884);
#1868=LINE('',#11794,#2885);
#1869=LINE('',#11796,#2886);
#1870=LINE('',#11798,#2887);
#1871=LINE('',#11800,#2888);
#1872=LINE('',#11802,#2889);
#1873=LINE('',#11804,#2890);
#1874=LINE('',#11806,#2891);
#1875=LINE('',#11807,#2892);
#1876=LINE('',#11808,#2893);
#1877=LINE('',#11812,#2894);
#1878=LINE('',#11814,#2895);
#1879=LINE('',#11816,#2896);
#1880=LINE('',#11817,#2897);
#1881=LINE('',#11820,#2898);
#1882=LINE('',#11822,#2899);
#1883=LINE('',#11823,#2900);
#1884=LINE('',#11826,#2901);
#1885=LINE('',#11827,#2902);
#1886=LINE('',#11830,#2903);
#1887=LINE('',#11834,#2904);
#1888=LINE('',#11836,#2905);
#1889=LINE('',#11838,#2906);
#1890=LINE('',#11842,#2907);
#1891=LINE('',#11844,#2908);
#1892=LINE('',#11846,#2909);
#1893=LINE('',#11850,#2910);
#1894=LINE('',#11854,#2911);
#1895=LINE('',#11856,#2912);
#1896=LINE('',#11858,#2913);
#1897=LINE('',#11862,#2914);
#1898=LINE('',#11864,#2915);
#1899=LINE('',#11866,#2916);
#1900=LINE('',#11870,#2917);
#1901=LINE('',#11872,#2918);
#1902=LINE('',#11874,#2919);
#1903=LINE('',#11875,#2920);
#1904=LINE('',#11877,#2921);
#1905=LINE('',#11879,#2922);
#1906=LINE('',#11881,#2923);
#1907=LINE('',#11883,#2924);
#1908=LINE('',#11885,#2925);
#1909=LINE('',#11886,#2926);
#1910=LINE('',#11891,#2927);
#1911=LINE('',#11895,#2928);
#1912=LINE('',#11897,#2929);
#1913=LINE('',#11899,#2930);
#1914=LINE('',#11903,#2931);
#1915=LINE('',#11905,#2932);
#1916=LINE('',#11907,#2933);
#1917=LINE('',#11911,#2934);
#1918=LINE('',#11913,#2935);
#1919=LINE('',#11915,#2936);
#1920=LINE('',#11919,#2937);
#1921=LINE('',#11923,#2938);
#1922=LINE('',#11925,#2939);
#1923=LINE('',#11927,#2940);
#1924=LINE('',#11931,#2941);
#1925=LINE('',#11933,#2942);
#1926=LINE('',#11935,#2943);
#1927=LINE('',#11939,#2944);
#1928=LINE('',#11941,#2945);
#1929=LINE('',#11943,#2946);
#1930=LINE('',#11949,#2947);
#1931=LINE('',#11950,#2948);
#1932=LINE('',#11952,#2949);
#1933=LINE('',#11954,#2950);
#1934=LINE('',#11958,#2951);
#1935=LINE('',#11962,#2952);
#1936=LINE('',#11966,#2953);
#1937=LINE('',#11970,#2954);
#1938=LINE('',#11974,#2955);
#1939=LINE('',#11976,#2956);
#1940=LINE('',#11978,#2957);
#1941=LINE('',#11979,#2958);
#1942=LINE('',#11980,#2959);
#1943=LINE('',#11985,#2960);
#1944=LINE('',#11986,#2961);
#1945=LINE('',#11991,#2962);
#1946=LINE('',#11992,#2963);
#1947=LINE('',#11997,#2964);
#1948=LINE('',#11998,#2965);
#1949=LINE('',#12001,#2966);
#1950=LINE('',#12004,#2967);
#1951=LINE('',#12006,#2968);
#1952=LINE('',#12010,#2969);
#1953=LINE('',#12012,#2970);
#1954=LINE('',#12014,#2971);
#1955=LINE('',#12015,#2972);
#1956=LINE('',#12018,#2973);
#1957=LINE('',#12020,#2974);
#1958=LINE('',#12021,#2975);
#1959=LINE('',#12024,#2976);
#1960=LINE('',#12026,#2977);
#1961=LINE('',#12027,#2978);
#1962=LINE('',#12029,#2979);
#1963=LINE('',#12030,#2980);
#1964=LINE('',#12032,#2981);
#1965=LINE('',#12033,#2982);
#1966=LINE('',#12038,#2983);
#1967=LINE('',#12040,#2984);
#1968=LINE('',#12042,#2985);
#1969=LINE('',#12046,#2986);
#1970=LINE('',#12048,#2987);
#1971=LINE('',#12050,#2988);
#1972=LINE('',#12054,#2989);
#1973=LINE('',#12056,#2990);
#1974=LINE('',#12058,#2991);
#1975=LINE('',#12066,#2992);
#1976=LINE('',#12073,#2993);
#1977=LINE('',#12080,#2994);
#1978=LINE('',#12087,#2995);
#1979=LINE('',#12095,#2996);
#1980=LINE('',#12099,#2997);
#1981=LINE('',#12102,#2998);
#1982=LINE('',#12105,#2999);
#1983=LINE('',#12107,#3000);
#1984=LINE('',#12108,#3001);
#1985=LINE('',#12111,#3002);
#1986=LINE('',#12113,#3003);
#1987=LINE('',#12114,#3004);
#1988=LINE('',#12117,#3005);
#1989=LINE('',#12118,#3006);
#1990=LINE('',#12120,#3007);
#1991=LINE('',#12122,#3008);
#1992=LINE('',#12123,#3009);
#1993=LINE('',#12126,#3010);
#1994=LINE('',#12128,#3011);
#1995=LINE('',#12129,#3012);
#1996=LINE('',#12135,#3013);
#1997=LINE('',#12138,#3014);
#1998=LINE('',#12141,#3015);
#1999=LINE('',#12145,#3016);
#2000=LINE('',#12149,#3017);
#2001=LINE('',#12151,#3018);
#2002=LINE('',#12152,#3019);
#2003=LINE('',#12157,#3020);
#2004=LINE('',#12158,#3021);
#2005=LINE('',#12163,#3022);
#2006=LINE('',#12164,#3023);
#2007=LINE('',#12167,#3024);
#2008=LINE('',#12168,#3025);
#2009=LINE('',#12171,#3026);
#2010=LINE('',#12172,#3027);
#2011=LINE('',#12177,#3028);
#2012=LINE('',#12181,#3029);
#2013=LINE('',#12185,#3030);
#2014=LINE('',#12187,#3031);
#2015=LINE('',#12192,#3032);
#2016=LINE('',#12193,#3033);
#2017=LINE('',#12198,#3034);
#2018=LINE('',#12199,#3035);
#2019=LINE('',#12204,#3036);
#2020=LINE('',#12205,#3037);
#2021=LINE('',#12210,#3038);
#2022=LINE('',#12211,#3039);
#2023=LINE('',#12213,#3040);
#2024=LINE('',#12217,#3041);
#2025=LINE('',#12220,#3042);
#2026=LINE('',#12222,#3043);
#2027=LINE('',#12225,#3044);
#2028=LINE('',#12226,#3045);
#2029=LINE('',#12231,#3046);
#2030=LINE('',#12232,#3047);
#2031=LINE('',#12237,#3048);
#2032=LINE('',#12238,#3049);
#2033=LINE('',#12240,#3050);
#2034=LINE('',#12242,#3051);
#2035=LINE('',#12244,#3052);
#2036=LINE('',#12248,#3053);
#2037=LINE('',#12250,#3054);
#2038=LINE('',#12253,#3055);
#2039=LINE('',#12255,#3056);
#2040=LINE('',#12257,#3057);
#2041=LINE('',#12259,#3058);
#2042=LINE('',#12261,#3059);
#2043=LINE('',#12263,#3060);
#2044=LINE('',#12265,#3061);
#2045=LINE('',#12267,#3062);
#2046=LINE('',#12269,#3063);
#2047=LINE('',#12271,#3064);
#2048=LINE('',#12272,#3065);
#2049=LINE('',#12273,#3066);
#2050=LINE('',#12277,#3067);
#2051=LINE('',#12279,#3068);
#2052=LINE('',#12280,#3069);
#2053=LINE('',#12282,#3070);
#2054=LINE('',#12290,#3071);
#2055=LINE('',#12291,#3072);
#2056=LINE('',#12293,#3073);
#2057=LINE('',#12295,#3074);
#2058=LINE('',#12297,#3075);
#2059=LINE('',#12298,#3076);
#2060=LINE('',#12300,#3077);
#2061=LINE('',#12303,#3078);
#2062=LINE('',#12304,#3079);
#2063=LINE('',#12306,#3080);
#2064=LINE('',#12310,#3081);
#2065=LINE('',#12311,#3082);
#2066=LINE('',#12313,#3083);
#2067=LINE('',#12314,#3084);
#2068=LINE('',#12316,#3085);
#2069=LINE('',#12317,#3086);
#2070=LINE('',#12319,#3087);
#2071=LINE('',#12320,#3088);
#2072=LINE('',#12323,#3089);
#2073=LINE('',#12326,#3090);
#2074=LINE('',#12329,#3091);
#2075=LINE('',#12332,#3092);
#2076=LINE('',#12336,#3093);
#2077=LINE('',#12341,#3094);
#2078=LINE('',#12346,#3095);
#2079=LINE('',#12353,#3096);
#2080=LINE('',#12360,#3097);
#2081=LINE('',#12367,#3098);
#2082=LINE('',#12374,#3099);
#2083=LINE('',#12381,#3100);
#2084=LINE('',#12388,#3101);
#2085=LINE('',#12395,#3102);
#2086=LINE('',#12402,#3103);
#2087=LINE('',#12406,#3104);
#2088=LINE('',#12407,#3105);
#2089=LINE('',#12409,#3106);
#2090=LINE('',#12412,#3107);
#2091=LINE('',#12413,#3108);
#2092=LINE('',#12415,#3109);
#2093=LINE('',#12417,#3110);
#2094=LINE('',#12418,#3111);
#2095=LINE('',#12420,#3112);
#2096=LINE('',#12423,#3113);
#2097=LINE('',#12424,#3114);
#2098=LINE('',#12426,#3115);
#2099=LINE('',#12429,#3116);
#2100=LINE('',#12431,#3117);
#2101=LINE('',#12432,#3118);
#2102=LINE('',#12434,#3119);
#2103=LINE('',#12435,#3120);
#2104=LINE('',#12437,#3121);
#2105=LINE('',#12439,#3122);
#2106=LINE('',#12441,#3123);
#2107=LINE('',#12443,#3124);
#2108=LINE('',#12445,#3125);
#2109=LINE('',#12447,#3126);
#2110=LINE('',#12449,#3127);
#2111=LINE('',#12451,#3128);
#2112=LINE('',#12452,#3129);
#2113=LINE('',#12454,#3130);
#2114=LINE('',#12456,#3131);
#2115=LINE('',#12458,#3132);
#2116=LINE('',#12460,#3133);
#2117=LINE('',#12462,#3134);
#2118=LINE('',#12464,#3135);
#2119=LINE('',#12466,#3136);
#2120=LINE('',#12468,#3137);
#2121=LINE('',#12469,#3138);
#2122=LINE('',#12473,#3139);
#2123=LINE('',#12474,#3140);
#2124=LINE('',#12477,#3141);
#2125=LINE('',#12479,#3142);
#2126=LINE('',#12481,#3143);
#2127=LINE('',#12483,#3144);
#2128=LINE('',#12484,#3145);
#2129=LINE('',#12487,#3146);
#2130=LINE('',#12489,#3147);
#2131=LINE('',#12491,#3148);
#2132=LINE('',#12493,#3149);
#2133=LINE('',#12494,#3150);
#2134=LINE('',#12497,#3151);
#2135=LINE('',#12498,#3152);
#2136=LINE('',#12501,#3153);
#2137=LINE('',#12503,#3154);
#2138=LINE('',#12505,#3155);
#2139=LINE('',#12507,#3156);
#2140=LINE('',#12508,#3157);
#2141=LINE('',#12511,#3158);
#2142=LINE('',#12512,#3159);
#2143=LINE('',#12515,#3160);
#2144=LINE('',#12516,#3161);
#2145=LINE('',#12519,#3162);
#2146=LINE('',#12521,#3163);
#2147=LINE('',#12523,#3164);
#2148=LINE('',#12525,#3165);
#2149=LINE('',#12526,#3166);
#2150=LINE('',#12529,#3167);
#2151=LINE('',#12531,#3168);
#2152=LINE('',#12532,#3169);
#2153=LINE('',#12536,#3170);
#2154=LINE('',#12538,#3171);
#2155=LINE('',#12540,#3172);
#2156=LINE('',#12541,#3173);
#2157=LINE('',#12544,#3174);
#2158=LINE('',#12546,#3175);
#2159=LINE('',#12547,#3176);
#2160=LINE('',#12550,#3177);
#2161=LINE('',#12551,#3178);
#2162=LINE('',#12555,#3179);
#2163=LINE('',#12557,#3180);
#2164=LINE('',#12559,#3181);
#2165=LINE('',#12560,#3182);
#2166=LINE('',#12564,#3183);
#2167=LINE('',#12566,#3184);
#2168=LINE('',#12567,#3185);
#2169=LINE('',#12568,#3186);
#2170=LINE('',#12571,#3187);
#2171=LINE('',#12572,#3188);
#2172=LINE('',#12575,#3189);
#2173=LINE('',#12577,#3190);
#2174=LINE('',#12579,#3191);
#2175=LINE('',#12581,#3192);
#2176=LINE('',#12582,#3193);
#2177=LINE('',#12584,#3194);
#2178=LINE('',#12586,#3195);
#2179=LINE('',#12587,#3196);
#2180=LINE('',#12589,#3197);
#2181=LINE('',#12591,#3198);
#2182=LINE('',#12593,#3199);
#2183=LINE('',#12594,#3200);
#2184=LINE('',#12596,#3201);
#2185=LINE('',#12597,#3202);
#2186=LINE('',#12599,#3203);
#2187=LINE('',#12601,#3204);
#2188=LINE('',#12605,#3205);
#2189=LINE('',#12607,#3206);
#2190=LINE('',#12608,#3207);
#2191=LINE('',#12611,#3208);
#2192=LINE('',#12613,#3209);
#2193=LINE('',#12615,#3210);
#2194=LINE('',#12617,#3211);
#2195=LINE('',#12618,#3212);
#2196=LINE('',#12621,#3213);
#2197=LINE('',#12622,#3214);
#2198=LINE('',#12625,#3215);
#2199=LINE('',#12627,#3216);
#2200=LINE('',#12629,#3217);
#2201=LINE('',#12630,#3218);
#2202=LINE('',#12634,#3219);
#2203=LINE('',#12636,#3220);
#2204=LINE('',#12638,#3221);
#2205=LINE('',#12639,#3222);
#2206=LINE('',#12642,#3223);
#2207=LINE('',#12644,#3224);
#2208=LINE('',#12645,#3225);
#2209=LINE('',#12648,#3226);
#2210=LINE('',#12649,#3227);
#2211=LINE('',#12652,#3228);
#2212=LINE('',#12654,#3229);
#2213=LINE('',#12655,#3230);
#2214=LINE('',#12658,#3231);
#2215=LINE('',#12659,#3232);
#2216=LINE('',#12660,#3233);
#2217=LINE('',#12663,#3234);
#2218=LINE('',#12665,#3235);
#2219=LINE('',#12667,#3236);
#2220=LINE('',#12668,#3237);
#2221=LINE('',#12670,#3238);
#2222=LINE('',#12672,#3239);
#2223=LINE('',#12673,#3240);
#2224=LINE('',#12676,#3241);
#2225=LINE('',#12677,#3242);
#2226=LINE('',#12680,#3243);
#2227=LINE('',#12681,#3244);
#2228=LINE('',#12683,#3245);
#2229=LINE('',#12685,#3246);
#2230=LINE('',#12687,#3247);
#2231=LINE('',#12692,#3248);
#2232=LINE('',#12694,#3249);
#2233=LINE('',#12696,#3250);
#2234=LINE('',#12697,#3251);
#2235=LINE('',#12700,#3252);
#2236=LINE('',#12702,#3253);
#2237=LINE('',#12703,#3254);
#2238=LINE('',#12706,#3255);
#2239=LINE('',#12707,#3256);
#2240=LINE('',#12711,#3257);
#2241=LINE('',#12713,#3258);
#2242=LINE('',#12715,#3259);
#2243=LINE('',#12716,#3260);
#2244=LINE('',#12719,#3261);
#2245=LINE('',#12720,#3262);
#2246=LINE('',#12721,#3263);
#2247=LINE('',#12724,#3264);
#2248=LINE('',#12726,#3265);
#2249=LINE('',#12728,#3266);
#2250=LINE('',#12729,#3267);
#2251=LINE('',#12732,#3268);
#2252=LINE('',#12733,#3269);
#2253=LINE('',#12735,#3270);
#2254=LINE('',#12736,#3271);
#2255=LINE('',#12739,#3272);
#2256=LINE('',#12740,#3273);
#2257=LINE('',#12742,#3274);
#2258=LINE('',#12744,#3275);
#2259=LINE('',#12745,#3276);
#2260=LINE('',#12747,#3277);
#2261=LINE('',#12749,#3278);
#2262=LINE('',#12751,#3279);
#2263=LINE('',#12755,#3280);
#2264=LINE('',#12757,#3281);
#2265=LINE('',#12759,#3282);
#2266=LINE('',#12760,#3283);
#2267=LINE('',#12764,#3284);
#2268=LINE('',#12766,#3285);
#2269=LINE('',#12768,#3286);
#2270=LINE('',#12769,#3287);
#2271=LINE('',#12772,#3288);
#2272=LINE('',#12774,#3289);
#2273=LINE('',#12775,#3290);
#2274=LINE('',#12778,#3291);
#2275=LINE('',#12779,#3292);
#2276=LINE('',#12782,#3293);
#2277=LINE('',#12784,#3294);
#2278=LINE('',#12785,#3295);
#2279=LINE('',#12789,#3296);
#2280=LINE('',#12790,#3297);
#2281=LINE('',#12791,#3298);
#2282=LINE('',#12794,#3299);
#2283=LINE('',#12795,#3300);
#2284=LINE('',#12798,#3301);
#2285=LINE('',#12800,#3302);
#2286=LINE('',#12802,#3303);
#2287=LINE('',#12804,#3304);
#2288=LINE('',#12805,#3305);
#2289=LINE('',#12807,#3306);
#2290=LINE('',#12808,#3307);
#2291=LINE('',#12810,#3308);
#2292=LINE('',#12811,#3309);
#2293=LINE('',#12813,#3310);
#2294=LINE('',#12815,#3311);
#2295=LINE('',#12817,#3312);
#2296=LINE('',#12823,#3313);
#2297=LINE('',#12825,#3314);
#2298=LINE('',#12827,#3315);
#2299=LINE('',#12829,#3316);
#2300=LINE('',#12831,#3317);
#2301=LINE('',#12833,#3318);
#2302=LINE('',#12835,#3319);
#2303=LINE('',#12837,#3320);
#2304=LINE('',#12839,#3321);
#2305=LINE('',#12841,#3322);
#2306=LINE('',#12842,#3323);
#2307=LINE('',#12844,#3324);
#2308=LINE('',#12848,#3325);
#2309=LINE('',#12850,#3326);
#2310=LINE('',#12852,#3327);
#2311=LINE('',#12854,#3328);
#2312=LINE('',#12855,#3329);
#2313=LINE('',#12858,#3330);
#2314=LINE('',#12860,#3331);
#2315=LINE('',#12861,#3332);
#2316=LINE('',#12864,#3333);
#2317=LINE('',#12866,#3334);
#2318=LINE('',#12868,#3335);
#2319=LINE('',#12870,#3336);
#2320=LINE('',#12872,#3337);
#2321=LINE('',#12873,#3338);
#2322=LINE('',#12876,#3339);
#2323=LINE('',#12878,#3340);
#2324=LINE('',#12879,#3341);
#2325=LINE('',#12883,#3342);
#2326=LINE('',#12885,#3343);
#2327=LINE('',#12887,#3344);
#2328=LINE('',#12889,#3345);
#2329=LINE('',#12891,#3346);
#2330=LINE('',#12892,#3347);
#2331=LINE('',#12894,#3348);
#2332=LINE('',#12896,#3349);
#2333=LINE('',#12897,#3350);
#2334=LINE('',#12900,#3351);
#2335=LINE('',#12901,#3352);
#2336=LINE('',#12903,#3353);
#2337=LINE('',#12905,#3354);
#2338=LINE('',#12906,#3355);
#2339=LINE('',#12909,#3356);
#2340=LINE('',#12910,#3357);
#2341=LINE('',#12913,#3358);
#2342=LINE('',#12914,#3359);
#2343=LINE('',#12917,#3360);
#2344=LINE('',#12918,#3361);
#2345=LINE('',#12920,#3362);
#2346=LINE('',#12923,#3363);
#2347=LINE('',#12924,#3364);
#2348=LINE('',#12926,#3365);
#2349=LINE('',#12930,#3366);
#2350=LINE('',#12932,#3367);
#2351=LINE('',#12934,#3368);
#2352=LINE('',#12936,#3369);
#2353=LINE('',#12937,#3370);
#2354=LINE('',#12941,#3371);
#2355=LINE('',#12942,#3372);
#2356=LINE('',#12944,#3373);
#2357=LINE('',#12945,#3374);
#2358=LINE('',#12948,#3375);
#2359=LINE('',#12950,#3376);
#2360=LINE('',#12952,#3377);
#2361=LINE('',#12954,#3378);
#2362=LINE('',#12956,#3379);
#2363=LINE('',#12957,#3380);
#2364=LINE('',#12960,#3381);
#2365=LINE('',#12962,#3382);
#2366=LINE('',#12963,#3383);
#2367=LINE('',#12967,#3384);
#2368=LINE('',#12969,#3385);
#2369=LINE('',#12970,#3386);
#2370=LINE('',#12971,#3387);
#2371=LINE('',#12974,#3388);
#2372=LINE('',#12975,#3389);
#2373=LINE('',#12978,#3390);
#2374=LINE('',#12979,#3391);
#2375=LINE('',#12983,#3392);
#2376=LINE('',#12985,#3393);
#2377=LINE('',#12987,#3394);
#2378=LINE('',#12988,#3395);
#2379=LINE('',#12989,#3396);
#2380=LINE('',#12991,#3397);
#2381=LINE('',#12992,#3398);
#2382=LINE('',#12995,#3399);
#2383=LINE('',#12997,#3400);
#2384=LINE('',#12998,#3401);
#2385=LINE('',#13001,#3402);
#2386=LINE('',#13002,#3403);
#2387=LINE('',#13004,#3404);
#2388=LINE('',#13005,#3405);
#2389=LINE('',#13009,#3406);
#2390=LINE('',#13010,#3407);
#2391=LINE('',#13012,#3408);
#2392=LINE('',#13017,#3409);
#2393=LINE('',#13019,#3410);
#2394=LINE('',#13021,#3411);
#2395=LINE('',#13022,#3412);
#2396=LINE('',#13025,#3413);
#2397=LINE('',#13027,#3414);
#2398=LINE('',#13029,#3415);
#2399=LINE('',#13031,#3416);
#2400=LINE('',#13033,#3417);
#2401=LINE('',#13034,#3418);
#2402=LINE('',#13037,#3419);
#2403=LINE('',#13039,#3420);
#2404=LINE('',#13040,#3421);
#2405=LINE('',#13044,#3422);
#2406=LINE('',#13045,#3423);
#2407=LINE('',#13047,#3424);
#2408=LINE('',#13048,#3425);
#2409=LINE('',#13051,#3426);
#2410=LINE('',#13053,#3427);
#2411=LINE('',#13054,#3428);
#2412=LINE('',#13057,#3429);
#2413=LINE('',#13058,#3430);
#2414=LINE('',#13062,#3431);
#2415=LINE('',#13064,#3432);
#2416=LINE('',#13066,#3433);
#2417=LINE('',#13068,#3434);
#2418=LINE('',#13069,#3435);
#2419=LINE('',#13071,#3436);
#2420=LINE('',#13073,#3437);
#2421=LINE('',#13074,#3438);
#2422=LINE('',#13077,#3439);
#2423=LINE('',#13079,#3440);
#2424=LINE('',#13080,#3441);
#2425=LINE('',#13083,#3442);
#2426=LINE('',#13084,#3443);
#2427=LINE('',#13086,#3444);
#2428=LINE('',#13087,#3445);
#2429=LINE('',#13089,#3446);
#2430=LINE('',#13092,#3447);
#2431=LINE('',#13093,#3448);
#2432=LINE('',#13095,#3449);
#2433=LINE('',#13099,#3450);
#2434=LINE('',#13101,#3451);
#2435=LINE('',#13102,#3452);
#2436=LINE('',#13104,#3453);
#2437=LINE('',#13106,#3454);
#2438=LINE('',#13108,#3455);
#2439=LINE('',#13110,#3456);
#2440=LINE('',#13111,#3457);
#2441=LINE('',#13114,#3458);
#2442=LINE('',#13116,#3459);
#2443=LINE('',#13118,#3460);
#2444=LINE('',#13119,#3461);
#2445=LINE('',#13122,#3462);
#2446=LINE('',#13124,#3463);
#2447=LINE('',#13126,#3464);
#2448=LINE('',#13127,#3465);
#2449=LINE('',#13131,#3466);
#2450=LINE('',#13133,#3467);
#2451=LINE('',#13135,#3468);
#2452=LINE('',#13137,#3469);
#2453=LINE('',#13138,#3470);
#2454=LINE('',#13141,#3471);
#2455=LINE('',#13143,#3472);
#2456=LINE('',#13144,#3473);
#2457=LINE('',#13147,#3474);
#2458=LINE('',#13149,#3475);
#2459=LINE('',#13151,#3476);
#2460=LINE('',#13153,#3477);
#2461=LINE('',#13155,#3478);
#2462=LINE('',#13156,#3479);
#2463=LINE('',#13158,#3480);
#2464=LINE('',#13159,#3481);
#2465=LINE('',#13162,#3482);
#2466=LINE('',#13164,#3483);
#2467=LINE('',#13166,#3484);
#2468=LINE('',#13167,#3485);
#2469=LINE('',#13169,#3486);
#2470=LINE('',#13170,#3487);
#2471=LINE('',#13171,#3488);
#2472=LINE('',#13174,#3489);
#2473=LINE('',#13176,#3490);
#2474=LINE('',#13177,#3491);
#2475=LINE('',#13178,#3492);
#2476=LINE('',#13181,#3493);
#2477=LINE('',#13182,#3494);
#2478=LINE('',#13185,#3495);
#2479=LINE('',#13186,#3496);
#2480=LINE('',#13188,#3497);
#2481=LINE('',#13192,#3498);
#2482=LINE('',#13193,#3499);
#2483=LINE('',#13195,#3500);
#2484=LINE('',#13199,#3501);
#2485=LINE('',#13200,#3502);
#2486=LINE('',#13202,#3503);
#2487=LINE('',#13203,#3504);
#2488=LINE('',#13206,#3505);
#2489=LINE('',#13207,#3506);
#2490=LINE('',#13209,#3507);
#2491=LINE('',#13211,#3508);
#2492=LINE('',#13214,#3509);
#2493=LINE('',#13215,#3510);
#2494=LINE('',#13217,#3511);
#2495=LINE('',#13219,#3512);
#2496=LINE('',#13220,#3513);
#2497=LINE('',#13223,#3514);
#2498=LINE('',#13224,#3515);
#2499=LINE('',#13226,#3516);
#2500=LINE('',#13228,#3517);
#2501=LINE('',#13234,#3518);
#2502=LINE('',#13238,#3519);
#2503=LINE('',#13242,#3520);
#2504=LINE('',#13244,#3521);
#2505=LINE('',#13245,#3522);
#2506=LINE('',#13248,#3523);
#2507=LINE('',#13252,#3524);
#2508=LINE('',#13253,#3525);
#2509=LINE('',#13256,#3526);
#2510=LINE('',#13258,#3527);
#2511=LINE('',#13259,#3528);
#2512=LINE('',#13264,#3529);
#2513=LINE('',#13270,#3530);
#2514=LINE('',#13276,#3531);
#2515=LINE('',#13279,#3532);
#2516=LINE('',#13280,#3533);
#2517=LINE('',#13283,#3534);
#2518=LINE('',#13286,#3535);
#2519=LINE('',#13289,#3536);
#2520=LINE('',#13290,#3537);
#2521=LINE('',#13293,#3538);
#2522=LINE('',#13296,#3539);
#2523=LINE('',#13299,#3540);
#2524=LINE('',#13300,#3541);
#2525=LINE('',#13304,#3542);
#2526=LINE('',#13307,#3543);
#2527=LINE('',#13308,#3544);
#2528=LINE('',#13310,#3545);
#2529=LINE('',#13313,#3546);
#2530=LINE('',#13314,#3547);
#2531=LINE('',#13316,#3548);
#2532=LINE('',#13319,#3549);
#2533=LINE('',#13320,#3550);
#2534=LINE('',#13322,#3551);
#2535=LINE('',#13325,#3552);
#2536=LINE('',#13326,#3553);
#2537=LINE('',#13328,#3554);
#2538=LINE('',#13334,#3555);
#2539=LINE('',#13336,#3556);
#2540=LINE('',#13337,#3557);
#2541=LINE('',#13340,#3558);
#2542=LINE('',#13341,#3559);
#2543=LINE('',#13346,#3560);
#2544=LINE('',#13348,#3561);
#2545=LINE('',#13350,#3562);
#2546=LINE('',#13353,#3563);
#2547=LINE('',#13357,#3564);
#2548=LINE('',#13359,#3565);
#2549=LINE('',#13361,#3566);
#2550=LINE('',#13366,#3567);
#2551=LINE('',#13367,#3568);
#2552=LINE('',#13369,#3569);
#2553=LINE('',#13371,#3570);
#2554=LINE('',#13372,#3571);
#2555=LINE('',#13374,#3572);
#2556=LINE('',#13376,#3573);
#2557=LINE('',#13377,#3574);
#2558=LINE('',#13379,#3575);
#2559=LINE('',#13381,#3576);
#2560=LINE('',#13382,#3577);
#2561=LINE('',#13384,#3578);
#2562=LINE('',#13386,#3579);
#2563=LINE('',#13387,#3580);
#2564=LINE('',#13389,#3581);
#2565=LINE('',#13392,#3582);
#2566=LINE('',#13396,#3583);
#2567=LINE('',#13399,#3584);
#2568=LINE('',#13402,#3585);
#2569=LINE('',#13406,#3586);
#2570=LINE('',#13409,#3587);
#2571=LINE('',#13411,#3588);
#2572=LINE('',#13415,#3589);
#2573=LINE('',#13453,#3590);
#2574=LINE('',#13456,#3591);
#2575=LINE('',#13459,#3592);
#2576=LINE('',#13462,#3593);
#2577=LINE('',#13465,#3594);
#2578=LINE('',#13468,#3595);
#2579=LINE('',#13471,#3596);
#2580=LINE('',#13476,#3597);
#2581=LINE('',#13478,#3598);
#2582=LINE('',#13480,#3599);
#2583=LINE('',#13481,#3600);
#2584=LINE('',#13499,#3601);
#2585=LINE('',#13503,#3602);
#2586=LINE('',#13507,#3603);
#2587=LINE('',#13530,#3604);
#2588=LINE('',#13532,#3605);
#2589=LINE('',#13533,#3606);
#2590=LINE('',#13534,#3607);
#2591=LINE('',#13535,#3608);
#2592=LINE('',#13537,#3609);
#2593=LINE('',#13538,#3610);
#2594=LINE('',#13542,#3611);
#2595=LINE('',#13543,#3612);
#2596=LINE('',#13544,#3613);
#2597=LINE('',#13551,#3614);
#2598=LINE('',#13554,#3615);
#2599=LINE('',#13555,#3616);
#2600=VECTOR('',#8933,10.);
#2601=VECTOR('',#8936,10.);
#2602=VECTOR('',#8937,10.);
#2603=VECTOR('',#8940,10.);
#2604=VECTOR('',#8943,10.);
#2605=VECTOR('',#8946,10.);
#2606=VECTOR('',#8949,10.);
#2607=VECTOR('',#8952,10.);
#2608=VECTOR('',#8955,10.);
#2609=VECTOR('',#8956,10.);
#2610=VECTOR('',#8957,10.);
#2611=VECTOR('',#8960,10.);
#2612=VECTOR('',#8963,10.);
#2613=VECTOR('',#8964,10.);
#2614=VECTOR('',#8967,10.);
#2615=VECTOR('',#8968,10.);
#2616=VECTOR('',#8971,10.);
#2617=VECTOR('',#8972,10.);
#2618=VECTOR('',#8975,10.);
#2619=VECTOR('',#8976,10.);
#2620=VECTOR('',#8977,10.);
#2621=VECTOR('',#8978,10.);
#2622=VECTOR('',#8981,10.);
#2623=VECTOR('',#8982,10.);
#2624=VECTOR('',#8983,10.);
#2625=VECTOR('',#8984,10.);
#2626=VECTOR('',#8987,10.);
#2627=VECTOR('',#8988,10.);
#2628=VECTOR('',#8989,10.);
#2629=VECTOR('',#8990,10.);
#2630=VECTOR('',#8993,10.);
#2631=VECTOR('',#8994,10.);
#2632=VECTOR('',#8995,10.);
#2633=VECTOR('',#8996,10.);
#2634=VECTOR('',#8999,10.);
#2635=VECTOR('',#9000,10.);
#2636=VECTOR('',#9001,10.);
#2637=VECTOR('',#9002,10.);
#2638=VECTOR('',#9005,10.);
#2639=VECTOR('',#9006,10.);
#2640=VECTOR('',#9007,10.);
#2641=VECTOR('',#9008,10.);
#2642=VECTOR('',#9011,10.);
#2643=VECTOR('',#9012,10.);
#2644=VECTOR('',#9013,10.);
#2645=VECTOR('',#9014,10.);
#2646=VECTOR('',#9017,10.);
#2647=VECTOR('',#9018,10.);
#2648=VECTOR('',#9019,10.);
#2649=VECTOR('',#9020,10.);
#2650=VECTOR('',#9023,10.);
#2651=VECTOR('',#9024,10.);
#2652=VECTOR('',#9025,10.);
#2653=VECTOR('',#9026,10.);
#2654=VECTOR('',#9029,10.);
#2655=VECTOR('',#9030,10.);
#2656=VECTOR('',#9031,10.);
#2657=VECTOR('',#9032,10.);
#2658=VECTOR('',#9035,10.);
#2659=VECTOR('',#9036,10.);
#2660=VECTOR('',#9037,10.);
#2661=VECTOR('',#9038,10.);
#2662=VECTOR('',#9041,10.);
#2663=VECTOR('',#9042,10.);
#2664=VECTOR('',#9043,10.);
#2665=VECTOR('',#9044,10.);
#2666=VECTOR('',#9047,10.);
#2667=VECTOR('',#9048,10.);
#2668=VECTOR('',#9049,10.);
#2669=VECTOR('',#9050,10.);
#2670=VECTOR('',#9053,10.);
#2671=VECTOR('',#9054,10.);
#2672=VECTOR('',#9055,10.);
#2673=VECTOR('',#9056,10.);
#2674=VECTOR('',#9059,10.);
#2675=VECTOR('',#9060,10.);
#2676=VECTOR('',#9061,10.);
#2677=VECTOR('',#9062,10.);
#2678=VECTOR('',#9065,10.);
#2679=VECTOR('',#9066,10.);
#2680=VECTOR('',#9067,10.);
#2681=VECTOR('',#9068,10.);
#2682=VECTOR('',#9071,10.);
#2683=VECTOR('',#9072,10.);
#2684=VECTOR('',#9073,10.);
#2685=VECTOR('',#9074,10.);
#2686=VECTOR('',#9077,10.);
#2687=VECTOR('',#9078,10.);
#2688=VECTOR('',#9079,10.);
#2689=VECTOR('',#9080,10.);
#2690=VECTOR('',#9083,10.);
#2691=VECTOR('',#9084,10.);
#2692=VECTOR('',#9085,10.);
#2693=VECTOR('',#9086,10.);
#2694=VECTOR('',#9089,10.);
#2695=VECTOR('',#9090,10.);
#2696=VECTOR('',#9091,10.);
#2697=VECTOR('',#9092,10.);
#2698=VECTOR('',#9095,10.);
#2699=VECTOR('',#9096,10.);
#2700=VECTOR('',#9097,10.);
#2701=VECTOR('',#9098,10.);
#2702=VECTOR('',#9101,10.);
#2703=VECTOR('',#9102,10.);
#2704=VECTOR('',#9103,10.);
#2705=VECTOR('',#9106,10.);
#2706=VECTOR('',#9107,10.);
#2707=VECTOR('',#9110,10.);
#2708=VECTOR('',#9111,10.);
#2709=VECTOR('',#9112,10.);
#2710=VECTOR('',#9115,10.);
#2711=VECTOR('',#9116,10.);
#2712=VECTOR('',#9117,10.);
#2713=VECTOR('',#9120,10.);
#2714=VECTOR('',#9121,10.);
#2715=VECTOR('',#9122,10.);
#2716=VECTOR('',#9125,10.);
#2717=VECTOR('',#9126,10.);
#2718=VECTOR('',#9127,10.);
#2719=VECTOR('',#9128,10.);
#2720=VECTOR('',#9129,10.);
#2721=VECTOR('',#9130,10.);
#2722=VECTOR('',#9131,10.);
#2723=VECTOR('',#9132,10.);
#2724=VECTOR('',#9133,10.);
#2725=VECTOR('',#9134,10.);
#2726=VECTOR('',#9135,10.);
#2727=VECTOR('',#9138,10.);
#2728=VECTOR('',#9139,10.);
#2729=VECTOR('',#9142,10.);
#2730=VECTOR('',#9143,10.);
#2731=VECTOR('',#9146,10.);
#2732=VECTOR('',#9147,10.);
#2733=VECTOR('',#9150,10.);
#2734=VECTOR('',#9151,10.);
#2735=VECTOR('',#9154,10.);
#2736=VECTOR('',#9155,10.);
#2737=VECTOR('',#9156,10.);
#2738=VECTOR('',#9159,10.);
#2739=VECTOR('',#9160,10.);
#2740=VECTOR('',#9161,10.);
#2741=VECTOR('',#9164,10.);
#2742=VECTOR('',#9165,10.);
#2743=VECTOR('',#9166,10.);
#2744=VECTOR('',#9169,10.);
#2745=VECTOR('',#9170,10.);
#2746=VECTOR('',#9171,10.);
#2747=VECTOR('',#9174,10.);
#2748=VECTOR('',#9175,10.);
#2749=VECTOR('',#9176,10.);
#2750=VECTOR('',#9177,10.);
#2751=VECTOR('',#9180,10.);
#2752=VECTOR('',#9181,10.);
#2753=VECTOR('',#9182,10.);
#2754=VECTOR('',#9183,10.);
#2755=VECTOR('',#9186,10.);
#2756=VECTOR('',#9187,10.);
#2757=VECTOR('',#9188,10.);
#2758=VECTOR('',#9189,10.);
#2759=VECTOR('',#9192,10.);
#2760=VECTOR('',#9193,10.);
#2761=VECTOR('',#9194,10.);
#2762=VECTOR('',#9195,10.);
#2763=VECTOR('',#9198,10.);
#2764=VECTOR('',#9199,10.);
#2765=VECTOR('',#9200,10.);
#2766=VECTOR('',#9201,10.);
#2767=VECTOR('',#9204,10.);
#2768=VECTOR('',#9205,10.);
#2769=VECTOR('',#9206,10.);
#2770=VECTOR('',#9207,10.);
#2771=VECTOR('',#9210,10.);
#2772=VECTOR('',#9211,10.);
#2773=VECTOR('',#9212,10.);
#2774=VECTOR('',#9213,10.);
#2775=VECTOR('',#9216,10.);
#2776=VECTOR('',#9217,10.);
#2777=VECTOR('',#9218,10.);
#2778=VECTOR('',#9219,10.);
#2779=VECTOR('',#9222,10.);
#2780=VECTOR('',#9223,10.);
#2781=VECTOR('',#9224,10.);
#2782=VECTOR('',#9225,10.);
#2783=VECTOR('',#9228,10.);
#2784=VECTOR('',#9229,10.);
#2785=VECTOR('',#9230,10.);
#2786=VECTOR('',#9231,10.);
#2787=VECTOR('',#9232,10.);
#2788=VECTOR('',#9233,10.);
#2789=VECTOR('',#9234,10.);
#2790=VECTOR('',#9235,10.);
#2791=VECTOR('',#9238,10.);
#2792=VECTOR('',#9239,10.);
#2793=VECTOR('',#9242,10.);
#2794=VECTOR('',#9243,10.);
#2795=VECTOR('',#9244,10.);
#2796=VECTOR('',#9245,10.);
#2797=VECTOR('',#9246,10.);
#2798=VECTOR('',#9247,10.);
#2799=VECTOR('',#9248,10.);
#2800=VECTOR('',#9249,10.);
#2801=VECTOR('',#9250,10.);
#2802=VECTOR('',#9251,10.);
#2803=VECTOR('',#9254,10.);
#2804=VECTOR('',#9255,10.);
#2805=VECTOR('',#9258,10.);
#2806=VECTOR('',#9261,10.);
#2807=VECTOR('',#9264,10.);
#2808=VECTOR('',#9267,10.);
#2809=VECTOR('',#9268,10.);
#2810=VECTOR('',#9269,10.);
#2811=VECTOR('',#9272,10.);
#2812=VECTOR('',#9273,10.);
#2813=VECTOR('',#9274,10.);
#2814=VECTOR('',#9275,10.);
#2815=VECTOR('',#9276,10.);
#2816=VECTOR('',#9277,10.);
#2817=VECTOR('',#9278,10.);
#2818=VECTOR('',#9279,10.);
#2819=VECTOR('',#9280,10.);
#2820=VECTOR('',#9281,10.);
#2821=VECTOR('',#9284,10.);
#2822=VECTOR('',#9285,10.);
#2823=VECTOR('',#9288,10.);
#2824=VECTOR('',#9289,10.);
#2825=VECTOR('',#9292,10.);
#2826=VECTOR('',#9293,10.);
#2827=VECTOR('',#9296,10.);
#2828=VECTOR('',#9297,10.);
#2829=VECTOR('',#9298,10.);
#2830=VECTOR('',#9301,10.);
#2831=VECTOR('',#9302,10.);
#2832=VECTOR('',#9303,10.);
#2833=VECTOR('',#9304,10.);
#2834=VECTOR('',#9305,10.);
#2835=VECTOR('',#9306,10.);
#2836=VECTOR('',#9307,10.);
#2837=VECTOR('',#9308,10.);
#2838=VECTOR('',#9309,10.);
#2839=VECTOR('',#9310,10.);
#2840=VECTOR('',#9313,10.);
#2841=VECTOR('',#9314,10.);
#2842=VECTOR('',#9317,10.);
#2843=VECTOR('',#9318,10.);
#2844=VECTOR('',#9321,10.);
#2845=VECTOR('',#9322,10.);
#2846=VECTOR('',#9325,10.);
#2847=VECTOR('',#9326,10.);
#2848=VECTOR('',#9327,10.);
#2849=VECTOR('',#9328,10.);
#2850=VECTOR('',#9329,10.);
#2851=VECTOR('',#9332,10.);
#2852=VECTOR('',#9333,10.);
#2853=VECTOR('',#9336,10.);
#2854=VECTOR('',#9337,10.);
#2855=VECTOR('',#9338,10.);
#2856=VECTOR('',#9339,10.);
#2857=VECTOR('',#9340,10.);
#2858=VECTOR('',#9347,10.);
#2859=VECTOR('',#9350,10.);
#2860=VECTOR('',#9351,10.);
#2861=VECTOR('',#9352,10.);
#2862=VECTOR('',#9353,10.);
#2863=VECTOR('',#9354,10.);
#2864=VECTOR('',#9359,10.);
#2865=VECTOR('',#9360,10.);
#2866=VECTOR('',#9361,10.);
#2867=VECTOR('',#9364,10.);
#2868=VECTOR('',#9365,10.);
#2869=VECTOR('',#9366,10.);
#2870=VECTOR('',#9367,10.);
#2871=VECTOR('',#9368,10.);
#2872=VECTOR('',#9373,10.);
#2873=VECTOR('',#9374,10.);
#2874=VECTOR('',#9375,10.);
#2875=VECTOR('',#9376,10.);
#2876=VECTOR('',#9377,10.);
#2877=VECTOR('',#9382,10.);
#2878=VECTOR('',#9383,10.);
#2879=VECTOR('',#9386,10.);
#2880=VECTOR('',#9387,10.);
#2881=VECTOR('',#9388,10.);
#2882=VECTOR('',#9389,10.);
#2883=VECTOR('',#9390,10.);
#2884=VECTOR('',#9393,10.);
#2885=VECTOR('',#9396,10.);
#2886=VECTOR('',#9399,10.);
#2887=VECTOR('',#9402,10.);
#2888=VECTOR('',#9405,10.);
#2889=VECTOR('',#9408,10.);
#2890=VECTOR('',#9411,10.);
#2891=VECTOR('',#9414,10.);
#2892=VECTOR('',#9415,10.);
#2893=VECTOR('',#9416,10.);
#2894=VECTOR('',#9419,10.);
#2895=VECTOR('',#9420,10.);
#2896=VECTOR('',#9421,10.);
#2897=VECTOR('',#9422,10.);
#2898=VECTOR('',#9425,10.);
#2899=VECTOR('',#9426,10.);
#2900=VECTOR('',#9427,10.);
#2901=VECTOR('',#9430,10.);
#2902=VECTOR('',#9431,10.);
#2903=VECTOR('',#9434,10.);
#2904=VECTOR('',#9437,10.);
#2905=VECTOR('',#9438,10.);
#2906=VECTOR('',#9439,10.);
#2907=VECTOR('',#9442,10.);
#2908=VECTOR('',#9443,10.);
#2909=VECTOR('',#9444,10.);
#2910=VECTOR('',#9447,10.);
#2911=VECTOR('',#9450,10.);
#2912=VECTOR('',#9451,10.);
#2913=VECTOR('',#9452,10.);
#2914=VECTOR('',#9455,10.);
#2915=VECTOR('',#9456,10.);
#2916=VECTOR('',#9457,10.);
#2917=VECTOR('',#9460,10.);
#2918=VECTOR('',#9461,10.);
#2919=VECTOR('',#9462,10.);
#2920=VECTOR('',#9463,10.);
#2921=VECTOR('',#9464,10.);
#2922=VECTOR('',#9465,10.);
#2923=VECTOR('',#9466,10.);
#2924=VECTOR('',#9467,10.);
#2925=VECTOR('',#9468,10.);
#2926=VECTOR('',#9469,10.);
#2927=VECTOR('',#9472,10.);
#2928=VECTOR('',#9475,10.);
#2929=VECTOR('',#9476,10.);
#2930=VECTOR('',#9477,10.);
#2931=VECTOR('',#9480,10.);
#2932=VECTOR('',#9481,10.);
#2933=VECTOR('',#9482,10.);
#2934=VECTOR('',#9485,10.);
#2935=VECTOR('',#9486,10.);
#2936=VECTOR('',#9487,10.);
#2937=VECTOR('',#9490,10.);
#2938=VECTOR('',#9493,10.);
#2939=VECTOR('',#9494,10.);
#2940=VECTOR('',#9495,10.);
#2941=VECTOR('',#9498,10.);
#2942=VECTOR('',#9499,10.);
#2943=VECTOR('',#9500,10.);
#2944=VECTOR('',#9503,10.);
#2945=VECTOR('',#9504,10.);
#2946=VECTOR('',#9505,10.);
#2947=VECTOR('',#9512,10.);
#2948=VECTOR('',#9513,10.);
#2949=VECTOR('',#9516,10.);
#2950=VECTOR('',#9517,10.);
#2951=VECTOR('',#9520,10.);
#2952=VECTOR('',#9523,10.);
#2953=VECTOR('',#9526,10.);
#2954=VECTOR('',#9529,10.);
#2955=VECTOR('',#9532,10.);
#2956=VECTOR('',#9533,10.);
#2957=VECTOR('',#9534,10.);
#2958=VECTOR('',#9535,10.);
#2959=VECTOR('',#9536,10.);
#2960=VECTOR('',#9539,10.);
#2961=VECTOR('',#9540,10.);
#2962=VECTOR('',#9543,10.);
#2963=VECTOR('',#9544,10.);
#2964=VECTOR('',#9547,10.);
#2965=VECTOR('',#9548,10.);
#2966=VECTOR('',#9549,10.);
#2967=VECTOR('',#9552,10.);
#2968=VECTOR('',#9555,10.);
#2969=VECTOR('',#9558,10.);
#2970=VECTOR('',#9559,10.);
#2971=VECTOR('',#9560,10.);
#2972=VECTOR('',#9561,10.);
#2973=VECTOR('',#9564,10.);
#2974=VECTOR('',#9565,10.);
#2975=VECTOR('',#9566,10.);
#2976=VECTOR('',#9569,10.);
#2977=VECTOR('',#9570,10.);
#2978=VECTOR('',#9571,10.);
#2979=VECTOR('',#9574,10.);
#2980=VECTOR('',#9575,10.);
#2981=VECTOR('',#9578,10.);
#2982=VECTOR('',#9579,10.);
#2983=VECTOR('',#9584,10.);
#2984=VECTOR('',#9585,10.);
#2985=VECTOR('',#9586,10.);
#2986=VECTOR('',#9589,10.);
#2987=VECTOR('',#9590,10.);
#2988=VECTOR('',#9591,10.);
#2989=VECTOR('',#9594,10.);
#2990=VECTOR('',#9595,10.);
#2991=VECTOR('',#9596,10.);
#2992=VECTOR('',#9605,1.65);
#2993=VECTOR('',#9614,1.65);
#2994=VECTOR('',#9623,1.65);
#2995=VECTOR('',#9632,1.65);
#2996=VECTOR('',#9641,10.);
#2997=VECTOR('',#9644,10.);
#2998=VECTOR('',#9647,10.);
#2999=VECTOR('',#9650,10.);
#3000=VECTOR('',#9651,10.);
#3001=VECTOR('',#9652,10.);
#3002=VECTOR('',#9655,10.);
#3003=VECTOR('',#9656,10.);
#3004=VECTOR('',#9657,10.);
#3005=VECTOR('',#9660,10.);
#3006=VECTOR('',#9661,10.);
#3007=VECTOR('',#9662,10.);
#3008=VECTOR('',#9663,10.);
#3009=VECTOR('',#9664,10.);
#3010=VECTOR('',#9667,10.);
#3011=VECTOR('',#9668,10.);
#3012=VECTOR('',#9669,10.);
#3013=VECTOR('',#9674,10.);
#3014=VECTOR('',#9677,10.);
#3015=VECTOR('',#9680,10.);
#3016=VECTOR('',#9683,10.);
#3017=VECTOR('',#9686,10.);
#3018=VECTOR('',#9687,10.);
#3019=VECTOR('',#9688,10.);
#3020=VECTOR('',#9691,10.);
#3021=VECTOR('',#9692,10.);
#3022=VECTOR('',#9695,10.);
#3023=VECTOR('',#9696,10.);
#3024=VECTOR('',#9699,10.);
#3025=VECTOR('',#9700,10.);
#3026=VECTOR('',#9703,10.);
#3027=VECTOR('',#9704,10.);
#3028=VECTOR('',#9709,10.);
#3029=VECTOR('',#9712,10.);
#3030=VECTOR('',#9715,10.);
#3031=VECTOR('',#9718,10.);
#3032=VECTOR('',#9721,10.);
#3033=VECTOR('',#9722,10.);
#3034=VECTOR('',#9725,10.);
#3035=VECTOR('',#9726,10.);
#3036=VECTOR('',#9729,10.);
#3037=VECTOR('',#9730,10.);
#3038=VECTOR('',#9733,10.);
#3039=VECTOR('',#9734,10.);
#3040=VECTOR('',#9737,10.);
#3041=VECTOR('',#9742,10.);
#3042=VECTOR('',#9745,10.);
#3043=VECTOR('',#9746,10.);
#3044=VECTOR('',#9749,10.);
#3045=VECTOR('',#9750,10.);
#3046=VECTOR('',#9753,10.);
#3047=VECTOR('',#9754,10.);
#3048=VECTOR('',#9757,10.);
#3049=VECTOR('',#9758,10.);
#3050=VECTOR('',#9761,10.);
#3051=VECTOR('',#9764,10.);
#3052=VECTOR('',#9767,10.);
#3053=VECTOR('',#9772,27.9);
#3054=VECTOR('',#9775,10.);
#3055=VECTOR('',#9778,10.);
#3056=VECTOR('',#9779,10.);
#3057=VECTOR('',#9780,25.4);
#3058=VECTOR('',#9781,25.4);
#3059=VECTOR('',#9782,25.4);
#3060=VECTOR('',#9783,10.);
#3061=VECTOR('',#9784,25.4);
#3062=VECTOR('',#9785,25.4);
#3063=VECTOR('',#9786,25.4);
#3064=VECTOR('',#9787,10.);
#3065=VECTOR('',#9788,10.);
#3066=VECTOR('',#9789,10.);
#3067=VECTOR('',#9794,10.);
#3068=VECTOR('',#9795,10.);
#3069=VECTOR('',#9796,10.);
#3070=VECTOR('',#9799,10.);
#3071=VECTOR('',#9808,16.5);
#3072=VECTOR('',#9809,16.5);
#3073=VECTOR('',#9812,10.);
#3074=VECTOR('',#9815,10.);
#3075=VECTOR('',#9818,10.);
#3076=VECTOR('',#9819,10.);
#3077=VECTOR('',#9822,10.);
#3078=VECTOR('',#9827,10.);
#3079=VECTOR('',#9828,10.);
#3080=VECTOR('',#9831,10.);
#3081=VECTOR('',#9838,10.);
#3082=VECTOR('',#9839,10.);
#3083=VECTOR('',#9842,10.);
#3084=VECTOR('',#9843,10.);
#3085=VECTOR('',#9846,10.);
#3086=VECTOR('',#9847,10.);
#3087=VECTOR('',#9850,10.);
#3088=VECTOR('',#9851,10.);
#3089=VECTOR('',#9856,10.);
#3090=VECTOR('',#9861,10.);
#3091=VECTOR('',#9866,10.);
#3092=VECTOR('',#9871,10.);
#3093=VECTOR('',#9876,1.65);
#3094=VECTOR('',#9883,1.65);
#3095=VECTOR('',#9890,1.65);
#3096=VECTOR('',#9899,1.5);
#3097=VECTOR('',#9908,1.5);
#3098=VECTOR('',#9917,1.5);
#3099=VECTOR('',#9926,1.5);
#3100=VECTOR('',#9935,1.65);
#3101=VECTOR('',#9944,1.65000000000001);
#3102=VECTOR('',#9953,1.65);
#3103=VECTOR('',#9962,1.65000000000001);
#3104=VECTOR('',#9969,10.);
#3105=VECTOR('',#9970,10.);
#3106=VECTOR('',#9973,10.);
#3107=VECTOR('',#9978,10.);
#3108=VECTOR('',#9979,10.);
#3109=VECTOR('',#9982,10.);
#3110=VECTOR('',#9985,10.);
#3111=VECTOR('',#9986,10.);
#3112=VECTOR('',#9989,10.);
#3113=VECTOR('',#9994,10.);
#3114=VECTOR('',#9995,10.);
#3115=VECTOR('',#9998,10.);
#3116=VECTOR('',#10001,10.);
#3117=VECTOR('',#10002,10.);
#3118=VECTOR('',#10003,10.);
#3119=VECTOR('',#10006,10.);
#3120=VECTOR('',#10007,10.);
#3121=VECTOR('',#10008,10.);
#3122=VECTOR('',#10009,10.);
#3123=VECTOR('',#10010,25.4);
#3124=VECTOR('',#10011,25.4);
#3125=VECTOR('',#10012,10.);
#3126=VECTOR('',#10013,25.4);
#3127=VECTOR('',#10014,25.4);
#3128=VECTOR('',#10015,10.);
#3129=VECTOR('',#10016,10.);
#3130=VECTOR('',#10017,10.);
#3131=VECTOR('',#10018,10.);
#3132=VECTOR('',#10019,25.4);
#3133=VECTOR('',#10020,25.4);
#3134=VECTOR('',#10021,10.);
#3135=VECTOR('',#10022,25.4);
#3136=VECTOR('',#10023,25.4);
#3137=VECTOR('',#10024,10.);
#3138=VECTOR('',#10025,10.);
#3139=VECTOR('',#10030,25.4);
#3140=VECTOR('',#10031,25.4);
#3141=VECTOR('',#10034,25.4);
#3142=VECTOR('',#10035,25.4);
#3143=VECTOR('',#10036,25.4);
#3144=VECTOR('',#10037,25.4);
#3145=VECTOR('',#10038,25.4);
#3146=VECTOR('',#10041,25.4);
#3147=VECTOR('',#10042,1000.);
#3148=VECTOR('',#10043,10.);
#3149=VECTOR('',#10044,1000.);
#3150=VECTOR('',#10045,25.4);
#3151=VECTOR('',#10048,25.4);
#3152=VECTOR('',#10049,25.4);
#3153=VECTOR('',#10052,25.4);
#3154=VECTOR('',#10053,25.4);
#3155=VECTOR('',#10054,25.4);
#3156=VECTOR('',#10055,25.4);
#3157=VECTOR('',#10056,25.4);
#3158=VECTOR('',#10059,25.4);
#3159=VECTOR('',#10060,25.4);
#3160=VECTOR('',#10063,25.4);
#3161=VECTOR('',#10064,25.4);
#3162=VECTOR('',#10067,25.4);
#3163=VECTOR('',#10068,25.4);
#3164=VECTOR('',#10069,25.4);
#3165=VECTOR('',#10070,25.4);
#3166=VECTOR('',#10071,25.4);
#3167=VECTOR('',#10074,1000.);
#3168=VECTOR('',#10075,1000.);
#3169=VECTOR('',#10076,1000.);
#3170=VECTOR('',#10079,25.4);
#3171=VECTOR('',#10080,25.4);
#3172=VECTOR('',#10081,1000.);
#3173=VECTOR('',#10082,1000.);
#3174=VECTOR('',#10085,25.4);
#3175=VECTOR('',#10086,1000.);
#3176=VECTOR('',#10087,1000.);
#3177=VECTOR('',#10090,25.4);
#3178=VECTOR('',#10091,1000.);
#3179=VECTOR('',#10094,1000.);
#3180=VECTOR('',#10095,1000.);
#3181=VECTOR('',#10096,1000.);
#3182=VECTOR('',#10097,1000.);
#3183=VECTOR('',#10100,1000.);
#3184=VECTOR('',#10101,1000.);
#3185=VECTOR('',#10102,1000.);
#3186=VECTOR('',#10103,1000.);
#3187=VECTOR('',#10106,1000.);
#3188=VECTOR('',#10107,1000.);
#3189=VECTOR('',#10110,25.4);
#3190=VECTOR('',#10111,25.4);
#3191=VECTOR('',#10112,25.4);
#3192=VECTOR('',#10113,25.4);
#3193=VECTOR('',#10114,25.4);
#3194=VECTOR('',#10117,25.4);
#3195=VECTOR('',#10118,25.4);
#3196=VECTOR('',#10119,25.4);
#3197=VECTOR('',#10122,25.4);
#3198=VECTOR('',#10123,1000.);
#3199=VECTOR('',#10124,10.);
#3200=VECTOR('',#10125,1000.);
#3201=VECTOR('',#10128,1000.);
#3202=VECTOR('',#10129,25.4);
#3203=VECTOR('',#10132,10.);
#3204=VECTOR('',#10135,25.4);
#3205=VECTOR('',#10140,10.);
#3206=VECTOR('',#10141,1000.);
#3207=VECTOR('',#10142,25.4);
#3208=VECTOR('',#10145,10.);
#3209=VECTOR('',#10146,1000.);
#3210=VECTOR('',#10147,1000.);
#3211=VECTOR('',#10148,1000.);
#3212=VECTOR('',#10149,1000.);
#3213=VECTOR('',#10152,25.4);
#3214=VECTOR('',#10153,1000.);
#3215=VECTOR('',#10156,25.4);
#3216=VECTOR('',#10157,25.4);
#3217=VECTOR('',#10158,25.4);
#3218=VECTOR('',#10159,25.4);
#3219=VECTOR('',#10162,25.4);
#3220=VECTOR('',#10163,1000.);
#3221=VECTOR('',#10164,1000.);
#3222=VECTOR('',#10165,25.4);
#3223=VECTOR('',#10168,25.4);
#3224=VECTOR('',#10169,1000.);
#3225=VECTOR('',#10170,1000.);
#3226=VECTOR('',#10173,25.4);
#3227=VECTOR('',#10174,1000.);
#3228=VECTOR('',#10177,1000.);
#3229=VECTOR('',#10178,1000.);
#3230=VECTOR('',#10179,1000.);
#3231=VECTOR('',#10182,25.4);
#3232=VECTOR('',#10183,25.4);
#3233=VECTOR('',#10184,25.4);
#3234=VECTOR('',#10187,25.4);
#3235=VECTOR('',#10188,25.4);
#3236=VECTOR('',#10189,25.4);
#3237=VECTOR('',#10190,25.4);
#3238=VECTOR('',#10193,10.);
#3239=VECTOR('',#10194,1000.);
#3240=VECTOR('',#10195,25.4);
#3241=VECTOR('',#10198,1000.);
#3242=VECTOR('',#10199,1000.);
#3243=VECTOR('',#10202,1000.);
#3244=VECTOR('',#10203,1000.);
#3245=VECTOR('',#10206,25.4);
#3246=VECTOR('',#10209,25.4);
#3247=VECTOR('',#10212,1000.);
#3248=VECTOR('',#10217,25.4);
#3249=VECTOR('',#10218,25.4);
#3250=VECTOR('',#10219,1000.);
#3251=VECTOR('',#10220,1000.);
#3252=VECTOR('',#10223,25.4);
#3253=VECTOR('',#10224,1000.);
#3254=VECTOR('',#10225,1000.);
#3255=VECTOR('',#10228,25.4);
#3256=VECTOR('',#10229,1000.);
#3257=VECTOR('',#10232,1000.);
#3258=VECTOR('',#10233,1000.);
#3259=VECTOR('',#10234,1000.);
#3260=VECTOR('',#10235,1000.);
#3261=VECTOR('',#10238,25.4);
#3262=VECTOR('',#10239,25.4);
#3263=VECTOR('',#10240,25.4);
#3264=VECTOR('',#10243,25.4);
#3265=VECTOR('',#10244,25.4);
#3266=VECTOR('',#10245,25.4);
#3267=VECTOR('',#10246,25.4);
#3268=VECTOR('',#10249,25.4);
#3269=VECTOR('',#10250,1000.);
#3270=VECTOR('',#10251,1000.);
#3271=VECTOR('',#10252,10.);
#3272=VECTOR('',#10255,1000.);
#3273=VECTOR('',#10256,1000.);
#3274=VECTOR('',#10259,1000.);
#3275=VECTOR('',#10260,1000.);
#3276=VECTOR('',#10261,1000.);
#3277=VECTOR('',#10264,25.4);
#3278=VECTOR('',#10267,25.4);
#3279=VECTOR('',#10270,1000.);
#3280=VECTOR('',#10275,10.);
#3281=VECTOR('',#10276,1000.);
#3282=VECTOR('',#10277,1000.);
#3283=VECTOR('',#10278,1000.);
#3284=VECTOR('',#10281,25.4);
#3285=VECTOR('',#10282,1000.);
#3286=VECTOR('',#10283,1000.);
#3287=VECTOR('',#10284,25.4);
#3288=VECTOR('',#10287,25.4);
#3289=VECTOR('',#10288,1000.);
#3290=VECTOR('',#10289,1000.);
#3291=VECTOR('',#10292,25.4);
#3292=VECTOR('',#10293,1000.);
#3293=VECTOR('',#10296,1000.);
#3294=VECTOR('',#10297,1000.);
#3295=VECTOR('',#10298,1000.);
#3296=VECTOR('',#10301,1000.);
#3297=VECTOR('',#10302,1000.);
#3298=VECTOR('',#10303,1000.);
#3299=VECTOR('',#10306,1000.);
#3300=VECTOR('',#10307,1000.);
#3301=VECTOR('',#10310,25.4);
#3302=VECTOR('',#10311,25.4);
#3303=VECTOR('',#10312,25.4);
#3304=VECTOR('',#10313,25.4);
#3305=VECTOR('',#10314,25.4);
#3306=VECTOR('',#10317,25.4);
#3307=VECTOR('',#10318,25.4);
#3308=VECTOR('',#10321,10.);
#3309=VECTOR('',#10322,25.4);
#3310=VECTOR('',#10325,25.4);
#3311=VECTOR('',#10328,10.);
#3312=VECTOR('',#10331,25.4);
#3313=VECTOR('',#10340,10.);
#3314=VECTOR('',#10341,10.);
#3315=VECTOR('',#10342,25.4);
#3316=VECTOR('',#10343,25.4);
#3317=VECTOR('',#10344,25.4);
#3318=VECTOR('',#10345,10.);
#3319=VECTOR('',#10346,25.4);
#3320=VECTOR('',#10347,25.4);
#3321=VECTOR('',#10348,25.4);
#3322=VECTOR('',#10349,10.);
#3323=VECTOR('',#10350,10.);
#3324=VECTOR('',#10353,10.);
#3325=VECTOR('',#10356,25.4);
#3326=VECTOR('',#10357,25.4);
#3327=VECTOR('',#10358,25.4);
#3328=VECTOR('',#10359,25.4);
#3329=VECTOR('',#10360,25.4);
#3330=VECTOR('',#10363,25.4);
#3331=VECTOR('',#10364,10.);
#3332=VECTOR('',#10365,25.4);
#3333=VECTOR('',#10368,25.4);
#3334=VECTOR('',#10369,25.4);
#3335=VECTOR('',#10370,25.4);
#3336=VECTOR('',#10371,1000.);
#3337=VECTOR('',#10372,1000.);
#3338=VECTOR('',#10373,25.4);
#3339=VECTOR('',#10376,25.4);
#3340=VECTOR('',#10377,1000.);
#3341=VECTOR('',#10378,1000.);
#3342=VECTOR('',#10381,25.4);
#3343=VECTOR('',#10382,1000.);
#3344=VECTOR('',#10383,10.);
#3345=VECTOR('',#10384,1000.);
#3346=VECTOR('',#10385,1000.);
#3347=VECTOR('',#10386,1000.);
#3348=VECTOR('',#10387,25.4);
#3349=VECTOR('',#10388,1000.);
#3350=VECTOR('',#10389,1000.);
#3351=VECTOR('',#10392,25.4);
#3352=VECTOR('',#10393,25.4);
#3353=VECTOR('',#10394,25.4);
#3354=VECTOR('',#10395,25.4);
#3355=VECTOR('',#10396,25.4);
#3356=VECTOR('',#10399,25.4);
#3357=VECTOR('',#10400,25.4);
#3358=VECTOR('',#10403,1000.);
#3359=VECTOR('',#10404,1000.);
#3360=VECTOR('',#10407,1000.);
#3361=VECTOR('',#10408,1000.);
#3362=VECTOR('',#10411,1000.);
#3363=VECTOR('',#10414,1000.);
#3364=VECTOR('',#10415,1000.);
#3365=VECTOR('',#10418,1000.);
#3366=VECTOR('',#10423,10.);
#3367=VECTOR('',#10424,1000.);
#3368=VECTOR('',#10425,1000.);
#3369=VECTOR('',#10426,1000.);
#3370=VECTOR('',#10427,1000.);
#3371=VECTOR('',#10430,25.4);
#3372=VECTOR('',#10431,1000.);
#3373=VECTOR('',#10432,1000.);
#3374=VECTOR('',#10433,1000.);
#3375=VECTOR('',#10436,25.4);
#3376=VECTOR('',#10437,1000.);
#3377=VECTOR('',#10438,1000.);
#3378=VECTOR('',#10439,25.4);
#3379=VECTOR('',#10440,25.4);
#3380=VECTOR('',#10441,25.4);
#3381=VECTOR('',#10444,25.4);
#3382=VECTOR('',#10445,25.4);
#3383=VECTOR('',#10446,25.4);
#3384=VECTOR('',#10449,25.4);
#3385=VECTOR('',#10450,25.4);
#3386=VECTOR('',#10451,25.4);
#3387=VECTOR('',#10452,25.4);
#3388=VECTOR('',#10455,1000.);
#3389=VECTOR('',#10456,1000.);
#3390=VECTOR('',#10459,1000.);
#3391=VECTOR('',#10460,1000.);
#3392=VECTOR('',#10463,25.4);
#3393=VECTOR('',#10464,1000.);
#3394=VECTOR('',#10465,1000.);
#3395=VECTOR('',#10466,25.4);
#3396=VECTOR('',#10467,1000.);
#3397=VECTOR('',#10468,10.);
#3398=VECTOR('',#10469,1000.);
#3399=VECTOR('',#10472,25.4);
#3400=VECTOR('',#10473,25.4);
#3401=VECTOR('',#10474,25.4);
#3402=VECTOR('',#10477,25.4);
#3403=VECTOR('',#10478,25.4);
#3404=VECTOR('',#10479,25.4);
#3405=VECTOR('',#10480,25.4);
#3406=VECTOR('',#10485,1000.);
#3407=VECTOR('',#10486,1000.);
#3408=VECTOR('',#10489,1000.);
#3409=VECTOR('',#10494,25.4);
#3410=VECTOR('',#10495,1000.);
#3411=VECTOR('',#10496,1000.);
#3412=VECTOR('',#10497,1000.);
#3413=VECTOR('',#10500,25.4);
#3414=VECTOR('',#10501,25.4);
#3415=VECTOR('',#10502,25.4);
#3416=VECTOR('',#10503,25.4);
#3417=VECTOR('',#10504,1000.);
#3418=VECTOR('',#10505,1000.);
#3419=VECTOR('',#10508,25.4);
#3420=VECTOR('',#10509,25.4);
#3421=VECTOR('',#10510,25.4);
#3422=VECTOR('',#10513,25.4);
#3423=VECTOR('',#10514,25.4);
#3424=VECTOR('',#10515,25.4);
#3425=VECTOR('',#10516,25.4);
#3426=VECTOR('',#10519,1000.);
#3427=VECTOR('',#10520,1000.);
#3428=VECTOR('',#10521,1000.);
#3429=VECTOR('',#10524,1000.);
#3430=VECTOR('',#10525,1000.);
#3431=VECTOR('',#10528,25.4);
#3432=VECTOR('',#10529,1000.);
#3433=VECTOR('',#10530,10.);
#3434=VECTOR('',#10531,1000.);
#3435=VECTOR('',#10532,1000.);
#3436=VECTOR('',#10533,25.4);
#3437=VECTOR('',#10534,1000.);
#3438=VECTOR('',#10535,1000.);
#3439=VECTOR('',#10538,25.4);
#3440=VECTOR('',#10539,25.4);
#3441=VECTOR('',#10540,25.4);
#3442=VECTOR('',#10543,25.4);
#3443=VECTOR('',#10544,25.4);
#3444=VECTOR('',#10545,25.4);
#3445=VECTOR('',#10546,25.4);
#3446=VECTOR('',#10549,1000.);
#3447=VECTOR('',#10552,1000.);
#3448=VECTOR('',#10553,1000.);
#3449=VECTOR('',#10556,1000.);
#3450=VECTOR('',#10561,10.);
#3451=VECTOR('',#10562,25.4);
#3452=VECTOR('',#10563,25.4);
#3453=VECTOR('',#10566,25.4);
#3454=VECTOR('',#10567,1000.);
#3455=VECTOR('',#10568,1000.);
#3456=VECTOR('',#10569,25.4);
#3457=VECTOR('',#10570,25.4);
#3458=VECTOR('',#10573,10.);
#3459=VECTOR('',#10574,1000.);
#3460=VECTOR('',#10575,1000.);
#3461=VECTOR('',#10576,1000.);
#3462=VECTOR('',#10579,10.);
#3463=VECTOR('',#10580,25.4);
#3464=VECTOR('',#10581,1000.);
#3465=VECTOR('',#10582,10.);
#3466=VECTOR('',#10585,25.4);
#3467=VECTOR('',#10586,25.4);
#3468=VECTOR('',#10587,25.4);
#3469=VECTOR('',#10588,25.4);
#3470=VECTOR('',#10589,25.4);
#3471=VECTOR('',#10592,25.4);
#3472=VECTOR('',#10593,25.4);
#3473=VECTOR('',#10594,10.);
#3474=VECTOR('',#10597,25.4);
#3475=VECTOR('',#10598,25.4);
#3476=VECTOR('',#10599,1000.);
#3477=VECTOR('',#10600,1000.);
#3478=VECTOR('',#10601,25.4);
#3479=VECTOR('',#10602,25.4);
#3480=VECTOR('',#10605,25.4);
#3481=VECTOR('',#10606,1000.);
#3482=VECTOR('',#10609,25.4);
#3483=VECTOR('',#10610,1000.);
#3484=VECTOR('',#10611,1000.);
#3485=VECTOR('',#10612,25.4);
#3486=VECTOR('',#10613,1000.);
#3487=VECTOR('',#10614,1000.);
#3488=VECTOR('',#10615,10.);
#3489=VECTOR('',#10618,25.4);
#3490=VECTOR('',#10619,25.4);
#3491=VECTOR('',#10620,25.4);
#3492=VECTOR('',#10621,25.4);
#3493=VECTOR('',#10624,25.4);
#3494=VECTOR('',#10625,25.4);
#3495=VECTOR('',#10628,1000.);
#3496=VECTOR('',#10629,1000.);
#3497=VECTOR('',#10632,1000.);
#3498=VECTOR('',#10637,1000.);
#3499=VECTOR('',#10638,1000.);
#3500=VECTOR('',#10641,1000.);
#3501=VECTOR('',#10646,25.4);
#3502=VECTOR('',#10647,25.4);
#3503=VECTOR('',#10648,25.4);
#3504=VECTOR('',#10649,25.4);
#3505=VECTOR('',#10652,10.);
#3506=VECTOR('',#10653,25.4);
#3507=VECTOR('',#10656,10.);
#3508=VECTOR('',#10659,10.);
#3509=VECTOR('',#10662,10.);
#3510=VECTOR('',#10663,25.4);
#3511=VECTOR('',#10666,10.);
#3512=VECTOR('',#10669,10.);
#3513=VECTOR('',#10670,10.);
#3514=VECTOR('',#10673,10.);
#3515=VECTOR('',#10674,25.4);
#3516=VECTOR('',#10677,10.);
#3517=VECTOR('',#10680,10.);
#3518=VECTOR('',#10689,10.);
#3519=VECTOR('',#10692,10.);
#3520=VECTOR('',#10697,10.);
#3521=VECTOR('',#10698,10.);
#3522=VECTOR('',#10699,10.);
#3523=VECTOR('',#10702,10.);
#3524=VECTOR('',#10707,10.);
#3525=VECTOR('',#10708,10.);
#3526=VECTOR('',#10711,10.);
#3527=VECTOR('',#10712,10.);
#3528=VECTOR('',#10713,10.);
#3529=VECTOR('',#10718,1.5);
#3530=VECTOR('',#10725,1.5);
#3531=VECTOR('',#10734,10.);
#3532=VECTOR('',#10737,10.);
#3533=VECTOR('',#10738,10.);
#3534=VECTOR('',#10741,10.);
#3535=VECTOR('',#10744,10.);
#3536=VECTOR('',#10747,10.);
#3537=VECTOR('',#10748,10.);
#3538=VECTOR('',#10751,10.);
#3539=VECTOR('',#10754,10.);
#3540=VECTOR('',#10757,10.);
#3541=VECTOR('',#10758,10.);
#3542=VECTOR('',#10763,10.);
#3543=VECTOR('',#10766,10.);
#3544=VECTOR('',#10767,10.);
#3545=VECTOR('',#10770,10.);
#3546=VECTOR('',#10773,10.);
#3547=VECTOR('',#10774,10.);
#3548=VECTOR('',#10777,10.);
#3549=VECTOR('',#10780,10.);
#3550=VECTOR('',#10781,10.);
#3551=VECTOR('',#10784,10.);
#3552=VECTOR('',#10787,10.);
#3553=VECTOR('',#10788,10.);
#3554=VECTOR('',#10791,10.);
#3555=VECTOR('',#10800,10.);
#3556=VECTOR('',#10801,10.);
#3557=VECTOR('',#10802,10.);
#3558=VECTOR('',#10805,10.);
#3559=VECTOR('',#10806,10.);
#3560=VECTOR('',#10811,10.);
#3561=VECTOR('',#10812,10.);
#3562=VECTOR('',#10813,10.);
#3563=VECTOR('',#10816,10.);
#3564=VECTOR('',#10819,10.);
#3565=VECTOR('',#10820,10.);
#3566=VECTOR('',#10821,10.);
#3567=VECTOR('',#10828,10.);
#3568=VECTOR('',#10829,10.);
#3569=VECTOR('',#10832,10.);
#3570=VECTOR('',#10835,10.);
#3571=VECTOR('',#10836,10.);
#3572=VECTOR('',#10839,10.);
#3573=VECTOR('',#10842,10.);
#3574=VECTOR('',#10843,10.);
#3575=VECTOR('',#10846,10.);
#3576=VECTOR('',#10849,10.);
#3577=VECTOR('',#10850,10.);
#3578=VECTOR('',#10853,10.);
#3579=VECTOR('',#10856,10.);
#3580=VECTOR('',#10857,10.);
#3581=VECTOR('',#10860,10.);
#3582=VECTOR('',#10865,10.);
#3583=VECTOR('',#10872,10.);
#3584=VECTOR('',#10877,10.);
#3585=VECTOR('',#10880,1.5);
#3586=VECTOR('',#10885,1.5);
#3587=VECTOR('',#10890,10.);
#3588=VECTOR('',#10893,10.);
#3589=VECTOR('',#10900,10.);
#3590=VECTOR('',#10953,6.5);
#3591=VECTOR('',#10958,1.5);
#3592=VECTOR('',#10961,3.1);
#3593=VECTOR('',#10966,1.5);
#3594=VECTOR('',#10969,3.1);
#3595=VECTOR('',#10974,1.5);
#3596=VECTOR('',#10977,3.1);
#3597=VECTOR('',#10982,10.);
#3598=VECTOR('',#10983,10.);
#3599=VECTOR('',#10984,10.);
#3600=VECTOR('',#10985,10.);
#3601=VECTOR('',#11006,1.65);
#3602=VECTOR('',#11011,1.65);
#3603=VECTOR('',#11016,1.65);
#3604=VECTOR('',#11045,10.);
#3605=VECTOR('',#11046,10.);
#3606=VECTOR('',#11047,10.);
#3607=VECTOR('',#11048,10.);
#3608=VECTOR('',#11049,10.);
#3609=VECTOR('',#11050,10.);
#3610=VECTOR('',#11051,10.);
#3611=VECTOR('',#11054,10.);
#3612=VECTOR('',#11055,10.);
#3613=VECTOR('',#11056,10.);
#3614=VECTOR('',#11067,10.);
#3615=VECTOR('',#11070,10.);
#3616=VECTOR('',#11071,10.);
#3617=B_SPLINE_CURVE_WITH_KNOTS('',3,(#11102,#11103,#11104,#11105),
 .UNSPECIFIED.,.F.,.F.,(4,4),(0.,2.06920496224829),.UNSPECIFIED.);
#3618=B_SPLINE_CURVE_WITH_KNOTS('',3,(#11109,#11110,#11111,#11112),
 .UNSPECIFIED.,.F.,.F.,(4,4),(0.,2.06920496224829),.UNSPECIFIED.);
#3619=B_SPLINE_CURVE_WITH_KNOTS('',3,(#11113,#11114,#11115,#11116),
 .UNSPECIFIED.,.F.,.F.,(4,4),(-3.26405569239796E-14,0.299999999999978),
 .UNSPECIFIED.);
#3620=B_SPLINE_CURVE_WITH_KNOTS('',3,(#11160,#11161,#11162,#11163),
 .UNSPECIFIED.,.F.,.F.,(4,4),(-4.6074255521944E-15,0.300000000000003),
 .UNSPECIFIED.);
#3621=B_SPLINE_CURVE_WITH_KNOTS('',3,(#11205,#11206,#11207,#11208,#11209,
#11210,#11211),.UNSPECIFIED.,.F.,.F.,(4,3,4),(0.,1.99800272696868,3.49650477219518),
 .UNSPECIFIED.);
#3622=B_SPLINE_CURVE_WITH_KNOTS('',3,(#11258,#11259,#11260,#11261),
 .UNSPECIFIED.,.F.,.F.,(4,4),(-0.300000000000003,4.6074255521944E-15),
 .UNSPECIFIED.);
#3623=B_SPLINE_CURVE_WITH_KNOTS('',3,(#11262,#11263,#11264,#11265,#11266,
#11267,#11268),.UNSPECIFIED.,.F.,.F.,(4,3,4),(2.22044604925031E-16,1.49850204522652,
3.49650477219521),.UNSPECIFIED.);
#3624=VERTEX_POINT('',#11100);
#3625=VERTEX_POINT('',#11101);
#3626=VERTEX_POINT('',#11106);
#3627=VERTEX_POINT('',#11108);
#3628=VERTEX_POINT('',#11147);
#3629=VERTEX_POINT('',#11159);
#3630=VERTEX_POINT('',#11176);
#3631=VERTEX_POINT('',#11177);
#3632=VERTEX_POINT('',#11179);
#3633=VERTEX_POINT('',#11181);
#3634=VERTEX_POINT('',#11183);
#3635=VERTEX_POINT('',#11185);
#3636=VERTEX_POINT('',#11187);
#3637=VERTEX_POINT('',#11189);
#3638=VERTEX_POINT('',#11191);
#3639=VERTEX_POINT('',#11193);
#3640=VERTEX_POINT('',#11195);
#3641=VERTEX_POINT('',#11197);
#3642=VERTEX_POINT('',#11199);
#3643=VERTEX_POINT('',#11201);
#3644=VERTEX_POINT('',#11203);
#3645=VERTEX_POINT('',#11213);
#3646=VERTEX_POINT('',#11214);
#3647=VERTEX_POINT('',#11216);
#3648=VERTEX_POINT('',#11219);
#3649=VERTEX_POINT('',#11220);
#3650=VERTEX_POINT('',#11222);
#3651=VERTEX_POINT('',#11225);
#3652=VERTEX_POINT('',#11226);
#3653=VERTEX_POINT('',#11228);
#3654=VERTEX_POINT('',#11231);
#3655=VERTEX_POINT('',#11232);
#3656=VERTEX_POINT('',#11234);
#3657=VERTEX_POINT('',#11257);
#3658=VERTEX_POINT('',#11270);
#3659=VERTEX_POINT('',#11271);
#3660=VERTEX_POINT('',#11273);
#3661=VERTEX_POINT('',#11275);
#3662=VERTEX_POINT('',#11279);
#3663=VERTEX_POINT('',#11280);
#3664=VERTEX_POINT('',#11282);
#3665=VERTEX_POINT('',#11284);
#3666=VERTEX_POINT('',#11288);
#3667=VERTEX_POINT('',#11289);
#3668=VERTEX_POINT('',#11291);
#3669=VERTEX_POINT('',#11293);
#3670=VERTEX_POINT('',#11297);
#3671=VERTEX_POINT('',#11298);
#3672=VERTEX_POINT('',#11300);
#3673=VERTEX_POINT('',#11302);
#3674=VERTEX_POINT('',#11306);
#3675=VERTEX_POINT('',#11307);
#3676=VERTEX_POINT('',#11309);
#3677=VERTEX_POINT('',#11311);
#3678=VERTEX_POINT('',#11315);
#3679=VERTEX_POINT('',#11316);
#3680=VERTEX_POINT('',#11318);
#3681=VERTEX_POINT('',#11320);
#3682=VERTEX_POINT('',#11324);
#3683=VERTEX_POINT('',#11325);
#3684=VERTEX_POINT('',#11327);
#3685=VERTEX_POINT('',#11329);
#3686=VERTEX_POINT('',#11333);
#3687=VERTEX_POINT('',#11334);
#3688=VERTEX_POINT('',#11336);
#3689=VERTEX_POINT('',#11338);
#3690=VERTEX_POINT('',#11342);
#3691=VERTEX_POINT('',#11343);
#3692=VERTEX_POINT('',#11345);
#3693=VERTEX_POINT('',#11347);
#3694=VERTEX_POINT('',#11351);
#3695=VERTEX_POINT('',#11352);
#3696=VERTEX_POINT('',#11354);
#3697=VERTEX_POINT('',#11356);
#3698=VERTEX_POINT('',#11360);
#3699=VERTEX_POINT('',#11361);
#3700=VERTEX_POINT('',#11363);
#3701=VERTEX_POINT('',#11365);
#3702=VERTEX_POINT('',#11369);
#3703=VERTEX_POINT('',#11370);
#3704=VERTEX_POINT('',#11372);
#3705=VERTEX_POINT('',#11374);
#3706=VERTEX_POINT('',#11378);
#3707=VERTEX_POINT('',#11379);
#3708=VERTEX_POINT('',#11381);
#3709=VERTEX_POINT('',#11383);
#3710=VERTEX_POINT('',#11387);
#3711=VERTEX_POINT('',#11388);
#3712=VERTEX_POINT('',#11390);
#3713=VERTEX_POINT('',#11392);
#3714=VERTEX_POINT('',#11396);
#3715=VERTEX_POINT('',#11398);
#3716=VERTEX_POINT('',#11400);
#3717=VERTEX_POINT('',#11404);
#3718=VERTEX_POINT('',#11405);
#3719=VERTEX_POINT('',#11407);
#3720=VERTEX_POINT('',#11409);
#3721=VERTEX_POINT('',#11413);
#3722=VERTEX_POINT('',#11414);
#3723=VERTEX_POINT('',#11416);
#3724=VERTEX_POINT('',#11418);
#3725=VERTEX_POINT('',#11422);
#3726=VERTEX_POINT('',#11423);
#3727=VERTEX_POINT('',#11425);
#3728=VERTEX_POINT('',#11430);
#3729=VERTEX_POINT('',#11431);
#3730=VERTEX_POINT('',#11433);
#3731=VERTEX_POINT('',#11435);
#3732=VERTEX_POINT('',#11439);
#3733=VERTEX_POINT('',#11440);
#3734=VERTEX_POINT('',#11442);
#3735=VERTEX_POINT('',#11444);
#3736=VERTEX_POINT('',#11448);
#3737=VERTEX_POINT('',#11450);
#3738=VERTEX_POINT('',#11452);
#3739=VERTEX_POINT('',#11456);
#3740=VERTEX_POINT('',#11458);
#3741=VERTEX_POINT('',#11462);
#3742=VERTEX_POINT('',#11466);
#3743=VERTEX_POINT('',#11468);
#3744=VERTEX_POINT('',#11472);
#3745=VERTEX_POINT('',#11474);
#3746=VERTEX_POINT('',#11478);
#3747=VERTEX_POINT('',#11480);
#3748=VERTEX_POINT('',#11485);
#3749=VERTEX_POINT('',#11488);
#3750=VERTEX_POINT('',#11490);
#3751=VERTEX_POINT('',#11493);
#3752=VERTEX_POINT('',#11495);
#3753=VERTEX_POINT('',#11498);
#3754=VERTEX_POINT('',#11502);
#3755=VERTEX_POINT('',#11506);
#3756=VERTEX_POINT('',#11510);
#3757=VERTEX_POINT('',#11514);
#3758=VERTEX_POINT('',#11518);
#3759=VERTEX_POINT('',#11520);
#3760=VERTEX_POINT('',#11524);
#3761=VERTEX_POINT('',#11526);
#3762=VERTEX_POINT('',#11530);
#3763=VERTEX_POINT('',#11532);
#3764=VERTEX_POINT('',#11536);
#3765=VERTEX_POINT('',#11538);
#3766=VERTEX_POINT('',#11542);
#3767=VERTEX_POINT('',#11543);
#3768=VERTEX_POINT('',#11545);
#3769=VERTEX_POINT('',#11547);
#3770=VERTEX_POINT('',#11551);
#3771=VERTEX_POINT('',#11553);
#3772=VERTEX_POINT('',#11555);
#3773=VERTEX_POINT('',#11559);
#3774=VERTEX_POINT('',#11560);
#3775=VERTEX_POINT('',#11562);
#3776=VERTEX_POINT('',#11564);
#3777=VERTEX_POINT('',#11568);
#3778=VERTEX_POINT('',#11569);
#3779=VERTEX_POINT('',#11571);
#3780=VERTEX_POINT('',#11573);
#3781=VERTEX_POINT('',#11577);
#3782=VERTEX_POINT('',#11579);
#3783=VERTEX_POINT('',#11581);
#3784=VERTEX_POINT('',#11585);
#3785=VERTEX_POINT('',#11586);
#3786=VERTEX_POINT('',#11588);
#3787=VERTEX_POINT('',#11590);
#3788=VERTEX_POINT('',#11594);
#3789=VERTEX_POINT('',#11595);
#3790=VERTEX_POINT('',#11597);
#3791=VERTEX_POINT('',#11599);
#3792=VERTEX_POINT('',#11603);
#3793=VERTEX_POINT('',#11605);
#3794=VERTEX_POINT('',#11607);
#3795=VERTEX_POINT('',#11611);
#3796=VERTEX_POINT('',#11612);
#3797=VERTEX_POINT('',#11614);
#3798=VERTEX_POINT('',#11616);
#3799=VERTEX_POINT('',#11620);
#3800=VERTEX_POINT('',#11623);
#3801=VERTEX_POINT('',#11625);
#3802=VERTEX_POINT('',#11628);
#3803=VERTEX_POINT('',#11633);
#3804=VERTEX_POINT('',#11639);
#3805=VERTEX_POINT('',#11641);
#3806=VERTEX_POINT('',#11644);
#3807=VERTEX_POINT('',#11646);
#3808=VERTEX_POINT('',#11649);
#3809=VERTEX_POINT('',#11653);
#3810=VERTEX_POINT('',#11663);
#3811=VERTEX_POINT('',#11665);
#3812=VERTEX_POINT('',#11671);
#3813=VERTEX_POINT('',#11673);
#3814=VERTEX_POINT('',#11676);
#3815=VERTEX_POINT('',#11678);
#3816=VERTEX_POINT('',#11681);
#3817=VERTEX_POINT('',#11685);
#3818=VERTEX_POINT('',#11689);
#3819=VERTEX_POINT('',#11693);
#3820=VERTEX_POINT('',#11697);
#3821=VERTEX_POINT('',#11699);
#3822=VERTEX_POINT('',#11705);
#3823=VERTEX_POINT('',#11707);
#3824=VERTEX_POINT('',#11710);
#3825=VERTEX_POINT('',#11712);
#3826=VERTEX_POINT('',#11715);
#3827=VERTEX_POINT('',#11719);
#3828=VERTEX_POINT('',#11723);
#3829=VERTEX_POINT('',#11727);
#3830=VERTEX_POINT('',#11732);
#3831=VERTEX_POINT('',#11738);
#3832=VERTEX_POINT('',#11743);
#3833=VERTEX_POINT('',#11754);
#3834=VERTEX_POINT('',#11761);
#3835=VERTEX_POINT('',#11763);
#3836=VERTEX_POINT('',#11775);
#3837=VERTEX_POINT('',#11782);
#3838=VERTEX_POINT('',#11810);
#3839=VERTEX_POINT('',#11811);
#3840=VERTEX_POINT('',#11813);
#3841=VERTEX_POINT('',#11815);
#3842=VERTEX_POINT('',#11819);
#3843=VERTEX_POINT('',#11821);
#3844=VERTEX_POINT('',#11825);
#3845=VERTEX_POINT('',#11829);
#3846=VERTEX_POINT('',#11831);
#3847=VERTEX_POINT('',#11833);
#3848=VERTEX_POINT('',#11835);
#3849=VERTEX_POINT('',#11837);
#3850=VERTEX_POINT('',#11839);
#3851=VERTEX_POINT('',#11841);
#3852=VERTEX_POINT('',#11843);
#3853=VERTEX_POINT('',#11845);
#3854=VERTEX_POINT('',#11847);
#3855=VERTEX_POINT('',#11849);
#3856=VERTEX_POINT('',#11851);
#3857=VERTEX_POINT('',#11853);
#3858=VERTEX_POINT('',#11855);
#3859=VERTEX_POINT('',#11857);
#3860=VERTEX_POINT('',#11859);
#3861=VERTEX_POINT('',#11861);
#3862=VERTEX_POINT('',#11863);
#3863=VERTEX_POINT('',#11865);
#3864=VERTEX_POINT('',#11867);
#3865=VERTEX_POINT('',#11869);
#3866=VERTEX_POINT('',#11871);
#3867=VERTEX_POINT('',#11873);
#3868=VERTEX_POINT('',#11876);
#3869=VERTEX_POINT('',#11878);
#3870=VERTEX_POINT('',#11880);
#3871=VERTEX_POINT('',#11882);
#3872=VERTEX_POINT('',#11884);
#3873=VERTEX_POINT('',#11887);
#3874=VERTEX_POINT('',#11889);
#3875=VERTEX_POINT('',#11890);
#3876=VERTEX_POINT('',#11892);
#3877=VERTEX_POINT('',#11894);
#3878=VERTEX_POINT('',#11896);
#3879=VERTEX_POINT('',#11898);
#3880=VERTEX_POINT('',#11900);
#3881=VERTEX_POINT('',#11902);
#3882=VERTEX_POINT('',#11904);
#3883=VERTEX_POINT('',#11906);
#3884=VERTEX_POINT('',#11908);
#3885=VERTEX_POINT('',#11910);
#3886=VERTEX_POINT('',#11912);
#3887=VERTEX_POINT('',#11914);
#3888=VERTEX_POINT('',#11916);
#3889=VERTEX_POINT('',#11918);
#3890=VERTEX_POINT('',#11920);
#3891=VERTEX_POINT('',#11922);
#3892=VERTEX_POINT('',#11924);
#3893=VERTEX_POINT('',#11926);
#3894=VERTEX_POINT('',#11928);
#3895=VERTEX_POINT('',#11930);
#3896=VERTEX_POINT('',#11932);
#3897=VERTEX_POINT('',#11934);
#3898=VERTEX_POINT('',#11936);
#3899=VERTEX_POINT('',#11938);
#3900=VERTEX_POINT('',#11940);
#3901=VERTEX_POINT('',#11942);
#3902=VERTEX_POINT('',#11946);
#3903=VERTEX_POINT('',#11947);
#3904=VERTEX_POINT('',#11953);
#3905=VERTEX_POINT('',#11955);
#3906=VERTEX_POINT('',#11957);
#3907=VERTEX_POINT('',#11959);
#3908=VERTEX_POINT('',#11961);
#3909=VERTEX_POINT('',#11963);
#3910=VERTEX_POINT('',#11965);
#3911=VERTEX_POINT('',#11967);
#3912=VERTEX_POINT('',#11969);
#3913=VERTEX_POINT('',#11971);
#3914=VERTEX_POINT('',#11973);
#3915=VERTEX_POINT('',#11975);
#3916=VERTEX_POINT('',#11977);
#3917=VERTEX_POINT('',#11981);
#3918=VERTEX_POINT('',#11982);
#3919=VERTEX_POINT('',#11984);
#3920=VERTEX_POINT('',#11987);
#3921=VERTEX_POINT('',#11988);
#3922=VERTEX_POINT('',#11990);
#3923=VERTEX_POINT('',#11993);
#3924=VERTEX_POINT('',#11994);
#3925=VERTEX_POINT('',#11996);
#3926=VERTEX_POINT('',#11999);
#3927=VERTEX_POINT('',#12000);
#3928=VERTEX_POINT('',#12002);
#3929=VERTEX_POINT('',#12008);
#3930=VERTEX_POINT('',#12009);
#3931=VERTEX_POINT('',#12011);
#3932=VERTEX_POINT('',#12013);
#3933=VERTEX_POINT('',#12017);
#3934=VERTEX_POINT('',#12019);
#3935=VERTEX_POINT('',#12023);
#3936=VERTEX_POINT('',#12025);
#3937=VERTEX_POINT('',#12035);
#3938=VERTEX_POINT('',#12037);
#3939=VERTEX_POINT('',#12039);
#3940=VERTEX_POINT('',#12041);
#3941=VERTEX_POINT('',#12043);
#3942=VERTEX_POINT('',#12045);
#3943=VERTEX_POINT('',#12047);
#3944=VERTEX_POINT('',#12049);
#3945=VERTEX_POINT('',#12051);
#3946=VERTEX_POINT('',#12053);
#3947=VERTEX_POINT('',#12055);
#3948=VERTEX_POINT('',#12057);
#3949=VERTEX_POINT('',#12060);
#3950=VERTEX_POINT('',#12063);
#3951=VERTEX_POINT('',#12065);
#3952=VERTEX_POINT('',#12070);
#3953=VERTEX_POINT('',#12072);
#3954=VERTEX_POINT('',#12077);
#3955=VERTEX_POINT('',#12079);
#3956=VERTEX_POINT('',#12084);
#3957=VERTEX_POINT('',#12086);
#3958=VERTEX_POINT('',#12091);
#3959=VERTEX_POINT('',#12092);
#3960=VERTEX_POINT('',#12094);
#3961=VERTEX_POINT('',#12096);
#3962=VERTEX_POINT('',#12098);
#3963=VERTEX_POINT('',#12100);
#3964=VERTEX_POINT('',#12104);
#3965=VERTEX_POINT('',#12106);
#3966=VERTEX_POINT('',#12110);
#3967=VERTEX_POINT('',#12112);
#3968=VERTEX_POINT('',#12116);
#3969=VERTEX_POINT('',#12119);
#3970=VERTEX_POINT('',#12121);
#3971=VERTEX_POINT('',#12125);
#3972=VERTEX_POINT('',#12127);
#3973=VERTEX_POINT('',#12131);
#3974=VERTEX_POINT('',#12132);
#3975=VERTEX_POINT('',#12134);
#3976=VERTEX_POINT('',#12136);
#3977=VERTEX_POINT('',#12140);
#3978=VERTEX_POINT('',#12142);
#3979=VERTEX_POINT('',#12144);
#3980=VERTEX_POINT('',#12146);
#3981=VERTEX_POINT('',#12148);
#3982=VERTEX_POINT('',#12150);
#3983=VERTEX_POINT('',#12153);
#3984=VERTEX_POINT('',#12154);
#3985=VERTEX_POINT('',#12156);
#3986=VERTEX_POINT('',#12159);
#3987=VERTEX_POINT('',#12160);
#3988=VERTEX_POINT('',#12162);
#3989=VERTEX_POINT('',#12166);
#3990=VERTEX_POINT('',#12170);
#3991=VERTEX_POINT('',#12174);
#3992=VERTEX_POINT('',#12176);
#3993=VERTEX_POINT('',#12178);
#3994=VERTEX_POINT('',#12180);
#3995=VERTEX_POINT('',#12182);
#3996=VERTEX_POINT('',#12184);
#3997=VERTEX_POINT('',#12188);
#3998=VERTEX_POINT('',#12189);
#3999=VERTEX_POINT('',#12191);
#4000=VERTEX_POINT('',#12194);
#4001=VERTEX_POINT('',#12195);
#4002=VERTEX_POINT('',#12197);
#4003=VERTEX_POINT('',#12200);
#4004=VERTEX_POINT('',#12201);
#4005=VERTEX_POINT('',#12203);
#4006=VERTEX_POINT('',#12206);
#4007=VERTEX_POINT('',#12207);
#4008=VERTEX_POINT('',#12209);
#4009=VERTEX_POINT('',#12215);
#4010=VERTEX_POINT('',#12219);
#4011=VERTEX_POINT('',#12221);
#4012=VERTEX_POINT('',#12223);
#4013=VERTEX_POINT('',#12227);
#4014=VERTEX_POINT('',#12228);
#4015=VERTEX_POINT('',#12230);
#4016=VERTEX_POINT('',#12233);
#4017=VERTEX_POINT('',#12234);
#4018=VERTEX_POINT('',#12236);
#4019=VERTEX_POINT('',#12245);
#4020=VERTEX_POINT('',#12252);
#4021=VERTEX_POINT('',#12254);
#4022=VERTEX_POINT('',#12256);
#4023=VERTEX_POINT('',#12258);
#4024=VERTEX_POINT('',#12260);
#4025=VERTEX_POINT('',#12262);
#4026=VERTEX_POINT('',#12264);
#4027=VERTEX_POINT('',#12266);
#4028=VERTEX_POINT('',#12268);
#4029=VERTEX_POINT('',#12270);
#4030=VERTEX_POINT('',#12276);
#4031=VERTEX_POINT('',#12278);
#4032=VERTEX_POINT('',#12283);
#4033=VERTEX_POINT('',#12285);
#4034=VERTEX_POINT('',#12287);
#4035=VERTEX_POINT('',#12335);
#4036=VERTEX_POINT('',#12340);
#4037=VERTEX_POINT('',#12345);
#4038=VERTEX_POINT('',#12350);
#4039=VERTEX_POINT('',#12352);
#4040=VERTEX_POINT('',#12357);
#4041=VERTEX_POINT('',#12359);
#4042=VERTEX_POINT('',#12364);
#4043=VERTEX_POINT('',#12366);
#4044=VERTEX_POINT('',#12371);
#4045=VERTEX_POINT('',#12373);
#4046=VERTEX_POINT('',#12378);
#4047=VERTEX_POINT('',#12380);
#4048=VERTEX_POINT('',#12385);
#4049=VERTEX_POINT('',#12387);
#4050=VERTEX_POINT('',#12392);
#4051=VERTEX_POINT('',#12394);
#4052=VERTEX_POINT('',#12399);
#4053=VERTEX_POINT('',#12401);
#4054=VERTEX_POINT('',#12428);
#4055=VERTEX_POINT('',#12430);
#4056=VERTEX_POINT('',#12436);
#4057=VERTEX_POINT('',#12438);
#4058=VERTEX_POINT('',#12440);
#4059=VERTEX_POINT('',#12442);
#4060=VERTEX_POINT('',#12444);
#4061=VERTEX_POINT('',#12446);
#4062=VERTEX_POINT('',#12448);
#4063=VERTEX_POINT('',#12450);
#4064=VERTEX_POINT('',#12453);
#4065=VERTEX_POINT('',#12455);
#4066=VERTEX_POINT('',#12457);
#4067=VERTEX_POINT('',#12459);
#4068=VERTEX_POINT('',#12461);
#4069=VERTEX_POINT('',#12463);
#4070=VERTEX_POINT('',#12465);
#4071=VERTEX_POINT('',#12467);
#4072=VERTEX_POINT('',#12472);
#4073=VERTEX_POINT('',#12476);
#4074=VERTEX_POINT('',#12478);
#4075=VERTEX_POINT('',#12480);
#4076=VERTEX_POINT('',#12482);
#4077=VERTEX_POINT('',#12486);
#4078=VERTEX_POINT('',#12488);
#4079=VERTEX_POINT('',#12490);
#4080=VERTEX_POINT('',#12492);
#4081=VERTEX_POINT('',#12496);
#4082=VERTEX_POINT('',#12500);
#4083=VERTEX_POINT('',#12502);
#4084=VERTEX_POINT('',#12504);
#4085=VERTEX_POINT('',#12506);
#4086=VERTEX_POINT('',#12510);
#4087=VERTEX_POINT('',#12514);
#4088=VERTEX_POINT('',#12518);
#4089=VERTEX_POINT('',#12520);
#4090=VERTEX_POINT('',#12522);
#4091=VERTEX_POINT('',#12524);
#4092=VERTEX_POINT('',#12528);
#4093=VERTEX_POINT('',#12530);
#4094=VERTEX_POINT('',#12534);
#4095=VERTEX_POINT('',#12535);
#4096=VERTEX_POINT('',#12537);
#4097=VERTEX_POINT('',#12539);
#4098=VERTEX_POINT('',#12543);
#4099=VERTEX_POINT('',#12545);
#4100=VERTEX_POINT('',#12549);
#4101=VERTEX_POINT('',#12553);
#4102=VERTEX_POINT('',#12554);
#4103=VERTEX_POINT('',#12556);
#4104=VERTEX_POINT('',#12558);
#4105=VERTEX_POINT('',#12562);
#4106=VERTEX_POINT('',#12563);
#4107=VERTEX_POINT('',#12565);
#4108=VERTEX_POINT('',#12570);
#4109=VERTEX_POINT('',#12574);
#4110=VERTEX_POINT('',#12576);
#4111=VERTEX_POINT('',#12578);
#4112=VERTEX_POINT('',#12580);
#4113=VERTEX_POINT('',#12585);
#4114=VERTEX_POINT('',#12590);
#4115=VERTEX_POINT('',#12592);
#4116=VERTEX_POINT('',#12604);
#4117=VERTEX_POINT('',#12606);
#4118=VERTEX_POINT('',#12610);
#4119=VERTEX_POINT('',#12612);
#4120=VERTEX_POINT('',#12614);
#4121=VERTEX_POINT('',#12616);
#4122=VERTEX_POINT('',#12620);
#4123=VERTEX_POINT('',#12624);
#4124=VERTEX_POINT('',#12626);
#4125=VERTEX_POINT('',#12628);
#4126=VERTEX_POINT('',#12632);
#4127=VERTEX_POINT('',#12633);
#4128=VERTEX_POINT('',#12635);
#4129=VERTEX_POINT('',#12637);
#4130=VERTEX_POINT('',#12641);
#4131=VERTEX_POINT('',#12643);
#4132=VERTEX_POINT('',#12647);
#4133=VERTEX_POINT('',#12651);
#4134=VERTEX_POINT('',#12653);
#4135=VERTEX_POINT('',#12657);
#4136=VERTEX_POINT('',#12662);
#4137=VERTEX_POINT('',#12664);
#4138=VERTEX_POINT('',#12666);
#4139=VERTEX_POINT('',#12671);
#4140=VERTEX_POINT('',#12675);
#4141=VERTEX_POINT('',#12679);
#4142=VERTEX_POINT('',#12690);
#4143=VERTEX_POINT('',#12691);
#4144=VERTEX_POINT('',#12693);
#4145=VERTEX_POINT('',#12695);
#4146=VERTEX_POINT('',#12699);
#4147=VERTEX_POINT('',#12701);
#4148=VERTEX_POINT('',#12705);
#4149=VERTEX_POINT('',#12709);
#4150=VERTEX_POINT('',#12710);
#4151=VERTEX_POINT('',#12712);
#4152=VERTEX_POINT('',#12714);
#4153=VERTEX_POINT('',#12718);
#4154=VERTEX_POINT('',#12723);
#4155=VERTEX_POINT('',#12725);
#4156=VERTEX_POINT('',#12727);
#4157=VERTEX_POINT('',#12731);
#4158=VERTEX_POINT('',#12734);
#4159=VERTEX_POINT('',#12738);
#4160=VERTEX_POINT('',#12743);
#4161=VERTEX_POINT('',#12754);
#4162=VERTEX_POINT('',#12756);
#4163=VERTEX_POINT('',#12758);
#4164=VERTEX_POINT('',#12762);
#4165=VERTEX_POINT('',#12763);
#4166=VERTEX_POINT('',#12765);
#4167=VERTEX_POINT('',#12767);
#4168=VERTEX_POINT('',#12771);
#4169=VERTEX_POINT('',#12773);
#4170=VERTEX_POINT('',#12777);
#4171=VERTEX_POINT('',#12781);
#4172=VERTEX_POINT('',#12783);
#4173=VERTEX_POINT('',#12787);
#4174=VERTEX_POINT('',#12788);
#4175=VERTEX_POINT('',#12793);
#4176=VERTEX_POINT('',#12797);
#4177=VERTEX_POINT('',#12799);
#4178=VERTEX_POINT('',#12801);
#4179=VERTEX_POINT('',#12803);
#4180=VERTEX_POINT('',#12822);
#4181=VERTEX_POINT('',#12824);
#4182=VERTEX_POINT('',#12826);
#4183=VERTEX_POINT('',#12828);
#4184=VERTEX_POINT('',#12830);
#4185=VERTEX_POINT('',#12832);
#4186=VERTEX_POINT('',#12834);
#4187=VERTEX_POINT('',#12836);
#4188=VERTEX_POINT('',#12838);
#4189=VERTEX_POINT('',#12840);
#4190=VERTEX_POINT('',#12846);
#4191=VERTEX_POINT('',#12847);
#4192=VERTEX_POINT('',#12849);
#4193=VERTEX_POINT('',#12851);
#4194=VERTEX_POINT('',#12853);
#4195=VERTEX_POINT('',#12857);
#4196=VERTEX_POINT('',#12859);
#4197=VERTEX_POINT('',#12863);
#4198=VERTEX_POINT('',#12865);
#4199=VERTEX_POINT('',#12867);
#4200=VERTEX_POINT('',#12869);
#4201=VERTEX_POINT('',#12871);
#4202=VERTEX_POINT('',#12875);
#4203=VERTEX_POINT('',#12877);
#4204=VERTEX_POINT('',#12881);
#4205=VERTEX_POINT('',#12882);
#4206=VERTEX_POINT('',#12884);
#4207=VERTEX_POINT('',#12886);
#4208=VERTEX_POINT('',#12888);
#4209=VERTEX_POINT('',#12890);
#4210=VERTEX_POINT('',#12893);
#4211=VERTEX_POINT('',#12895);
#4212=VERTEX_POINT('',#12899);
#4213=VERTEX_POINT('',#12902);
#4214=VERTEX_POINT('',#12904);
#4215=VERTEX_POINT('',#12908);
#4216=VERTEX_POINT('',#12912);
#4217=VERTEX_POINT('',#12916);
#4218=VERTEX_POINT('',#12922);
#4219=VERTEX_POINT('',#12929);
#4220=VERTEX_POINT('',#12931);
#4221=VERTEX_POINT('',#12933);
#4222=VERTEX_POINT('',#12935);
#4223=VERTEX_POINT('',#12939);
#4224=VERTEX_POINT('',#12940);
#4225=VERTEX_POINT('',#12943);
#4226=VERTEX_POINT('',#12947);
#4227=VERTEX_POINT('',#12949);
#4228=VERTEX_POINT('',#12951);
#4229=VERTEX_POINT('',#12953);
#4230=VERTEX_POINT('',#12955);
#4231=VERTEX_POINT('',#12959);
#4232=VERTEX_POINT('',#12961);
#4233=VERTEX_POINT('',#12965);
#4234=VERTEX_POINT('',#12966);
#4235=VERTEX_POINT('',#12968);
#4236=VERTEX_POINT('',#12973);
#4237=VERTEX_POINT('',#12977);
#4238=VERTEX_POINT('',#12981);
#4239=VERTEX_POINT('',#12982);
#4240=VERTEX_POINT('',#12984);
#4241=VERTEX_POINT('',#12986);
#4242=VERTEX_POINT('',#12990);
#4243=VERTEX_POINT('',#12994);
#4244=VERTEX_POINT('',#12996);
#4245=VERTEX_POINT('',#13000);
#4246=VERTEX_POINT('',#13003);
#4247=VERTEX_POINT('',#13008);
#4248=VERTEX_POINT('',#13015);
#4249=VERTEX_POINT('',#13016);
#4250=VERTEX_POINT('',#13018);
#4251=VERTEX_POINT('',#13020);
#4252=VERTEX_POINT('',#13024);
#4253=VERTEX_POINT('',#13026);
#4254=VERTEX_POINT('',#13028);
#4255=VERTEX_POINT('',#13030);
#4256=VERTEX_POINT('',#13032);
#4257=VERTEX_POINT('',#13036);
#4258=VERTEX_POINT('',#13038);
#4259=VERTEX_POINT('',#13042);
#4260=VERTEX_POINT('',#13043);
#4261=VERTEX_POINT('',#13046);
#4262=VERTEX_POINT('',#13050);
#4263=VERTEX_POINT('',#13052);
#4264=VERTEX_POINT('',#13056);
#4265=VERTEX_POINT('',#13060);
#4266=VERTEX_POINT('',#13061);
#4267=VERTEX_POINT('',#13063);
#4268=VERTEX_POINT('',#13065);
#4269=VERTEX_POINT('',#13067);
#4270=VERTEX_POINT('',#13070);
#4271=VERTEX_POINT('',#13072);
#4272=VERTEX_POINT('',#13076);
#4273=VERTEX_POINT('',#13078);
#4274=VERTEX_POINT('',#13082);
#4275=VERTEX_POINT('',#13085);
#4276=VERTEX_POINT('',#13091);
#4277=VERTEX_POINT('',#13098);
#4278=VERTEX_POINT('',#13100);
#4279=VERTEX_POINT('',#13105);
#4280=VERTEX_POINT('',#13107);
#4281=VERTEX_POINT('',#13109);
#4282=VERTEX_POINT('',#13113);
#4283=VERTEX_POINT('',#13115);
#4284=VERTEX_POINT('',#13117);
#4285=VERTEX_POINT('',#13121);
#4286=VERTEX_POINT('',#13123);
#4287=VERTEX_POINT('',#13125);
#4288=VERTEX_POINT('',#13129);
#4289=VERTEX_POINT('',#13130);
#4290=VERTEX_POINT('',#13132);
#4291=VERTEX_POINT('',#13134);
#4292=VERTEX_POINT('',#13136);
#4293=VERTEX_POINT('',#13140);
#4294=VERTEX_POINT('',#13142);
#4295=VERTEX_POINT('',#13146);
#4296=VERTEX_POINT('',#13148);
#4297=VERTEX_POINT('',#13150);
#4298=VERTEX_POINT('',#13152);
#4299=VERTEX_POINT('',#13154);
#4300=VERTEX_POINT('',#13161);
#4301=VERTEX_POINT('',#13163);
#4302=VERTEX_POINT('',#13165);
#4303=VERTEX_POINT('',#13168);
#4304=VERTEX_POINT('',#13173);
#4305=VERTEX_POINT('',#13175);
#4306=VERTEX_POINT('',#13180);
#4307=VERTEX_POINT('',#13184);
#4308=VERTEX_POINT('',#13191);
#4309=VERTEX_POINT('',#13198);
#4310=VERTEX_POINT('',#13201);
#4311=VERTEX_POINT('',#13205);
#4312=VERTEX_POINT('',#13213);
#4313=VERTEX_POINT('',#13222);
#4314=VERTEX_POINT('',#13233);
#4315=VERTEX_POINT('',#13235);
#4316=VERTEX_POINT('',#13237);
#4317=VERTEX_POINT('',#13241);
#4318=VERTEX_POINT('',#13243);
#4319=VERTEX_POINT('',#13247);
#4320=VERTEX_POINT('',#13251);
#4321=VERTEX_POINT('',#13255);
#4322=VERTEX_POINT('',#13257);
#4323=VERTEX_POINT('',#13261);
#4324=VERTEX_POINT('',#13263);
#4325=VERTEX_POINT('',#13267);
#4326=VERTEX_POINT('',#13269);
#4327=VERTEX_POINT('',#13274);
#4328=VERTEX_POINT('',#13278);
#4329=VERTEX_POINT('',#13282);
#4330=VERTEX_POINT('',#13284);
#4331=VERTEX_POINT('',#13288);
#4332=VERTEX_POINT('',#13292);
#4333=VERTEX_POINT('',#13294);
#4334=VERTEX_POINT('',#13298);
#4335=VERTEX_POINT('',#13302);
#4336=VERTEX_POINT('',#13306);
#4337=VERTEX_POINT('',#13312);
#4338=VERTEX_POINT('',#13318);
#4339=VERTEX_POINT('',#13324);
#4340=VERTEX_POINT('',#13333);
#4341=VERTEX_POINT('',#13335);
#4342=VERTEX_POINT('',#13339);
#4343=VERTEX_POINT('',#13343);
#4344=VERTEX_POINT('',#13345);
#4345=VERTEX_POINT('',#13347);
#4346=VERTEX_POINT('',#13349);
#4347=VERTEX_POINT('',#13352);
#4348=VERTEX_POINT('',#13354);
#4349=VERTEX_POINT('',#13356);
#4350=VERTEX_POINT('',#13358);
#4351=VERTEX_POINT('',#13360);
#4352=VERTEX_POINT('',#13363);
#4353=VERTEX_POINT('',#13401);
#4354=VERTEX_POINT('',#13405);
#4355=VERTEX_POINT('',#13426);
#4356=VERTEX_POINT('',#13429);
#4357=VERTEX_POINT('',#13432);
#4358=VERTEX_POINT('',#13435);
#4359=VERTEX_POINT('',#13437);
#4360=VERTEX_POINT('',#13440);
#4361=VERTEX_POINT('',#13442);
#4362=VERTEX_POINT('',#13445);
#4363=VERTEX_POINT('',#13447);
#4364=VERTEX_POINT('',#13450);
#4365=VERTEX_POINT('',#13452);
#4366=VERTEX_POINT('',#13458);
#4367=VERTEX_POINT('',#13464);
#4368=VERTEX_POINT('',#13470);
#4369=VERTEX_POINT('',#13474);
#4370=VERTEX_POINT('',#13475);
#4371=VERTEX_POINT('',#13477);
#4372=VERTEX_POINT('',#13479);
#4373=VERTEX_POINT('',#13483);
#4374=VERTEX_POINT('',#13485);
#4375=VERTEX_POINT('',#13488);
#4376=VERTEX_POINT('',#13490);
#4377=VERTEX_POINT('',#13493);
#4378=VERTEX_POINT('',#13495);
#4379=VERTEX_POINT('',#13498);
#4380=VERTEX_POINT('',#13502);
#4381=VERTEX_POINT('',#13506);
#4382=VERTEX_POINT('',#13510);
#4383=VERTEX_POINT('',#13511);
#4384=VERTEX_POINT('',#13516);
#4385=VERTEX_POINT('',#13517);
#4386=VERTEX_POINT('',#13522);
#4387=VERTEX_POINT('',#13523);
#4388=VERTEX_POINT('',#13528);
#4389=VERTEX_POINT('',#13529);
#4390=VERTEX_POINT('',#13531);
#4391=VERTEX_POINT('',#13536);
#4392=VERTEX_POINT('',#13540);
#4393=VERTEX_POINT('',#13541);
#4394=VERTEX_POINT('',#13549);
#4395=VERTEX_POINT('',#13553);
#4396=EDGE_CURVE('',#3624,#3625,#3617,.F.);
#4397=EDGE_CURVE('',#3626,#3624,#1583,.T.);
#4398=EDGE_CURVE('',#3626,#3627,#3618,.T.);
#4399=EDGE_CURVE('',#3627,#3625,#3619,.T.);
#4400=EDGE_CURVE('',#3628,#3627,#666,.T.);
#4401=EDGE_CURVE('',#3629,#3628,#3620,.T.);
#4402=EDGE_CURVE('',#3625,#3629,#667,.T.);
#4403=EDGE_CURVE('',#3630,#3631,#1584,.T.);
#4404=EDGE_CURVE('',#3632,#3630,#1585,.T.);
#4405=EDGE_CURVE('',#3633,#3632,#172,.T.);
#4406=EDGE_CURVE('',#3633,#3634,#1586,.T.);
#4407=EDGE_CURVE('',#3635,#3634,#173,.T.);
#4408=EDGE_CURVE('',#3635,#3636,#1587,.T.);
#4409=EDGE_CURVE('',#3637,#3636,#174,.T.);
#4410=EDGE_CURVE('',#3637,#3638,#1588,.T.);
#4411=EDGE_CURVE('',#3639,#3638,#175,.T.);
#4412=EDGE_CURVE('',#3639,#3640,#1589,.T.);
#4413=EDGE_CURVE('',#3641,#3640,#176,.T.);
#4414=EDGE_CURVE('',#3642,#3641,#1590,.T.);
#4415=EDGE_CURVE('',#3643,#3642,#177,.T.);
#4416=EDGE_CURVE('',#3644,#3643,#1591,.T.);
#4417=EDGE_CURVE('',#3628,#3644,#3621,.T.);
#4418=EDGE_CURVE('',#3631,#3626,#1592,.T.);
#4419=EDGE_CURVE('',#3645,#3646,#1593,.T.);
#4420=EDGE_CURVE('',#3647,#3645,#178,.T.);
#4421=EDGE_CURVE('',#3646,#3647,#1594,.T.);
#4422=EDGE_CURVE('',#3648,#3649,#179,.T.);
#4423=EDGE_CURVE('',#3650,#3648,#1595,.T.);
#4424=EDGE_CURVE('',#3649,#3650,#1596,.T.);
#4425=EDGE_CURVE('',#3651,#3652,#180,.T.);
#4426=EDGE_CURVE('',#3653,#3651,#1597,.T.);
#4427=EDGE_CURVE('',#3652,#3653,#1598,.T.);
#4428=EDGE_CURVE('',#3654,#3655,#181,.T.);
#4429=EDGE_CURVE('',#3656,#3654,#1599,.T.);
#4430=EDGE_CURVE('',#3655,#3656,#1600,.T.);
#4431=EDGE_CURVE('',#3644,#3657,#3622,.T.);
#4432=EDGE_CURVE('',#3657,#3629,#3623,.T.);
#4433=EDGE_CURVE('',#3658,#3659,#1601,.F.);
#4434=EDGE_CURVE('',#3659,#3660,#1602,.T.);
#4435=EDGE_CURVE('',#3660,#3661,#1603,.F.);
#4436=EDGE_CURVE('',#3661,#3658,#1604,.T.);
#4437=EDGE_CURVE('',#3662,#3663,#1605,.F.);
#4438=EDGE_CURVE('',#3663,#3664,#1606,.T.);
#4439=EDGE_CURVE('',#3664,#3665,#1607,.F.);
#4440=EDGE_CURVE('',#3665,#3662,#1608,.T.);
#4441=EDGE_CURVE('',#3666,#3667,#1609,.F.);
#4442=EDGE_CURVE('',#3667,#3668,#1610,.T.);
#4443=EDGE_CURVE('',#3668,#3669,#1611,.F.);
#4444=EDGE_CURVE('',#3669,#3666,#1612,.T.);
#4445=EDGE_CURVE('',#3670,#3671,#1613,.F.);
#4446=EDGE_CURVE('',#3671,#3672,#1614,.T.);
#4447=EDGE_CURVE('',#3672,#3673,#1615,.F.);
#4448=EDGE_CURVE('',#3673,#3670,#1616,.T.);
#4449=EDGE_CURVE('',#3674,#3675,#1617,.F.);
#4450=EDGE_CURVE('',#3675,#3676,#1618,.T.);
#4451=EDGE_CURVE('',#3676,#3677,#1619,.F.);
#4452=EDGE_CURVE('',#3677,#3674,#1620,.T.);
#4453=EDGE_CURVE('',#3678,#3679,#1621,.F.);
#4454=EDGE_CURVE('',#3679,#3680,#1622,.T.);
#4455=EDGE_CURVE('',#3680,#3681,#1623,.F.);
#4456=EDGE_CURVE('',#3681,#3678,#1624,.T.);
#4457=EDGE_CURVE('',#3682,#3683,#1625,.F.);
#4458=EDGE_CURVE('',#3683,#3684,#1626,.T.);
#4459=EDGE_CURVE('',#3684,#3685,#1627,.F.);
#4460=EDGE_CURVE('',#3685,#3682,#1628,.T.);
#4461=EDGE_CURVE('',#3686,#3687,#1629,.F.);
#4462=EDGE_CURVE('',#3687,#3688,#1630,.T.);
#4463=EDGE_CURVE('',#3688,#3689,#1631,.F.);
#4464=EDGE_CURVE('',#3689,#3686,#1632,.T.);
#4465=EDGE_CURVE('',#3690,#3691,#1633,.F.);
#4466=EDGE_CURVE('',#3691,#3692,#1634,.T.);
#4467=EDGE_CURVE('',#3692,#3693,#1635,.F.);
#4468=EDGE_CURVE('',#3693,#3690,#1636,.T.);
#4469=EDGE_CURVE('',#3694,#3695,#1637,.F.);
#4470=EDGE_CURVE('',#3695,#3696,#1638,.T.);
#4471=EDGE_CURVE('',#3696,#3697,#1639,.F.);
#4472=EDGE_CURVE('',#3697,#3694,#1640,.T.);
#4473=EDGE_CURVE('',#3698,#3699,#1641,.F.);
#4474=EDGE_CURVE('',#3699,#3700,#1642,.T.);
#4475=EDGE_CURVE('',#3700,#3701,#1643,.F.);
#4476=EDGE_CURVE('',#3701,#3698,#1644,.T.);
#4477=EDGE_CURVE('',#3702,#3703,#1645,.F.);
#4478=EDGE_CURVE('',#3703,#3704,#1646,.T.);
#4479=EDGE_CURVE('',#3704,#3705,#1647,.F.);
#4480=EDGE_CURVE('',#3705,#3702,#1648,.T.);
#4481=EDGE_CURVE('',#3706,#3707,#1649,.T.);
#4482=EDGE_CURVE('',#3706,#3708,#1650,.T.);
#4483=EDGE_CURVE('',#3709,#3708,#1651,.T.);
#4484=EDGE_CURVE('',#3707,#3709,#1652,.T.);
#4485=EDGE_CURVE('',#3710,#3711,#1653,.T.);
#4486=EDGE_CURVE('',#3710,#3712,#1654,.T.);
#4487=EDGE_CURVE('',#3713,#3712,#1655,.T.);
#4488=EDGE_CURVE('',#3711,#3713,#1656,.T.);
#4489=EDGE_CURVE('',#3714,#3710,#1657,.T.);
#4490=EDGE_CURVE('',#3715,#3714,#1658,.T.);
#4491=EDGE_CURVE('',#3716,#3715,#1659,.T.);
#4492=EDGE_CURVE('',#3716,#3710,#1660,.T.);
#4493=EDGE_CURVE('',#3717,#3718,#1661,.T.);
#4494=EDGE_CURVE('',#3719,#3717,#1662,.T.);
#4495=EDGE_CURVE('',#3720,#3719,#1663,.T.);
#4496=EDGE_CURVE('',#3720,#3718,#1664,.T.);
#4497=EDGE_CURVE('',#3721,#3722,#1665,.T.);
#4498=EDGE_CURVE('',#3721,#3723,#1666,.T.);
#4499=EDGE_CURVE('',#3724,#3723,#1667,.T.);
#4500=EDGE_CURVE('',#3722,#3724,#1668,.T.);
#4501=EDGE_CURVE('',#3725,#3726,#1669,.T.);
#4502=EDGE_CURVE('',#3727,#3725,#1670,.T.);
#4503=EDGE_CURVE('',#3723,#3727,#1671,.T.);
#4504=EDGE_CURVE('',#3723,#3726,#1672,.T.);
#4505=EDGE_CURVE('',#3728,#3729,#1673,.T.);
#4506=EDGE_CURVE('',#3728,#3730,#1674,.T.);
#4507=EDGE_CURVE('',#3731,#3730,#1675,.T.);
#4508=EDGE_CURVE('',#3729,#3731,#1676,.T.);
#4509=EDGE_CURVE('',#3732,#3733,#1677,.T.);
#4510=EDGE_CURVE('',#3732,#3734,#1678,.T.);
#4511=EDGE_CURVE('',#3735,#3734,#1679,.T.);
#4512=EDGE_CURVE('',#3733,#3735,#1680,.T.);
#4513=EDGE_CURVE('',#3736,#3732,#1681,.T.);
#4514=EDGE_CURVE('',#3737,#3736,#1682,.T.);
#4515=EDGE_CURVE('',#3738,#3737,#1683,.T.);
#4516=EDGE_CURVE('',#3738,#3732,#1684,.T.);
#4517=EDGE_CURVE('',#3739,#3710,#1685,.T.);
#4518=EDGE_CURVE('',#3740,#3739,#1686,.T.);
#4519=EDGE_CURVE('',#3740,#3714,#1687,.T.);
#4520=EDGE_CURVE('',#3741,#3711,#1688,.T.);
#4521=EDGE_CURVE('',#3739,#3741,#1689,.T.);
#4522=EDGE_CURVE('',#3742,#3707,#1690,.T.);
#4523=EDGE_CURVE('',#3743,#3742,#1691,.T.);
#4524=EDGE_CURVE('',#3743,#3706,#1692,.T.);
#4525=EDGE_CURVE('',#3744,#3712,#1693,.T.);
#4526=EDGE_CURVE('',#3745,#3744,#1694,.T.);
#4527=EDGE_CURVE('',#3745,#3713,#1695,.T.);
#4528=EDGE_CURVE('',#3746,#3708,#1696,.T.);
#4529=EDGE_CURVE('',#3747,#3746,#1697,.T.);
#4530=EDGE_CURVE('',#3747,#3709,#1698,.T.);
#4531=EDGE_CURVE('',#3704,#3667,#1699,.T.);
#4532=EDGE_CURVE('',#3748,#3666,#1700,.T.);
#4533=EDGE_CURVE('',#3748,#3719,#1701,.T.);
#4534=EDGE_CURVE('',#3749,#3717,#1702,.T.);
#4535=EDGE_CURVE('',#3750,#3749,#1703,.T.);
#4536=EDGE_CURVE('',#3750,#3722,#1704,.T.);
#4537=EDGE_CURVE('',#3751,#3724,#1705,.T.);
#4538=EDGE_CURVE('',#3752,#3751,#1706,.T.);
#4539=EDGE_CURVE('',#3752,#3727,#1707,.T.);
#4540=EDGE_CURVE('',#3753,#3725,#1708,.T.);
#4541=EDGE_CURVE('',#3705,#3753,#1709,.T.);
#4542=EDGE_CURVE('',#3754,#3726,#1710,.T.);
#4543=EDGE_CURVE('',#3753,#3754,#1711,.T.);
#4544=EDGE_CURVE('',#3755,#3718,#1712,.T.);
#4545=EDGE_CURVE('',#3749,#3755,#1713,.T.);
#4546=EDGE_CURVE('',#3756,#3723,#1714,.T.);
#4547=EDGE_CURVE('',#3751,#3756,#1715,.T.);
#4548=EDGE_CURVE('',#3757,#3748,#1716,.T.);
#4549=EDGE_CURVE('',#3757,#3720,#1717,.T.);
#4550=EDGE_CURVE('',#3758,#3732,#1718,.T.);
#4551=EDGE_CURVE('',#3759,#3758,#1719,.T.);
#4552=EDGE_CURVE('',#3759,#3736,#1720,.T.);
#4553=EDGE_CURVE('',#3760,#3734,#1721,.T.);
#4554=EDGE_CURVE('',#3761,#3760,#1722,.T.);
#4555=EDGE_CURVE('',#3761,#3735,#1723,.T.);
#4556=EDGE_CURVE('',#3762,#3729,#1724,.T.);
#4557=EDGE_CURVE('',#3763,#3762,#1725,.T.);
#4558=EDGE_CURVE('',#3763,#3728,#1726,.T.);
#4559=EDGE_CURVE('',#3764,#3737,#1727,.T.);
#4560=EDGE_CURVE('',#3765,#3764,#1728,.T.);
#4561=EDGE_CURVE('',#3765,#3738,#1729,.T.);
#4562=EDGE_CURVE('',#3766,#3767,#1730,.T.);
#4563=EDGE_CURVE('',#3766,#3768,#1731,.T.);
#4564=EDGE_CURVE('',#3769,#3768,#1732,.T.);
#4565=EDGE_CURVE('',#3767,#3769,#1733,.T.);
#4566=EDGE_CURVE('',#3770,#3766,#1734,.T.);
#4567=EDGE_CURVE('',#3771,#3770,#1735,.T.);
#4568=EDGE_CURVE('',#3772,#3771,#1736,.T.);
#4569=EDGE_CURVE('',#3772,#3766,#1737,.T.);
#4570=EDGE_CURVE('',#3773,#3774,#1738,.T.);
#4571=EDGE_CURVE('',#3773,#3775,#1739,.T.);
#4572=EDGE_CURVE('',#3776,#3775,#1740,.T.);
#4573=EDGE_CURVE('',#3774,#3776,#1741,.T.);
#4574=EDGE_CURVE('',#3777,#3778,#1742,.T.);
#4575=EDGE_CURVE('',#3777,#3779,#1743,.T.);
#4576=EDGE_CURVE('',#3780,#3779,#1744,.T.);
#4577=EDGE_CURVE('',#3778,#3780,#1745,.T.);
#4578=EDGE_CURVE('',#3781,#3777,#1746,.T.);
#4579=EDGE_CURVE('',#3782,#3781,#1747,.T.);
#4580=EDGE_CURVE('',#3783,#3782,#1748,.T.);
#4581=EDGE_CURVE('',#3783,#3777,#1749,.T.);
#4582=EDGE_CURVE('',#3784,#3785,#1750,.T.);
#4583=EDGE_CURVE('',#3784,#3786,#1751,.T.);
#4584=EDGE_CURVE('',#3787,#3786,#1752,.T.);
#4585=EDGE_CURVE('',#3785,#3787,#1753,.T.);
#4586=EDGE_CURVE('',#3788,#3789,#1754,.T.);
#4587=EDGE_CURVE('',#3788,#3790,#1755,.T.);
#4588=EDGE_CURVE('',#3791,#3790,#1756,.T.);
#4589=EDGE_CURVE('',#3789,#3791,#1757,.T.);
#4590=EDGE_CURVE('',#3792,#3788,#1758,.T.);
#4591=EDGE_CURVE('',#3793,#3792,#1759,.T.);
#4592=EDGE_CURVE('',#3794,#3793,#1760,.T.);
#4593=EDGE_CURVE('',#3794,#3788,#1761,.T.);
#4594=EDGE_CURVE('',#3795,#3796,#1762,.T.);
#4595=EDGE_CURVE('',#3795,#3797,#1763,.T.);
#4596=EDGE_CURVE('',#3798,#3797,#1764,.T.);
#4597=EDGE_CURVE('',#3796,#3798,#1765,.T.);
#4598=EDGE_CURVE('',#3799,#3686,#1766,.T.);
#4599=EDGE_CURVE('',#3799,#3768,#1767,.T.);
#4600=EDGE_CURVE('',#3800,#3772,#1768,.T.);
#4601=EDGE_CURVE('',#3801,#3800,#1769,.T.);
#4602=EDGE_CURVE('',#3801,#3775,#1770,.T.);
#4603=EDGE_CURVE('',#3802,#3773,#1771,.T.);
#4604=EDGE_CURVE('',#3685,#3802,#1772,.T.);
#4605=EDGE_CURVE('',#3684,#3687,#1773,.T.);
#4606=EDGE_CURVE('',#3803,#3774,#1774,.T.);
#4607=EDGE_CURVE('',#3802,#3803,#1775,.T.);
#4608=EDGE_CURVE('',#3688,#3683,#1776,.T.);
#4609=EDGE_CURVE('',#3803,#3682,#1777,.T.);
#4610=EDGE_CURVE('',#3804,#3776,#1778,.T.);
#4611=EDGE_CURVE('',#3805,#3804,#1779,.T.);
#4612=EDGE_CURVE('',#3805,#3771,#1780,.T.);
#4613=EDGE_CURVE('',#3806,#3770,#1781,.T.);
#4614=EDGE_CURVE('',#3807,#3806,#1782,.T.);
#4615=EDGE_CURVE('',#3807,#3767,#1783,.T.);
#4616=EDGE_CURVE('',#3808,#3769,#1784,.T.);
#4617=EDGE_CURVE('',#3689,#3808,#1785,.T.);
#4618=EDGE_CURVE('',#3809,#3766,#1786,.T.);
#4619=EDGE_CURVE('',#3806,#3809,#1787,.T.);
#4620=EDGE_CURVE('',#3809,#3807,#1788,.T.);
#4621=EDGE_CURVE('',#3804,#3801,#1789,.T.);
#4622=EDGE_CURVE('',#3808,#3799,#1790,.T.);
#4623=EDGE_CURVE('',#3810,#3785,#1791,.T.);
#4624=EDGE_CURVE('',#3811,#3810,#1792,.T.);
#4625=EDGE_CURVE('',#3811,#3784,#1793,.T.);
#4626=EDGE_CURVE('',#3692,#3679,#1794,.T.);
#4627=EDGE_CURVE('',#3810,#3678,#1795,.T.);
#4628=EDGE_CURVE('',#3812,#3787,#1796,.T.);
#4629=EDGE_CURVE('',#3813,#3812,#1797,.T.);
#4630=EDGE_CURVE('',#3813,#3782,#1798,.T.);
#4631=EDGE_CURVE('',#3814,#3781,#1799,.T.);
#4632=EDGE_CURVE('',#3815,#3814,#1800,.T.);
#4633=EDGE_CURVE('',#3815,#3778,#1801,.T.);
#4634=EDGE_CURVE('',#3816,#3780,#1802,.T.);
#4635=EDGE_CURVE('',#3693,#3816,#1803,.T.);
#4636=EDGE_CURVE('',#3817,#3815,#1804,.T.);
#4637=EDGE_CURVE('',#3817,#3777,#1805,.T.);
#4638=EDGE_CURVE('',#3818,#3786,#1806,.T.);
#4639=EDGE_CURVE('',#3812,#3818,#1807,.T.);
#4640=EDGE_CURVE('',#3819,#3779,#1808,.T.);
#4641=EDGE_CURVE('',#3816,#3819,#1809,.T.);
#4642=EDGE_CURVE('',#3820,#3796,#1810,.T.);
#4643=EDGE_CURVE('',#3821,#3820,#1811,.T.);
#4644=EDGE_CURVE('',#3821,#3795,#1812,.T.);
#4645=EDGE_CURVE('',#3696,#3675,#1813,.T.);
#4646=EDGE_CURVE('',#3820,#3674,#1814,.T.);
#4647=EDGE_CURVE('',#3822,#3798,#1815,.T.);
#4648=EDGE_CURVE('',#3823,#3822,#1816,.T.);
#4649=EDGE_CURVE('',#3823,#3793,#1817,.T.);
#4650=EDGE_CURVE('',#3824,#3792,#1818,.T.);
#4651=EDGE_CURVE('',#3825,#3824,#1819,.T.);
#4652=EDGE_CURVE('',#3825,#3789,#1820,.T.);
#4653=EDGE_CURVE('',#3826,#3791,#1821,.T.);
#4654=EDGE_CURVE('',#3697,#3826,#1822,.T.);
#4655=EDGE_CURVE('',#3827,#3825,#1823,.T.);
#4656=EDGE_CURVE('',#3827,#3788,#1824,.T.);
#4657=EDGE_CURVE('',#3828,#3823,#1825,.T.);
#4658=EDGE_CURVE('',#3828,#3794,#1826,.T.);
#4659=EDGE_CURVE('',#3829,#3790,#1827,.T.);
#4660=EDGE_CURVE('',#3826,#3829,#1828,.T.);
#4661=EDGE_CURVE('',#3744,#3698,#1829,.T.);
#4662=EDGE_CURVE('',#3830,#3716,#1830,.T.);
#4663=EDGE_CURVE('',#3746,#3830,#1831,.T.);
#4664=EDGE_CURVE('',#3673,#3743,#1832,.T.);
#4665=EDGE_CURVE('',#3672,#3699,#1833,.T.);
#4666=EDGE_CURVE('',#3831,#3715,#1834,.T.);
#4667=EDGE_CURVE('',#3830,#3831,#1835,.T.);
#4668=EDGE_CURVE('',#3819,#3690,#1836,.T.);
#4669=EDGE_CURVE('',#3832,#3783,#1837,.T.);
#4670=EDGE_CURVE('',#3818,#3832,#1838,.T.);
#4671=EDGE_CURVE('',#3681,#3811,#1839,.T.);
#4672=EDGE_CURVE('',#3680,#3691,#1840,.T.);
#4673=EDGE_CURVE('',#3814,#3817,#1841,.T.);
#4674=EDGE_CURVE('',#3829,#3694,#1842,.T.);
#4675=EDGE_CURVE('',#3833,#3828,#1843,.T.);
#4676=EDGE_CURVE('',#3833,#3797,#1844,.T.);
#4677=EDGE_CURVE('',#3677,#3821,#1845,.T.);
#4678=EDGE_CURVE('',#3676,#3695,#1846,.T.);
#4679=EDGE_CURVE('',#3834,#3730,#1847,.T.);
#4680=EDGE_CURVE('',#3835,#3834,#1848,.T.);
#4681=EDGE_CURVE('',#3835,#3731,#1849,.T.);
#4682=EDGE_CURVE('',#3700,#3671,#1850,.T.);
#4683=EDGE_CURVE('',#3742,#3670,#1851,.T.);
#4684=EDGE_CURVE('',#3831,#3747,#1852,.T.);
#4685=EDGE_CURVE('',#3741,#3740,#1853,.T.);
#4686=EDGE_CURVE('',#3701,#3745,#1854,.T.);
#4687=EDGE_CURVE('',#3754,#3702,#1855,.T.);
#4688=EDGE_CURVE('',#3836,#3721,#1856,.T.);
#4689=EDGE_CURVE('',#3755,#3836,#1857,.T.);
#4690=EDGE_CURVE('',#3669,#3757,#1858,.T.);
#4691=EDGE_CURVE('',#3668,#3703,#1859,.T.);
#4692=EDGE_CURVE('',#3837,#3733,#1860,.T.);
#4693=EDGE_CURVE('',#3758,#3837,#1861,.T.);
#4694=EDGE_CURVE('',#3762,#3662,#1862,.T.);
#4695=EDGE_CURVE('',#3764,#3835,#1863,.T.);
#4696=EDGE_CURVE('',#3837,#3759,#1864,.T.);
#4697=EDGE_CURVE('',#3661,#3761,#1865,.T.);
#4698=EDGE_CURVE('',#3660,#3663,#1866,.T.);
#4699=EDGE_CURVE('',#3664,#3659,#1867,.T.);
#4700=EDGE_CURVE('',#3836,#3750,#1868,.T.);
#4701=EDGE_CURVE('',#3824,#3827,#1869,.T.);
#4702=EDGE_CURVE('',#3832,#3813,#1870,.T.);
#4703=EDGE_CURVE('',#3800,#3805,#1871,.T.);
#4704=EDGE_CURVE('',#3822,#3833,#1872,.T.);
#4705=EDGE_CURVE('',#3756,#3752,#1873,.T.);
#4706=EDGE_CURVE('',#3760,#3658,#1874,.T.);
#4707=EDGE_CURVE('',#3834,#3765,#1875,.T.);
#4708=EDGE_CURVE('',#3665,#3763,#1876,.T.);
#4709=EDGE_CURVE('',#3838,#3839,#1877,.T.);
#4710=EDGE_CURVE('',#3838,#3840,#1878,.T.);
#4711=EDGE_CURVE('',#3840,#3841,#1879,.T.);
#4712=EDGE_CURVE('',#3839,#3841,#1880,.T.);
#4713=EDGE_CURVE('',#3842,#3838,#1881,.T.);
#4714=EDGE_CURVE('',#3842,#3843,#1882,.T.);
#4715=EDGE_CURVE('',#3843,#3840,#1883,.T.);
#4716=EDGE_CURVE('',#3844,#3843,#1884,.T.);
#4717=EDGE_CURVE('',#3841,#3844,#1885,.T.);
#4718=EDGE_CURVE('',#3624,#3845,#1886,.T.);
#4719=EDGE_CURVE('',#3845,#3846,#182,.T.);
#4720=EDGE_CURVE('',#3846,#3847,#1887,.T.);
#4721=EDGE_CURVE('',#3847,#3848,#1888,.T.);
#4722=EDGE_CURVE('',#3848,#3849,#1889,.T.);
#4723=EDGE_CURVE('',#3849,#3850,#183,.T.);
#4724=EDGE_CURVE('',#3850,#3851,#1890,.T.);
#4725=EDGE_CURVE('',#3851,#3852,#1891,.T.);
#4726=EDGE_CURVE('',#3852,#3853,#1892,.T.);
#4727=EDGE_CURVE('',#3853,#3854,#184,.T.);
#4728=EDGE_CURVE('',#3854,#3855,#1893,.T.);
#4729=EDGE_CURVE('',#3855,#3856,#185,.T.);
#4730=EDGE_CURVE('',#3856,#3857,#1894,.T.);
#4731=EDGE_CURVE('',#3857,#3858,#1895,.T.);
#4732=EDGE_CURVE('',#3858,#3859,#1896,.T.);
#4733=EDGE_CURVE('',#3859,#3860,#186,.T.);
#4734=EDGE_CURVE('',#3860,#3861,#1897,.T.);
#4735=EDGE_CURVE('',#3861,#3862,#1898,.T.);
#4736=EDGE_CURVE('',#3862,#3863,#1899,.T.);
#4737=EDGE_CURVE('',#3863,#3864,#187,.T.);
#4738=EDGE_CURVE('',#3864,#3865,#1900,.T.);
#4739=EDGE_CURVE('',#3865,#3866,#1901,.T.);
#4740=EDGE_CURVE('',#3866,#3867,#1902,.T.);
#4741=EDGE_CURVE('',#3867,#3842,#1903,.T.);
#4742=EDGE_CURVE('',#3839,#3868,#1904,.T.);
#4743=EDGE_CURVE('',#3868,#3869,#1905,.T.);
#4744=EDGE_CURVE('',#3869,#3870,#1906,.T.);
#4745=EDGE_CURVE('',#3870,#3871,#1907,.T.);
#4746=EDGE_CURVE('',#3871,#3872,#1908,.T.);
#4747=EDGE_CURVE('',#3872,#3631,#1909,.T.);
#4748=EDGE_CURVE('',#3873,#3873,#188,.T.);
#4749=EDGE_CURVE('',#3874,#3875,#1910,.T.);
#4750=EDGE_CURVE('',#3875,#3876,#189,.T.);
#4751=EDGE_CURVE('',#3876,#3877,#1911,.T.);
#4752=EDGE_CURVE('',#3877,#3878,#1912,.T.);
#4753=EDGE_CURVE('',#3878,#3879,#1913,.T.);
#4754=EDGE_CURVE('',#3879,#3880,#190,.T.);
#4755=EDGE_CURVE('',#3880,#3881,#1914,.T.);
#4756=EDGE_CURVE('',#3881,#3882,#1915,.T.);
#4757=EDGE_CURVE('',#3882,#3883,#1916,.T.);
#4758=EDGE_CURVE('',#3883,#3884,#191,.T.);
#4759=EDGE_CURVE('',#3884,#3885,#1917,.T.);
#4760=EDGE_CURVE('',#3885,#3886,#1918,.T.);
#4761=EDGE_CURVE('',#3886,#3887,#1919,.T.);
#4762=EDGE_CURVE('',#3887,#3888,#192,.T.);
#4763=EDGE_CURVE('',#3888,#3889,#1920,.T.);
#4764=EDGE_CURVE('',#3889,#3890,#193,.T.);
#4765=EDGE_CURVE('',#3890,#3891,#1921,.T.);
#4766=EDGE_CURVE('',#3891,#3892,#1922,.T.);
#4767=EDGE_CURVE('',#3892,#3893,#1923,.T.);
#4768=EDGE_CURVE('',#3893,#3894,#194,.T.);
#4769=EDGE_CURVE('',#3894,#3895,#1924,.T.);
#4770=EDGE_CURVE('',#3895,#3896,#1925,.T.);
#4771=EDGE_CURVE('',#3896,#3897,#1926,.T.);
#4772=EDGE_CURVE('',#3897,#3898,#195,.T.);
#4773=EDGE_CURVE('',#3898,#3899,#1927,.T.);
#4774=EDGE_CURVE('',#3899,#3900,#1928,.T.);
#4775=EDGE_CURVE('',#3900,#3901,#1929,.T.);
#4776=EDGE_CURVE('',#3901,#3874,#196,.T.);
#4777=EDGE_CURVE('',#3902,#3903,#197,.T.);
#4778=EDGE_CURVE('',#3903,#3643,#1930,.T.);
#4779=EDGE_CURVE('',#3642,#3902,#1931,.T.);
#4780=EDGE_CURVE('',#3657,#3903,#1932,.T.);
#4781=EDGE_CURVE('',#3902,#3904,#1933,.T.);
#4782=EDGE_CURVE('',#3905,#3904,#198,.T.);
#4783=EDGE_CURVE('',#3905,#3906,#1934,.T.);
#4784=EDGE_CURVE('',#3907,#3906,#199,.T.);
#4785=EDGE_CURVE('',#3907,#3908,#1935,.T.);
#4786=EDGE_CURVE('',#3908,#3909,#200,.F.);
#4787=EDGE_CURVE('',#3909,#3910,#1936,.T.);
#4788=EDGE_CURVE('',#3911,#3910,#201,.T.);
#4789=EDGE_CURVE('',#3911,#3912,#1937,.T.);
#4790=EDGE_CURVE('',#3913,#3912,#202,.T.);
#4791=EDGE_CURVE('',#3913,#3914,#1938,.T.);
#4792=EDGE_CURVE('',#3914,#3915,#1939,.T.);
#4793=EDGE_CURVE('',#3916,#3915,#1940,.T.);
#4794=EDGE_CURVE('',#3865,#3916,#1941,.T.);
#4795=EDGE_CURVE('',#3845,#3864,#1942,.T.);
#4796=EDGE_CURVE('',#3917,#3918,#203,.T.);
#4797=EDGE_CURVE('',#3918,#3919,#1943,.T.);
#4798=EDGE_CURVE('',#3919,#3917,#1944,.T.);
#4799=EDGE_CURVE('',#3920,#3921,#204,.T.);
#4800=EDGE_CURVE('',#3921,#3922,#1945,.T.);
#4801=EDGE_CURVE('',#3922,#3920,#1946,.T.);
#4802=EDGE_CURVE('',#3923,#3924,#205,.T.);
#4803=EDGE_CURVE('',#3924,#3925,#1947,.T.);
#4804=EDGE_CURVE('',#3925,#3923,#1948,.T.);
#4805=EDGE_CURVE('',#3926,#3927,#1949,.T.);
#4806=EDGE_CURVE('',#3927,#3928,#206,.T.);
#4807=EDGE_CURVE('',#3928,#3926,#1950,.T.);
#4808=EDGE_CURVE('',#3904,#3641,#1951,.T.);
#4809=EDGE_CURVE('',#3929,#3930,#1952,.T.);
#4810=EDGE_CURVE('',#3931,#3929,#1953,.T.);
#4811=EDGE_CURVE('',#3932,#3931,#1954,.T.);
#4812=EDGE_CURVE('',#3932,#3930,#1955,.T.);
#4813=EDGE_CURVE('',#3930,#3933,#1956,.T.);
#4814=EDGE_CURVE('',#3933,#3934,#1957,.T.);
#4815=EDGE_CURVE('',#3934,#3929,#1958,.T.);
#4816=EDGE_CURVE('',#3931,#3935,#1959,.T.);
#4817=EDGE_CURVE('',#3935,#3936,#1960,.T.);
#4818=EDGE_CURVE('',#3936,#3932,#1961,.T.);
#4819=EDGE_CURVE('',#3875,#3934,#1962,.T.);
#4820=EDGE_CURVE('',#3874,#3935,#1963,.T.);
#4821=EDGE_CURVE('',#3889,#3936,#1964,.T.);
#4822=EDGE_CURVE('',#3888,#3933,#1965,.T.);
#4823=EDGE_CURVE('',#3933,#3937,#207,.T.);
#4824=EDGE_CURVE('',#3937,#3938,#1966,.T.);
#4825=EDGE_CURVE('',#3939,#3938,#1967,.T.);
#4826=EDGE_CURVE('',#3939,#3940,#1968,.T.);
#4827=EDGE_CURVE('',#3940,#3941,#208,.T.);
#4828=EDGE_CURVE('',#3941,#3942,#1969,.T.);
#4829=EDGE_CURVE('',#3943,#3942,#1970,.T.);
#4830=EDGE_CURVE('',#3943,#3944,#1971,.T.);
#4831=EDGE_CURVE('',#3944,#3945,#209,.T.);
#4832=EDGE_CURVE('',#3945,#3946,#1972,.T.);
#4833=EDGE_CURVE('',#3947,#3946,#1973,.T.);
#4834=EDGE_CURVE('',#3947,#3948,#1974,.T.);
#4835=EDGE_CURVE('',#3948,#3934,#210,.T.);
#4836=EDGE_CURVE('',#3949,#3949,#211,.T.);
#4837=EDGE_CURVE('',#3950,#3950,#212,.T.);
#4838=EDGE_CURVE('',#3950,#3951,#1975,.T.);
#4839=EDGE_CURVE('',#3951,#3951,#213,.T.);
#4840=EDGE_CURVE('',#3952,#3952,#214,.T.);
#4841=EDGE_CURVE('',#3952,#3953,#1976,.T.);
#4842=EDGE_CURVE('',#3953,#3953,#215,.T.);
#4843=EDGE_CURVE('',#3954,#3954,#216,.T.);
#4844=EDGE_CURVE('',#3954,#3955,#1977,.T.);
#4845=EDGE_CURVE('',#3955,#3955,#217,.T.);
#4846=EDGE_CURVE('',#3956,#3956,#218,.T.);
#4847=EDGE_CURVE('',#3956,#3957,#1978,.T.);
#4848=EDGE_CURVE('',#3957,#3957,#219,.T.);
#4849=EDGE_CURVE('',#3958,#3959,#220,.T.);
#4850=EDGE_CURVE('',#3959,#3960,#1979,.T.);
#4851=EDGE_CURVE('',#3960,#3961,#221,.T.);
#4852=EDGE_CURVE('',#3961,#3962,#1980,.T.);
#4853=EDGE_CURVE('',#3962,#3963,#222,.T.);
#4854=EDGE_CURVE('',#3963,#3958,#1981,.T.);
#4855=EDGE_CURVE('',#3961,#3964,#1982,.T.);
#4856=EDGE_CURVE('',#3964,#3965,#1983,.T.);
#4857=EDGE_CURVE('',#3962,#3965,#1984,.T.);
#4858=EDGE_CURVE('',#3966,#3960,#1985,.F.);
#4859=EDGE_CURVE('',#3967,#3966,#1986,.T.);
#4860=EDGE_CURVE('',#3967,#3964,#1987,.T.);
#4861=EDGE_CURVE('',#3968,#3959,#1988,.T.);
#4862=EDGE_CURVE('',#3915,#3968,#1989,.F.);
#4863=EDGE_CURVE('',#3969,#3914,#1990,.T.);
#4864=EDGE_CURVE('',#3970,#3969,#1991,.T.);
#4865=EDGE_CURVE('',#3970,#3966,#1992,.F.);
#4866=EDGE_CURVE('',#3963,#3971,#1993,.T.);
#4867=EDGE_CURVE('',#3972,#3971,#1994,.T.);
#4868=EDGE_CURVE('',#3972,#3958,#1995,.T.);
#4869=EDGE_CURVE('',#3973,#3974,#223,.T.);
#4870=EDGE_CURVE('',#3974,#3975,#1996,.T.);
#4871=EDGE_CURVE('',#3975,#3976,#224,.T.);
#4872=EDGE_CURVE('',#3976,#3973,#1997,.T.);
#4873=EDGE_CURVE('',#3975,#3977,#1998,.F.);
#4874=EDGE_CURVE('',#3978,#3977,#225,.T.);
#4875=EDGE_CURVE('',#3978,#3979,#1999,.T.);
#4876=EDGE_CURVE('',#3980,#3979,#226,.T.);
#4877=EDGE_CURVE('',#3980,#3981,#2000,.T.);
#4878=EDGE_CURVE('',#3982,#3981,#2001,.T.);
#4879=EDGE_CURVE('',#3982,#3976,#2002,.F.);
#4880=EDGE_CURVE('',#3983,#3984,#227,.T.);
#4881=EDGE_CURVE('',#3984,#3985,#2003,.T.);
#4882=EDGE_CURVE('',#3985,#3983,#2004,.T.);
#4883=EDGE_CURVE('',#3986,#3987,#228,.T.);
#4884=EDGE_CURVE('',#3987,#3988,#2005,.T.);
#4885=EDGE_CURVE('',#3988,#3986,#2006,.T.);
#4886=EDGE_CURVE('',#3974,#3989,#2007,.T.);
#4887=EDGE_CURVE('',#3977,#3989,#2008,.T.);
#4888=EDGE_CURVE('',#3990,#3982,#2009,.T.);
#4889=EDGE_CURVE('',#3990,#3973,#2010,.T.);
#4890=EDGE_CURVE('',#3991,#3972,#229,.T.);
#4891=EDGE_CURVE('',#3992,#3991,#2011,.T.);
#4892=EDGE_CURVE('',#3993,#3992,#230,.T.);
#4893=EDGE_CURVE('',#3993,#3994,#2012,.T.);
#4894=EDGE_CURVE('',#3995,#3994,#231,.T.);
#4895=EDGE_CURVE('',#3995,#3996,#2013,.T.);
#4896=EDGE_CURVE('',#3989,#3996,#232,.T.);
#4897=EDGE_CURVE('',#3968,#3990,#2014,.T.);
#4898=EDGE_CURVE('',#3997,#3998,#233,.T.);
#4899=EDGE_CURVE('',#3998,#3999,#2015,.T.);
#4900=EDGE_CURVE('',#3999,#3997,#2016,.T.);
#4901=EDGE_CURVE('',#4000,#4001,#234,.T.);
#4902=EDGE_CURVE('',#4001,#4002,#2017,.T.);
#4903=EDGE_CURVE('',#4002,#4000,#2018,.T.);
#4904=EDGE_CURVE('',#4003,#4004,#235,.T.);
#4905=EDGE_CURVE('',#4004,#4005,#2019,.T.);
#4906=EDGE_CURVE('',#4005,#4003,#2020,.T.);
#4907=EDGE_CURVE('',#4006,#4007,#236,.T.);
#4908=EDGE_CURVE('',#4007,#4008,#2021,.T.);
#4909=EDGE_CURVE('',#4008,#4006,#2022,.T.);
#4910=EDGE_CURVE('',#3996,#3978,#2023,.T.);
#4911=EDGE_CURVE('',#3971,#4009,#237,.T.);
#4912=EDGE_CURVE('',#4009,#3991,#2024,.T.);
#4913=EDGE_CURVE('',#4010,#3844,#2025,.T.);
#4914=EDGE_CURVE('',#4011,#4010,#2026,.T.);
#4915=EDGE_CURVE('',#4012,#4011,#238,.T.);
#4916=EDGE_CURVE('',#4012,#4009,#2027,.T.);
#4917=EDGE_CURVE('',#3868,#3965,#2028,.T.);
#4918=EDGE_CURVE('',#4013,#4014,#239,.T.);
#4919=EDGE_CURVE('',#4014,#4015,#2029,.T.);
#4920=EDGE_CURVE('',#4015,#4013,#2030,.T.);
#4921=EDGE_CURVE('',#4016,#4017,#240,.T.);
#4922=EDGE_CURVE('',#4017,#4018,#2031,.T.);
#4923=EDGE_CURVE('',#4018,#4016,#2032,.T.);
#4924=EDGE_CURVE('',#3979,#3995,#2033,.T.);
#4925=EDGE_CURVE('',#3992,#4012,#2034,.T.);
#4926=EDGE_CURVE('',#3981,#3916,#2035,.T.);
#4927=EDGE_CURVE('',#4019,#4019,#241,.T.);
#4928=EDGE_CURVE('',#4019,#3873,#2036,.T.);
#4929=EDGE_CURVE('',#4011,#3993,#2037,.T.);
#4930=EDGE_CURVE('',#4020,#4010,#2038,.T.);
#4931=EDGE_CURVE('',#4020,#4021,#2039,.T.);
#4932=EDGE_CURVE('',#4022,#4021,#2040,.T.);
#4933=EDGE_CURVE('',#4023,#4022,#2041,.T.);
#4934=EDGE_CURVE('',#4024,#4023,#2042,.T.);
#4935=EDGE_CURVE('',#4025,#4024,#2043,.T.);
#4936=EDGE_CURVE('',#4026,#4025,#2044,.T.);
#4937=EDGE_CURVE('',#4027,#4026,#2045,.T.);
#4938=EDGE_CURVE('',#4028,#4027,#2046,.T.);
#4939=EDGE_CURVE('',#4028,#4029,#2047,.T.);
#4940=EDGE_CURVE('',#4029,#3980,#2048,.T.);
#4941=EDGE_CURVE('',#3994,#3980,#2049,.T.);
#4942=EDGE_CURVE('',#3970,#4030,#2050,.T.);
#4943=EDGE_CURVE('',#4031,#3969,#2051,.T.);
#4944=EDGE_CURVE('',#4030,#4031,#2052,.T.);
#4945=EDGE_CURVE('',#4030,#3967,#2053,.F.);
#4946=EDGE_CURVE('',#4032,#4032,#242,.T.);
#4947=EDGE_CURVE('',#4033,#4033,#243,.T.);
#4948=EDGE_CURVE('',#4034,#4034,#244,.T.);
#4949=EDGE_CURVE('',#3908,#3637,#2054,.T.);
#4950=EDGE_CURVE('',#3636,#3909,#2055,.T.);
#4951=EDGE_CURVE('',#3910,#3635,#2056,.T.);
#4952=EDGE_CURVE('',#3634,#3911,#2057,.T.);
#4953=EDGE_CURVE('',#3906,#3639,#2058,.T.);
#4954=EDGE_CURVE('',#3638,#3907,#2059,.T.);
#4955=EDGE_CURVE('',#3640,#3905,#2060,.T.);
#4956=EDGE_CURVE('',#3632,#3913,#2061,.T.);
#4957=EDGE_CURVE('',#3912,#3633,#2062,.T.);
#4958=EDGE_CURVE('',#3630,#4031,#2063,.T.);
#4959=EDGE_CURVE('',#3925,#3656,#2064,.T.);
#4960=EDGE_CURVE('',#3655,#3924,#2065,.T.);
#4961=EDGE_CURVE('',#3922,#3653,#2066,.T.);
#4962=EDGE_CURVE('',#3652,#3921,#2067,.T.);
#4963=EDGE_CURVE('',#3919,#3650,#2068,.T.);
#4964=EDGE_CURVE('',#3649,#3918,#2069,.T.);
#4965=EDGE_CURVE('',#3647,#3927,#2070,.T.);
#4966=EDGE_CURVE('',#3926,#3646,#2071,.T.);
#4967=EDGE_CURVE('',#3917,#3648,#2072,.T.);
#4968=EDGE_CURVE('',#3920,#3651,#2073,.T.);
#4969=EDGE_CURVE('',#3923,#3654,#2074,.T.);
#4970=EDGE_CURVE('',#3928,#3645,#2075,.T.);
#4971=EDGE_CURVE('',#4032,#4035,#2076,.T.);
#4972=EDGE_CURVE('',#4035,#4035,#245,.T.);
#4973=EDGE_CURVE('',#4033,#4036,#2077,.T.);
#4974=EDGE_CURVE('',#4036,#4036,#246,.T.);
#4975=EDGE_CURVE('',#4034,#4037,#2078,.T.);
#4976=EDGE_CURVE('',#4037,#4037,#247,.T.);
#4977=EDGE_CURVE('',#4038,#4038,#248,.T.);
#4978=EDGE_CURVE('',#4038,#4039,#2079,.T.);
#4979=EDGE_CURVE('',#4039,#4039,#249,.T.);
#4980=EDGE_CURVE('',#4040,#4040,#250,.T.);
#4981=EDGE_CURVE('',#4040,#4041,#2080,.T.);
#4982=EDGE_CURVE('',#4041,#4041,#251,.T.);
#4983=EDGE_CURVE('',#4042,#4042,#252,.T.);
#4984=EDGE_CURVE('',#4042,#4043,#2081,.T.);
#4985=EDGE_CURVE('',#4043,#4043,#253,.T.);
#4986=EDGE_CURVE('',#4044,#4044,#254,.T.);
#4987=EDGE_CURVE('',#4044,#4045,#2082,.T.);
#4988=EDGE_CURVE('',#4045,#4045,#255,.T.);
#4989=EDGE_CURVE('',#4046,#4046,#256,.T.);
#4990=EDGE_CURVE('',#4046,#4047,#2083,.T.);
#4991=EDGE_CURVE('',#4047,#4047,#257,.T.);
#4992=EDGE_CURVE('',#4048,#4048,#258,.T.);
#4993=EDGE_CURVE('',#4048,#4049,#2084,.T.);
#4994=EDGE_CURVE('',#4049,#4049,#259,.T.);
#4995=EDGE_CURVE('',#4050,#4050,#260,.T.);
#4996=EDGE_CURVE('',#4050,#4051,#2085,.T.);
#4997=EDGE_CURVE('',#4051,#4051,#261,.T.);
#4998=EDGE_CURVE('',#4052,#4052,#262,.T.);
#4999=EDGE_CURVE('',#4052,#4053,#2086,.T.);
#5000=EDGE_CURVE('',#4053,#4053,#263,.T.);
#5001=EDGE_CURVE('',#4003,#3984,#2087,.T.);
#5002=EDGE_CURVE('',#4004,#3983,#2088,.T.);
#5003=EDGE_CURVE('',#4005,#3985,#2089,.T.);
#5004=EDGE_CURVE('',#4008,#4015,#2090,.T.);
#5005=EDGE_CURVE('',#4006,#4014,#2091,.T.);
#5006=EDGE_CURVE('',#4007,#4013,#2092,.T.);
#5007=EDGE_CURVE('',#4000,#4017,#2093,.T.);
#5008=EDGE_CURVE('',#4001,#4016,#2094,.T.);
#5009=EDGE_CURVE('',#4002,#4018,#2095,.T.);
#5010=EDGE_CURVE('',#3999,#3988,#2096,.T.);
#5011=EDGE_CURVE('',#3997,#3987,#2097,.T.);
#5012=EDGE_CURVE('',#3998,#3986,#2098,.T.);
#5013=EDGE_CURVE('',#3872,#4054,#2099,.T.);
#5014=EDGE_CURVE('',#4054,#4055,#2100,.T.);
#5015=EDGE_CURVE('',#4055,#3869,#2101,.T.);
#5016=EDGE_CURVE('',#3867,#4020,#2102,.T.);
#5017=EDGE_CURVE('',#4029,#3866,#2103,.T.);
#5018=EDGE_CURVE('',#4028,#4056,#2104,.T.);
#5019=EDGE_CURVE('',#4056,#4057,#2105,.T.);
#5020=EDGE_CURVE('',#4057,#4058,#2106,.T.);
#5021=EDGE_CURVE('',#4058,#4059,#2107,.T.);
#5022=EDGE_CURVE('',#4059,#4060,#2108,.T.);
#5023=EDGE_CURVE('',#4060,#4061,#2109,.T.);
#5024=EDGE_CURVE('',#4061,#4062,#2110,.T.);
#5025=EDGE_CURVE('',#4062,#4063,#2111,.T.);
#5026=EDGE_CURVE('',#4063,#4025,#2112,.T.);
#5027=EDGE_CURVE('',#4024,#4064,#2113,.T.);
#5028=EDGE_CURVE('',#4064,#4065,#2114,.T.);
#5029=EDGE_CURVE('',#4066,#4065,#2115,.T.);
#5030=EDGE_CURVE('',#4067,#4066,#2116,.T.);
#5031=EDGE_CURVE('',#4067,#4068,#2117,.T.);
#5032=EDGE_CURVE('',#4069,#4068,#2118,.T.);
#5033=EDGE_CURVE('',#4070,#4069,#2119,.T.);
#5034=EDGE_CURVE('',#4070,#4071,#2120,.T.);
#5035=EDGE_CURVE('',#4071,#4021,#2121,.T.);
#5036=EDGE_CURVE('',#4071,#4072,#2122,.T.);
#5037=EDGE_CURVE('',#4072,#4022,#2123,.F.);
#5038=EDGE_CURVE('',#4073,#4070,#2124,.F.);
#5039=EDGE_CURVE('',#4073,#4074,#2125,.T.);
#5040=EDGE_CURVE('',#4074,#4075,#2126,.T.);
#5041=EDGE_CURVE('',#4075,#4076,#2127,.T.);
#5042=EDGE_CURVE('',#4076,#4072,#2128,.T.);
#5043=EDGE_CURVE('',#4067,#4077,#2129,.T.);
#5044=EDGE_CURVE('',#4078,#4077,#2130,.T.);
#5045=EDGE_CURVE('',#4079,#4078,#2131,.T.);
#5046=EDGE_CURVE('',#4079,#4080,#2132,.T.);
#5047=EDGE_CURVE('',#4068,#4080,#2133,.F.);
#5048=EDGE_CURVE('',#4023,#4081,#2134,.F.);
#5049=EDGE_CURVE('',#4081,#4064,#2135,.T.);
#5050=EDGE_CURVE('',#4081,#4082,#2136,.T.);
#5051=EDGE_CURVE('',#4082,#4083,#2137,.T.);
#5052=EDGE_CURVE('',#4083,#4084,#2138,.T.);
#5053=EDGE_CURVE('',#4084,#4085,#2139,.T.);
#5054=EDGE_CURVE('',#4065,#4085,#2140,.F.);
#5055=EDGE_CURVE('',#4063,#4086,#2141,.T.);
#5056=EDGE_CURVE('',#4086,#4026,#2142,.F.);
#5057=EDGE_CURVE('',#4027,#4087,#2143,.F.);
#5058=EDGE_CURVE('',#4087,#4056,#2144,.T.);
#5059=EDGE_CURVE('',#4088,#4087,#2145,.T.);
#5060=EDGE_CURVE('',#4089,#4088,#2146,.T.);
#5061=EDGE_CURVE('',#4090,#4089,#2147,.T.);
#5062=EDGE_CURVE('',#4091,#4090,#2148,.T.);
#5063=EDGE_CURVE('',#4091,#4057,#2149,.F.);
#5064=EDGE_CURVE('',#4076,#4092,#2150,.T.);
#5065=EDGE_CURVE('',#4093,#4092,#2151,.T.);
#5066=EDGE_CURVE('',#4093,#4082,#2152,.T.);
#5067=EDGE_CURVE('',#4094,#4095,#2153,.T.);
#5068=EDGE_CURVE('',#4095,#4096,#2154,.T.);
#5069=EDGE_CURVE('',#4097,#4096,#2155,.T.);
#5070=EDGE_CURVE('',#4094,#4097,#2156,.T.);
#5071=EDGE_CURVE('',#4098,#4094,#2157,.T.);
#5072=EDGE_CURVE('',#4099,#4097,#2158,.T.);
#5073=EDGE_CURVE('',#4098,#4099,#2159,.T.);
#5074=EDGE_CURVE('',#4096,#4100,#2160,.T.);
#5075=EDGE_CURVE('',#4099,#4100,#2161,.T.);
#5076=EDGE_CURVE('',#4101,#4102,#2162,.T.);
#5077=EDGE_CURVE('',#4103,#4102,#2163,.T.);
#5078=EDGE_CURVE('',#4104,#4103,#2164,.T.);
#5079=EDGE_CURVE('',#4104,#4101,#2165,.T.);
#5080=EDGE_CURVE('',#4105,#4106,#2166,.T.);
#5081=EDGE_CURVE('',#4106,#4107,#2167,.T.);
#5082=EDGE_CURVE('',#4102,#4107,#2168,.T.);
#5083=EDGE_CURVE('',#4101,#4105,#2169,.T.);
#5084=EDGE_CURVE('',#4104,#4108,#2170,.T.);
#5085=EDGE_CURVE('',#4105,#4108,#2171,.T.);
#5086=EDGE_CURVE('',#4095,#4109,#2172,.T.);
#5087=EDGE_CURVE('',#4110,#4109,#2173,.T.);
#5088=EDGE_CURVE('',#4111,#4110,#2174,.T.);
#5089=EDGE_CURVE('',#4111,#4112,#2175,.T.);
#5090=EDGE_CURVE('',#4100,#4112,#2176,.T.);
#5091=EDGE_CURVE('',#4109,#4058,#2177,.T.);
#5092=EDGE_CURVE('',#4113,#4098,#2178,.T.);
#5093=EDGE_CURVE('',#4059,#4113,#2179,.F.);
#5094=EDGE_CURVE('',#4112,#4108,#2180,.T.);
#5095=EDGE_CURVE('',#4114,#4103,#2181,.T.);
#5096=EDGE_CURVE('',#4115,#4114,#2182,.T.);
#5097=EDGE_CURVE('',#4115,#4113,#2183,.T.);
#5098=EDGE_CURVE('',#4088,#4107,#2184,.T.);
#5099=EDGE_CURVE('',#4106,#4089,#2185,.T.);
#5100=EDGE_CURVE('',#4111,#4090,#2186,.T.);
#5101=EDGE_CURVE('',#4110,#4091,#2187,.T.);
#5102=EDGE_CURVE('',#4116,#4115,#2188,.T.);
#5103=EDGE_CURVE('',#4116,#4117,#2189,.T.);
#5104=EDGE_CURVE('',#4060,#4117,#2190,.T.);
#5105=EDGE_CURVE('',#4114,#4118,#2191,.T.);
#5106=EDGE_CURVE('',#4119,#4107,#2192,.T.);
#5107=EDGE_CURVE('',#4120,#4119,#2193,.T.);
#5108=EDGE_CURVE('',#4121,#4120,#2194,.T.);
#5109=EDGE_CURVE('',#4118,#4121,#2195,.T.);
#5110=EDGE_CURVE('',#4086,#4122,#2196,.T.);
#5111=EDGE_CURVE('',#4119,#4122,#2197,.T.);
#5112=EDGE_CURVE('',#4062,#4123,#2198,.F.);
#5113=EDGE_CURVE('',#4124,#4123,#2199,.T.);
#5114=EDGE_CURVE('',#4125,#4124,#2200,.T.);
#5115=EDGE_CURVE('',#4122,#4125,#2201,.T.);
#5116=EDGE_CURVE('',#4126,#4127,#2202,.T.);
#5117=EDGE_CURVE('',#4128,#4127,#2203,.T.);
#5118=EDGE_CURVE('',#4129,#4128,#2204,.T.);
#5119=EDGE_CURVE('',#4129,#4126,#2205,.T.);
#5120=EDGE_CURVE('',#4130,#4129,#2206,.T.);
#5121=EDGE_CURVE('',#4131,#4128,#2207,.T.);
#5122=EDGE_CURVE('',#4131,#4130,#2208,.T.);
#5123=EDGE_CURVE('',#4127,#4132,#2209,.T.);
#5124=EDGE_CURVE('',#4132,#4131,#2210,.T.);
#5125=EDGE_CURVE('',#4120,#4133,#2211,.T.);
#5126=EDGE_CURVE('',#4134,#4133,#2212,.T.);
#5127=EDGE_CURVE('',#4134,#4121,#2213,.T.);
#5128=EDGE_CURVE('',#4135,#4126,#2214,.T.);
#5129=EDGE_CURVE('',#4061,#4135,#2215,.T.);
#5130=EDGE_CURVE('',#4132,#4117,#2216,.T.);
#5131=EDGE_CURVE('',#4136,#4130,#2217,.T.);
#5132=EDGE_CURVE('',#4137,#4136,#2218,.F.);
#5133=EDGE_CURVE('',#4138,#4137,#2219,.T.);
#5134=EDGE_CURVE('',#4135,#4138,#2220,.T.);
#5135=EDGE_CURVE('',#4118,#4116,#2221,.T.);
#5136=EDGE_CURVE('',#4134,#4139,#2222,.T.);
#5137=EDGE_CURVE('',#4139,#4136,#2223,.T.);
#5138=EDGE_CURVE('',#4140,#4133,#2224,.T.);
#5139=EDGE_CURVE('',#4139,#4140,#2225,.T.);
#5140=EDGE_CURVE('',#4119,#4141,#2226,.T.);
#5141=EDGE_CURVE('',#4140,#4141,#2227,.T.);
#5142=EDGE_CURVE('',#4123,#4138,#2228,.T.);
#5143=EDGE_CURVE('',#4124,#4137,#2229,.T.);
#5144=EDGE_CURVE('',#4141,#4125,#2230,.T.);
#5145=EDGE_CURVE('',#4142,#4143,#2231,.T.);
#5146=EDGE_CURVE('',#4144,#4142,#2232,.T.);
#5147=EDGE_CURVE('',#4144,#4145,#2233,.T.);
#5148=EDGE_CURVE('',#4145,#4143,#2234,.T.);
#5149=EDGE_CURVE('',#4146,#4144,#2235,.T.);
#5150=EDGE_CURVE('',#4147,#4146,#2236,.T.);
#5151=EDGE_CURVE('',#4147,#4145,#2237,.T.);
#5152=EDGE_CURVE('',#4143,#4148,#2238,.T.);
#5153=EDGE_CURVE('',#4148,#4147,#2239,.T.);
#5154=EDGE_CURVE('',#4149,#4150,#2240,.T.);
#5155=EDGE_CURVE('',#4151,#4149,#2241,.T.);
#5156=EDGE_CURVE('',#4152,#4151,#2242,.T.);
#5157=EDGE_CURVE('',#4152,#4150,#2243,.T.);
#5158=EDGE_CURVE('',#4153,#4142,#2244,.T.);
#5159=EDGE_CURVE('',#4148,#4077,#2245,.T.);
#5160=EDGE_CURVE('',#4066,#4153,#2246,.T.);
#5161=EDGE_CURVE('',#4153,#4154,#2247,.T.);
#5162=EDGE_CURVE('',#4154,#4155,#2248,.T.);
#5163=EDGE_CURVE('',#4155,#4156,#2249,.F.);
#5164=EDGE_CURVE('',#4156,#4146,#2250,.T.);
#5165=EDGE_CURVE('',#4157,#4156,#2251,.T.);
#5166=EDGE_CURVE('',#4152,#4157,#2252,.T.);
#5167=EDGE_CURVE('',#4158,#4151,#2253,.T.);
#5168=EDGE_CURVE('',#4078,#4158,#2254,.T.);
#5169=EDGE_CURVE('',#4157,#4159,#2255,.T.);
#5170=EDGE_CURVE('',#4159,#4150,#2256,.T.);
#5171=EDGE_CURVE('',#4149,#4093,#2257,.T.);
#5172=EDGE_CURVE('',#4159,#4160,#2258,.T.);
#5173=EDGE_CURVE('',#4093,#4160,#2259,.T.);
#5174=EDGE_CURVE('',#4085,#4154,#2260,.T.);
#5175=EDGE_CURVE('',#4084,#4155,#2261,.T.);
#5176=EDGE_CURVE('',#4160,#4083,#2262,.T.);
#5177=EDGE_CURVE('',#4158,#4161,#2263,.T.);
#5178=EDGE_CURVE('',#4162,#4092,#2264,.T.);
#5179=EDGE_CURVE('',#4163,#4162,#2265,.T.);
#5180=EDGE_CURVE('',#4161,#4163,#2266,.T.);
#5181=EDGE_CURVE('',#4164,#4165,#2267,.T.);
#5182=EDGE_CURVE('',#4164,#4166,#2268,.T.);
#5183=EDGE_CURVE('',#4166,#4167,#2269,.T.);
#5184=EDGE_CURVE('',#4165,#4167,#2270,.T.);
#5185=EDGE_CURVE('',#4168,#4164,#2271,.T.);
#5186=EDGE_CURVE('',#4168,#4169,#2272,.T.);
#5187=EDGE_CURVE('',#4169,#4166,#2273,.T.);
#5188=EDGE_CURVE('',#4167,#4170,#2274,.T.);
#5189=EDGE_CURVE('',#4169,#4170,#2275,.T.);
#5190=EDGE_CURVE('',#4171,#4162,#2276,.T.);
#5191=EDGE_CURVE('',#4172,#4171,#2277,.T.);
#5192=EDGE_CURVE('',#4172,#4163,#2278,.T.);
#5193=EDGE_CURVE('',#4173,#4174,#2279,.T.);
#5194=EDGE_CURVE('',#4171,#4173,#2280,.T.);
#5195=EDGE_CURVE('',#4174,#4092,#2281,.T.);
#5196=EDGE_CURVE('',#4173,#4175,#2282,.T.);
#5197=EDGE_CURVE('',#4172,#4175,#2283,.T.);
#5198=EDGE_CURVE('',#4165,#4176,#2284,.T.);
#5199=EDGE_CURVE('',#4170,#4177,#2285,.T.);
#5200=EDGE_CURVE('',#4178,#4177,#2286,.T.);
#5201=EDGE_CURVE('',#4178,#4179,#2287,.T.);
#5202=EDGE_CURVE('',#4179,#4176,#2288,.T.);
#5203=EDGE_CURVE('',#4176,#4069,#2289,.T.);
#5204=EDGE_CURVE('',#4080,#4168,#2290,.T.);
#5205=EDGE_CURVE('',#4161,#4079,#2291,.T.);
#5206=EDGE_CURVE('',#4177,#4175,#2292,.T.);
#5207=EDGE_CURVE('',#4174,#4075,#2293,.T.);
#5208=EDGE_CURVE('',#4178,#4074,#2294,.T.);
#5209=EDGE_CURVE('',#4179,#4073,#2295,.T.);
#5210=EDGE_CURVE('',#4180,#3870,#2296,.T.);
#5211=EDGE_CURVE('',#4180,#4181,#2297,.T.);
#5212=EDGE_CURVE('',#4182,#4181,#2298,.T.);
#5213=EDGE_CURVE('',#4183,#4182,#2299,.T.);
#5214=EDGE_CURVE('',#4184,#4183,#2300,.T.);
#5215=EDGE_CURVE('',#4185,#4184,#2301,.T.);
#5216=EDGE_CURVE('',#4186,#4185,#2302,.T.);
#5217=EDGE_CURVE('',#4187,#4186,#2303,.T.);
#5218=EDGE_CURVE('',#4188,#4187,#2304,.T.);
#5219=EDGE_CURVE('',#4188,#4189,#2305,.T.);
#5220=EDGE_CURVE('',#4189,#3871,#2306,.T.);
#5221=EDGE_CURVE('',#4189,#4054,#2307,.T.);
#5222=EDGE_CURVE('',#4190,#4191,#2308,.T.);
#5223=EDGE_CURVE('',#4192,#4190,#2309,.T.);
#5224=EDGE_CURVE('',#4192,#4193,#2310,.T.);
#5225=EDGE_CURVE('',#4193,#4194,#2311,.F.);
#5226=EDGE_CURVE('',#4194,#4191,#2312,.T.);
#5227=EDGE_CURVE('',#4195,#4192,#2313,.T.);
#5228=EDGE_CURVE('',#4195,#4196,#2314,.T.);
#5229=EDGE_CURVE('',#4193,#4196,#2315,.T.);
#5230=EDGE_CURVE('',#4196,#4197,#2316,.T.);
#5231=EDGE_CURVE('',#4195,#4198,#2317,.T.);
#5232=EDGE_CURVE('',#4198,#4199,#2318,.T.);
#5233=EDGE_CURVE('',#4200,#4199,#2319,.T.);
#5234=EDGE_CURVE('',#4200,#4201,#2320,.T.);
#5235=EDGE_CURVE('',#4201,#4197,#2321,.T.);
#5236=EDGE_CURVE('',#4197,#4202,#2322,.T.);
#5237=EDGE_CURVE('',#4201,#4203,#2323,.T.);
#5238=EDGE_CURVE('',#4202,#4203,#2324,.T.);
#5239=EDGE_CURVE('',#4204,#4205,#2325,.T.);
#5240=EDGE_CURVE('',#4206,#4204,#2326,.T.);
#5241=EDGE_CURVE('',#4207,#4206,#2327,.T.);
#5242=EDGE_CURVE('',#4207,#4208,#2328,.T.);
#5243=EDGE_CURVE('',#4209,#4208,#2329,.T.);
#5244=EDGE_CURVE('',#4209,#4199,#2330,.T.);
#5245=EDGE_CURVE('',#4210,#4198,#2331,.T.);
#5246=EDGE_CURVE('',#4211,#4210,#2332,.T.);
#5247=EDGE_CURVE('',#4205,#4211,#2333,.T.);
#5248=EDGE_CURVE('',#4191,#4212,#2334,.T.);
#5249=EDGE_CURVE('',#4212,#4204,#2335,.F.);
#5250=EDGE_CURVE('',#4205,#4213,#2336,.T.);
#5251=EDGE_CURVE('',#4213,#4214,#2337,.T.);
#5252=EDGE_CURVE('',#4214,#4190,#2338,.T.);
#5253=EDGE_CURVE('',#4214,#4215,#2339,.T.);
#5254=EDGE_CURVE('',#4215,#4210,#2340,.T.);
#5255=EDGE_CURVE('',#4216,#4200,#2341,.T.);
#5256=EDGE_CURVE('',#4209,#4216,#2342,.T.);
#5257=EDGE_CURVE('',#4216,#4217,#2343,.T.);
#5258=EDGE_CURVE('',#4217,#4203,#2344,.T.);
#5259=EDGE_CURVE('',#4208,#4217,#2345,.T.);
#5260=EDGE_CURVE('',#4218,#4215,#2346,.T.);
#5261=EDGE_CURVE('',#4211,#4218,#2347,.T.);
#5262=EDGE_CURVE('',#4213,#4218,#2348,.T.);
#5263=EDGE_CURVE('',#4219,#4207,#2349,.T.);
#5264=EDGE_CURVE('',#4219,#4220,#2350,.T.);
#5265=EDGE_CURVE('',#4220,#4221,#2351,.T.);
#5266=EDGE_CURVE('',#4221,#4222,#2352,.T.);
#5267=EDGE_CURVE('',#4222,#4203,#2353,.T.);
#5268=EDGE_CURVE('',#4223,#4224,#2354,.T.);
#5269=EDGE_CURVE('',#4222,#4223,#2355,.T.);
#5270=EDGE_CURVE('',#4222,#4225,#2356,.T.);
#5271=EDGE_CURVE('',#4225,#4224,#2357,.T.);
#5272=EDGE_CURVE('',#4224,#4226,#2358,.T.);
#5273=EDGE_CURVE('',#4227,#4225,#2359,.T.);
#5274=EDGE_CURVE('',#4228,#4227,#2360,.T.);
#5275=EDGE_CURVE('',#4228,#4229,#2361,.T.);
#5276=EDGE_CURVE('',#4230,#4229,#2362,.F.);
#5277=EDGE_CURVE('',#4226,#4230,#2363,.T.);
#5278=EDGE_CURVE('',#4231,#4230,#2364,.T.);
#5279=EDGE_CURVE('',#4232,#4231,#2365,.T.);
#5280=EDGE_CURVE('',#4226,#4232,#2366,.T.);
#5281=EDGE_CURVE('',#4233,#4234,#2367,.T.);
#5282=EDGE_CURVE('',#4233,#4235,#2368,.T.);
#5283=EDGE_CURVE('',#4235,#4232,#2369,.F.);
#5284=EDGE_CURVE('',#4234,#4231,#2370,.T.);
#5285=EDGE_CURVE('',#4221,#4236,#2371,.T.);
#5286=EDGE_CURVE('',#4227,#4236,#2372,.T.);
#5287=EDGE_CURVE('',#4237,#4228,#2373,.T.);
#5288=EDGE_CURVE('',#4237,#4236,#2374,.T.);
#5289=EDGE_CURVE('',#4238,#4239,#2375,.T.);
#5290=EDGE_CURVE('',#4238,#4240,#2376,.T.);
#5291=EDGE_CURVE('',#4240,#4241,#2377,.T.);
#5292=EDGE_CURVE('',#4229,#4241,#2378,.T.);
#5293=EDGE_CURVE('',#4237,#4220,#2379,.T.);
#5294=EDGE_CURVE('',#4242,#4219,#2380,.T.);
#5295=EDGE_CURVE('',#4242,#4239,#2381,.T.);
#5296=EDGE_CURVE('',#4234,#4243,#2382,.T.);
#5297=EDGE_CURVE('',#4241,#4244,#2383,.T.);
#5298=EDGE_CURVE('',#4244,#4243,#2384,.T.);
#5299=EDGE_CURVE('',#4243,#4245,#2385,.T.);
#5300=EDGE_CURVE('',#4245,#4238,#2386,.T.);
#5301=EDGE_CURVE('',#4246,#4239,#2387,.T.);
#5302=EDGE_CURVE('',#4246,#4233,#2388,.T.);
#5303=EDGE_CURVE('',#4247,#4245,#2389,.T.);
#5304=EDGE_CURVE('',#4240,#4247,#2390,.T.);
#5305=EDGE_CURVE('',#4244,#4247,#2391,.T.);
#5306=EDGE_CURVE('',#4248,#4249,#2392,.T.);
#5307=EDGE_CURVE('',#4250,#4249,#2393,.T.);
#5308=EDGE_CURVE('',#4251,#4250,#2394,.T.);
#5309=EDGE_CURVE('',#4251,#4248,#2395,.T.);
#5310=EDGE_CURVE('',#4249,#4252,#2396,.T.);
#5311=EDGE_CURVE('',#4252,#4253,#2397,.T.);
#5312=EDGE_CURVE('',#4253,#4254,#2398,.F.);
#5313=EDGE_CURVE('',#4255,#4254,#2399,.T.);
#5314=EDGE_CURVE('',#4255,#4256,#2400,.T.);
#5315=EDGE_CURVE('',#4256,#4250,#2401,.T.);
#5316=EDGE_CURVE('',#4257,#4253,#2402,.T.);
#5317=EDGE_CURVE('',#4252,#4258,#2403,.T.);
#5318=EDGE_CURVE('',#4258,#4257,#2404,.T.);
#5319=EDGE_CURVE('',#4259,#4260,#2405,.T.);
#5320=EDGE_CURVE('',#4260,#4257,#2406,.T.);
#5321=EDGE_CURVE('',#4261,#4258,#2407,.F.);
#5322=EDGE_CURVE('',#4259,#4261,#2408,.T.);
#5323=EDGE_CURVE('',#4262,#4251,#2409,.T.);
#5324=EDGE_CURVE('',#4256,#4263,#2410,.T.);
#5325=EDGE_CURVE('',#4262,#4263,#2411,.T.);
#5326=EDGE_CURVE('',#4264,#4255,#2412,.T.);
#5327=EDGE_CURVE('',#4264,#4263,#2413,.T.);
#5328=EDGE_CURVE('',#4265,#4266,#2414,.T.);
#5329=EDGE_CURVE('',#4267,#4266,#2415,.T.);
#5330=EDGE_CURVE('',#4268,#4267,#2416,.T.);
#5331=EDGE_CURVE('',#4268,#4269,#2417,.T.);
#5332=EDGE_CURVE('',#4264,#4269,#2418,.T.);
#5333=EDGE_CURVE('',#4254,#4270,#2419,.T.);
#5334=EDGE_CURVE('',#4271,#4270,#2420,.T.);
#5335=EDGE_CURVE('',#4265,#4271,#2421,.T.);
#5336=EDGE_CURVE('',#4260,#4272,#2422,.T.);
#5337=EDGE_CURVE('',#4273,#4272,#2423,.T.);
#5338=EDGE_CURVE('',#4270,#4273,#2424,.T.);
#5339=EDGE_CURVE('',#4274,#4259,#2425,.T.);
#5340=EDGE_CURVE('',#4274,#4266,#2426,.T.);
#5341=EDGE_CURVE('',#4275,#4265,#2427,.T.);
#5342=EDGE_CURVE('',#4272,#4275,#2428,.T.);
#5343=EDGE_CURVE('',#4269,#4262,#2429,.T.);
#5344=EDGE_CURVE('',#4271,#4276,#2430,.T.);
#5345=EDGE_CURVE('',#4276,#4275,#2431,.T.);
#5346=EDGE_CURVE('',#4273,#4276,#2432,.T.);
#5347=EDGE_CURVE('',#4261,#4277,#2433,.T.);
#5348=EDGE_CURVE('',#4278,#4248,#2434,.T.);
#5349=EDGE_CURVE('',#4277,#4278,#2435,.T.);
#5350=EDGE_CURVE('',#4278,#4186,#2436,.F.);
#5351=EDGE_CURVE('',#4251,#4279,#2437,.T.);
#5352=EDGE_CURVE('',#4280,#4279,#2438,.T.);
#5353=EDGE_CURVE('',#4280,#4281,#2439,.T.);
#5354=EDGE_CURVE('',#4187,#4281,#2440,.F.);
#5355=EDGE_CURVE('',#4282,#4268,#2441,.T.);
#5356=EDGE_CURVE('',#4282,#4283,#2442,.T.);
#5357=EDGE_CURVE('',#4283,#4284,#2443,.T.);
#5358=EDGE_CURVE('',#4284,#4279,#2444,.T.);
#5359=EDGE_CURVE('',#4285,#4274,#2445,.T.);
#5360=EDGE_CURVE('',#4285,#4286,#2446,.F.);
#5361=EDGE_CURVE('',#4287,#4286,#2447,.T.);
#5362=EDGE_CURVE('',#4267,#4287,#2448,.T.);
#5363=EDGE_CURVE('',#4288,#4289,#2449,.T.);
#5364=EDGE_CURVE('',#4290,#4289,#2450,.T.);
#5365=EDGE_CURVE('',#4291,#4290,#2451,.F.);
#5366=EDGE_CURVE('',#4292,#4291,#2452,.T.);
#5367=EDGE_CURVE('',#4292,#4288,#2453,.T.);
#5368=EDGE_CURVE('',#4293,#4292,#2454,.T.);
#5369=EDGE_CURVE('',#4291,#4294,#2455,.T.);
#5370=EDGE_CURVE('',#4293,#4294,#2456,.T.);
#5371=EDGE_CURVE('',#4294,#4295,#2457,.T.);
#5372=EDGE_CURVE('',#4296,#4295,#2458,.T.);
#5373=EDGE_CURVE('',#4297,#4296,#2459,.T.);
#5374=EDGE_CURVE('',#4297,#4298,#2460,.T.);
#5375=EDGE_CURVE('',#4299,#4298,#2461,.T.);
#5376=EDGE_CURVE('',#4293,#4299,#2462,.T.);
#5377=EDGE_CURVE('',#4295,#4280,#2463,.T.);
#5378=EDGE_CURVE('',#4296,#4279,#2464,.T.);
#5379=EDGE_CURVE('',#4286,#4300,#2465,.T.);
#5380=EDGE_CURVE('',#4300,#4301,#2466,.T.);
#5381=EDGE_CURVE('',#4301,#4302,#2467,.T.);
#5382=EDGE_CURVE('',#4302,#4299,#2468,.T.);
#5383=EDGE_CURVE('',#4303,#4298,#2469,.T.);
#5384=EDGE_CURVE('',#4303,#4283,#2470,.T.);
#5385=EDGE_CURVE('',#4287,#4282,#2471,.T.);
#5386=EDGE_CURVE('',#4304,#4288,#2472,.T.);
#5387=EDGE_CURVE('',#4305,#4304,#2473,.T.);
#5388=EDGE_CURVE('',#4300,#4305,#2474,.T.);
#5389=EDGE_CURVE('',#4289,#4285,#2475,.T.);
#5390=EDGE_CURVE('',#4306,#4302,#2476,.T.);
#5391=EDGE_CURVE('',#4304,#4306,#2477,.T.);
#5392=EDGE_CURVE('',#4307,#4297,#2478,.T.);
#5393=EDGE_CURVE('',#4303,#4307,#2479,.T.);
#5394=EDGE_CURVE('',#4307,#4284,#2480,.T.);
#5395=EDGE_CURVE('',#4301,#4308,#2481,.T.);
#5396=EDGE_CURVE('',#4308,#4306,#2482,.T.);
#5397=EDGE_CURVE('',#4305,#4308,#2483,.T.);
#5398=EDGE_CURVE('',#4309,#4182,#2484,.F.);
#5399=EDGE_CURVE('',#4202,#4309,#2485,.T.);
#5400=EDGE_CURVE('',#4310,#4223,#2486,.T.);
#5401=EDGE_CURVE('',#4183,#4310,#2487,.F.);
#5402=EDGE_CURVE('',#4311,#4290,#2488,.T.);
#5403=EDGE_CURVE('',#4281,#4311,#2489,.T.);
#5404=EDGE_CURVE('',#4188,#4311,#2490,.T.);
#5405=EDGE_CURVE('',#4277,#4185,#2491,.T.);
#5406=EDGE_CURVE('',#4312,#4235,#2492,.T.);
#5407=EDGE_CURVE('',#4310,#4312,#2493,.T.);
#5408=EDGE_CURVE('',#4184,#4312,#2494,.T.);
#5409=EDGE_CURVE('',#4246,#4212,#2495,.T.);
#5410=EDGE_CURVE('',#4206,#4242,#2496,.T.);
#5411=EDGE_CURVE('',#4194,#4313,#2497,.T.);
#5412=EDGE_CURVE('',#4313,#4309,#2498,.T.);
#5413=EDGE_CURVE('',#4313,#4181,#2499,.T.);
#5414=EDGE_CURVE('',#4055,#4180,#2500,.T.);
#5415=EDGE_CURVE('',#3863,#4314,#2501,.T.);
#5416=EDGE_CURVE('',#4315,#4314,#264,.T.);
#5417=EDGE_CURVE('',#4316,#4315,#2502,.T.);
#5418=EDGE_CURVE('',#3864,#4316,#265,.T.);
#5419=EDGE_CURVE('',#3861,#4317,#2503,.T.);
#5420=EDGE_CURVE('',#3860,#4318,#2504,.T.);
#5421=EDGE_CURVE('',#4317,#4318,#2505,.T.);
#5422=EDGE_CURVE('',#3859,#4319,#2506,.T.);
#5423=EDGE_CURVE('',#4318,#4319,#266,.T.);
#5424=EDGE_CURVE('',#4320,#3858,#2507,.T.);
#5425=EDGE_CURVE('',#4319,#4320,#2508,.T.);
#5426=EDGE_CURVE('',#4316,#4321,#2509,.T.);
#5427=EDGE_CURVE('',#4322,#4315,#2510,.T.);
#5428=EDGE_CURVE('',#4321,#4322,#2511,.T.);
#5429=EDGE_CURVE('',#4323,#4323,#267,.T.);
#5430=EDGE_CURVE('',#4323,#4324,#2512,.T.);
#5431=EDGE_CURVE('',#4324,#4324,#268,.T.);
#5432=EDGE_CURVE('',#4325,#4325,#269,.T.);
#5433=EDGE_CURVE('',#4325,#4326,#2513,.T.);
#5434=EDGE_CURVE('',#4326,#4326,#270,.T.);
#5435=EDGE_CURVE('',#4321,#3845,#271,.T.);
#5436=EDGE_CURVE('',#4327,#4322,#272,.T.);
#5437=EDGE_CURVE('',#3846,#4327,#2514,.T.);
#5438=EDGE_CURVE('',#3847,#4328,#2515,.T.);
#5439=EDGE_CURVE('',#4328,#4327,#2516,.T.);
#5440=EDGE_CURVE('',#3849,#4329,#2517,.T.);
#5441=EDGE_CURVE('',#4330,#4329,#273,.T.);
#5442=EDGE_CURVE('',#3850,#4330,#2518,.T.);
#5443=EDGE_CURVE('',#3851,#4331,#2519,.T.);
#5444=EDGE_CURVE('',#4331,#4330,#2520,.T.);
#5445=EDGE_CURVE('',#3853,#4332,#2521,.T.);
#5446=EDGE_CURVE('',#4333,#4332,#274,.T.);
#5447=EDGE_CURVE('',#3854,#4333,#2522,.T.);
#5448=EDGE_CURVE('',#4334,#4333,#2523,.T.);
#5449=EDGE_CURVE('',#3855,#4334,#2524,.T.);
#5450=EDGE_CURVE('',#4335,#4334,#275,.T.);
#5451=EDGE_CURVE('',#3856,#4335,#2525,.T.);
#5452=EDGE_CURVE('',#4336,#3848,#2526,.T.);
#5453=EDGE_CURVE('',#4329,#4336,#2527,.T.);
#5454=EDGE_CURVE('',#4328,#4336,#2528,.T.);
#5455=EDGE_CURVE('',#4337,#3852,#2529,.T.);
#5456=EDGE_CURVE('',#4332,#4337,#2530,.T.);
#5457=EDGE_CURVE('',#4331,#4337,#2531,.T.);
#5458=EDGE_CURVE('',#3857,#4338,#2532,.T.);
#5459=EDGE_CURVE('',#4338,#4335,#2533,.T.);
#5460=EDGE_CURVE('',#4338,#4320,#2534,.T.);
#5461=EDGE_CURVE('',#4317,#4339,#2535,.T.);
#5462=EDGE_CURVE('',#4314,#4339,#2536,.T.);
#5463=EDGE_CURVE('',#4339,#3862,#2537,.T.);
#5464=EDGE_CURVE('',#3895,#4340,#2538,.T.);
#5465=EDGE_CURVE('',#4340,#4341,#2539,.T.);
#5466=EDGE_CURVE('',#4341,#3896,#2540,.T.);
#5467=EDGE_CURVE('',#4342,#4341,#2541,.T.);
#5468=EDGE_CURVE('',#3897,#4342,#2542,.T.);
#5469=EDGE_CURVE('',#3935,#4343,#276,.T.);
#5470=EDGE_CURVE('',#4343,#4344,#2543,.T.);
#5471=EDGE_CURVE('',#4345,#4344,#2544,.T.);
#5472=EDGE_CURVE('',#4345,#4346,#2545,.T.);
#5473=EDGE_CURVE('',#4346,#4342,#277,.T.);
#5474=EDGE_CURVE('',#4340,#4347,#2546,.T.);
#5475=EDGE_CURVE('',#4347,#4348,#278,.T.);
#5476=EDGE_CURVE('',#4348,#4349,#2547,.T.);
#5477=EDGE_CURVE('',#4350,#4349,#2548,.T.);
#5478=EDGE_CURVE('',#4350,#4351,#2549,.T.);
#5479=EDGE_CURVE('',#4351,#3936,#279,.T.);
#5480=EDGE_CURVE('',#4352,#4352,#280,.T.);
#5481=EDGE_CURVE('',#3899,#4345,#2550,.T.);
#5482=EDGE_CURVE('',#4344,#3900,#2551,.T.);
#5483=EDGE_CURVE('',#3901,#4343,#2552,.T.);
#5484=EDGE_CURVE('',#4349,#3892,#2553,.T.);
#5485=EDGE_CURVE('',#3891,#4350,#2554,.T.);
#5486=EDGE_CURVE('',#3893,#4348,#2555,.T.);
#5487=EDGE_CURVE('',#3885,#3939,#2556,.T.);
#5488=EDGE_CURVE('',#3938,#3886,#2557,.T.);
#5489=EDGE_CURVE('',#3887,#3937,#2558,.T.);
#5490=EDGE_CURVE('',#3881,#3943,#2559,.T.);
#5491=EDGE_CURVE('',#3942,#3882,#2560,.T.);
#5492=EDGE_CURVE('',#3880,#3944,#2561,.T.);
#5493=EDGE_CURVE('',#3946,#3878,#2562,.T.);
#5494=EDGE_CURVE('',#3877,#3947,#2563,.T.);
#5495=EDGE_CURVE('',#3879,#3945,#2564,.T.);
#5496=EDGE_CURVE('',#3876,#3948,#2565,.T.);
#5497=EDGE_CURVE('',#3898,#4346,#2566,.T.);
#5498=EDGE_CURVE('',#3894,#4347,#2567,.T.);
#5499=EDGE_CURVE('',#3949,#4353,#2568,.T.);
#5500=EDGE_CURVE('',#4353,#4353,#281,.T.);
#5501=EDGE_CURVE('',#4352,#4354,#2569,.T.);
#5502=EDGE_CURVE('',#4354,#4354,#282,.T.);
#5503=EDGE_CURVE('',#3883,#3941,#2570,.T.);
#5504=EDGE_CURVE('',#3884,#3940,#2571,.T.);
#5505=EDGE_CURVE('',#3890,#4351,#2572,.T.);
#5506=EDGE_CURVE('',#4355,#4355,#283,.T.);
#5507=EDGE_CURVE('',#4356,#4356,#284,.T.);
#5508=EDGE_CURVE('',#4357,#4357,#285,.T.);
#5509=EDGE_CURVE('',#4358,#4358,#286,.T.);
#5510=EDGE_CURVE('',#4359,#4359,#287,.T.);
#5511=EDGE_CURVE('',#4360,#4360,#288,.T.);
#5512=EDGE_CURVE('',#4361,#4361,#289,.T.);
#5513=EDGE_CURVE('',#4362,#4362,#290,.T.);
#5514=EDGE_CURVE('',#4363,#4363,#291,.T.);
#5515=EDGE_CURVE('',#4364,#4364,#292,.T.);
#5516=EDGE_CURVE('',#4364,#4365,#2573,.T.);
#5517=EDGE_CURVE('',#4365,#4365,#293,.T.);
#5518=EDGE_CURVE('',#4361,#4356,#2574,.T.);
#5519=EDGE_CURVE('',#4360,#4366,#2575,.T.);
#5520=EDGE_CURVE('',#4366,#4366,#294,.T.);
#5521=EDGE_CURVE('',#4363,#4357,#2576,.T.);
#5522=EDGE_CURVE('',#4362,#4367,#2577,.T.);
#5523=EDGE_CURVE('',#4367,#4367,#295,.T.);
#5524=EDGE_CURVE('',#4359,#4355,#2578,.T.);
#5525=EDGE_CURVE('',#4358,#4368,#2579,.T.);
#5526=EDGE_CURVE('',#4368,#4368,#296,.T.);
#5527=EDGE_CURVE('',#4369,#4370,#2580,.T.);
#5528=EDGE_CURVE('',#4371,#4369,#2581,.T.);
#5529=EDGE_CURVE('',#4372,#4371,#2582,.T.);
#5530=EDGE_CURVE('',#4370,#4372,#2583,.T.);
#5531=EDGE_CURVE('',#4373,#4373,#297,.T.);
#5532=EDGE_CURVE('',#4374,#4374,#298,.T.);
#5533=EDGE_CURVE('',#4375,#4375,#299,.T.);
#5534=EDGE_CURVE('',#4376,#4376,#300,.T.);
#5535=EDGE_CURVE('',#4377,#4377,#301,.T.);
#5536=EDGE_CURVE('',#4378,#4378,#302,.T.);
#5537=EDGE_CURVE('',#4374,#4379,#2584,.T.);
#5538=EDGE_CURVE('',#4379,#4379,#303,.T.);
#5539=EDGE_CURVE('',#4378,#4380,#2585,.T.);
#5540=EDGE_CURVE('',#4380,#4380,#304,.T.);
#5541=EDGE_CURVE('',#4376,#4381,#2586,.T.);
#5542=EDGE_CURVE('',#4381,#4381,#305,.T.);
#5543=EDGE_CURVE('',#4382,#4383,#306,.T.);
#5544=EDGE_CURVE('',#4383,#4373,#307,.T.);
#5545=EDGE_CURVE('',#4383,#4382,#308,.T.);
#5546=EDGE_CURVE('',#4384,#4385,#309,.T.);
#5547=EDGE_CURVE('',#4385,#4377,#310,.T.);
#5548=EDGE_CURVE('',#4385,#4384,#311,.T.);
#5549=EDGE_CURVE('',#4386,#4387,#312,.T.);
#5550=EDGE_CURVE('',#4387,#4375,#313,.T.);
#5551=EDGE_CURVE('',#4387,#4386,#314,.T.);
#5552=EDGE_CURVE('',#4388,#4389,#2587,.T.);
#5553=EDGE_CURVE('',#4390,#4389,#2588,.T.);
#5554=EDGE_CURVE('',#4390,#4382,#2589,.F.);
#5555=EDGE_CURVE('',#4382,#4384,#2590,.F.);
#5556=EDGE_CURVE('',#4384,#4386,#2591,.F.);
#5557=EDGE_CURVE('',#4386,#4391,#2592,.T.);
#5558=EDGE_CURVE('',#4388,#4391,#2593,.T.);
#5559=EDGE_CURVE('',#4392,#4393,#2594,.T.);
#5560=EDGE_CURVE('',#4392,#4388,#2595,.T.);
#5561=EDGE_CURVE('',#4391,#4393,#2596,.T.);
#5562=EDGE_CURVE('',#4371,#4392,#315,.T.);
#5563=EDGE_CURVE('',#4393,#4372,#316,.T.);
#5564=EDGE_CURVE('',#4370,#4394,#317,.T.);
#5565=EDGE_CURVE('',#4394,#4390,#2597,.T.);
#5566=EDGE_CURVE('',#4394,#4395,#2598,.T.);
#5567=EDGE_CURVE('',#4389,#4395,#2599,.T.);
#5568=EDGE_CURVE('',#4395,#4369,#318,.T.);
#5569=ORIENTED_EDGE('',*,*,#4396,.F.);
#5570=ORIENTED_EDGE('',*,*,#4397,.F.);
#5571=ORIENTED_EDGE('',*,*,#4398,.T.);
#5572=ORIENTED_EDGE('',*,*,#4399,.T.);
#5573=ORIENTED_EDGE('',*,*,#4399,.F.);
#5574=ORIENTED_EDGE('',*,*,#4400,.F.);
#5575=ORIENTED_EDGE('',*,*,#4401,.F.);
#5576=ORIENTED_EDGE('',*,*,#4402,.F.);
#5577=ORIENTED_EDGE('',*,*,#4403,.F.);
#5578=ORIENTED_EDGE('',*,*,#4404,.F.);
#5579=ORIENTED_EDGE('',*,*,#4405,.F.);
#5580=ORIENTED_EDGE('',*,*,#4406,.T.);
#5581=ORIENTED_EDGE('',*,*,#4407,.F.);
#5582=ORIENTED_EDGE('',*,*,#4408,.T.);
#5583=ORIENTED_EDGE('',*,*,#4409,.F.);
#5584=ORIENTED_EDGE('',*,*,#4410,.T.);
#5585=ORIENTED_EDGE('',*,*,#4411,.F.);
#5586=ORIENTED_EDGE('',*,*,#4412,.T.);
#5587=ORIENTED_EDGE('',*,*,#4413,.F.);
#5588=ORIENTED_EDGE('',*,*,#4414,.F.);
#5589=ORIENTED_EDGE('',*,*,#4415,.F.);
#5590=ORIENTED_EDGE('',*,*,#4416,.F.);
#5591=ORIENTED_EDGE('',*,*,#4417,.F.);
#5592=ORIENTED_EDGE('',*,*,#4400,.T.);
#5593=ORIENTED_EDGE('',*,*,#4398,.F.);
#5594=ORIENTED_EDGE('',*,*,#4418,.F.);
#5595=ORIENTED_EDGE('',*,*,#4419,.F.);
#5596=ORIENTED_EDGE('',*,*,#4420,.F.);
#5597=ORIENTED_EDGE('',*,*,#4421,.F.);
#5598=ORIENTED_EDGE('',*,*,#4422,.F.);
#5599=ORIENTED_EDGE('',*,*,#4423,.F.);
#5600=ORIENTED_EDGE('',*,*,#4424,.F.);
#5601=ORIENTED_EDGE('',*,*,#4425,.F.);
#5602=ORIENTED_EDGE('',*,*,#4426,.F.);
#5603=ORIENTED_EDGE('',*,*,#4427,.F.);
#5604=ORIENTED_EDGE('',*,*,#4428,.F.);
#5605=ORIENTED_EDGE('',*,*,#4429,.F.);
#5606=ORIENTED_EDGE('',*,*,#4430,.F.);
#5607=ORIENTED_EDGE('',*,*,#4417,.T.);
#5608=ORIENTED_EDGE('',*,*,#4431,.T.);
#5609=ORIENTED_EDGE('',*,*,#4432,.T.);
#5610=ORIENTED_EDGE('',*,*,#4401,.T.);
#5611=ORIENTED_EDGE('',*,*,#4433,.T.);
#5612=ORIENTED_EDGE('',*,*,#4434,.T.);
#5613=ORIENTED_EDGE('',*,*,#4435,.T.);
#5614=ORIENTED_EDGE('',*,*,#4436,.T.);
#5615=ORIENTED_EDGE('',*,*,#4437,.T.);
#5616=ORIENTED_EDGE('',*,*,#4438,.T.);
#5617=ORIENTED_EDGE('',*,*,#4439,.T.);
#5618=ORIENTED_EDGE('',*,*,#4440,.T.);
#5619=ORIENTED_EDGE('',*,*,#4441,.T.);
#5620=ORIENTED_EDGE('',*,*,#4442,.T.);
#5621=ORIENTED_EDGE('',*,*,#4443,.T.);
#5622=ORIENTED_EDGE('',*,*,#4444,.T.);
#5623=ORIENTED_EDGE('',*,*,#4445,.T.);
#5624=ORIENTED_EDGE('',*,*,#4446,.T.);
#5625=ORIENTED_EDGE('',*,*,#4447,.T.);
#5626=ORIENTED_EDGE('',*,*,#4448,.T.);
#5627=ORIENTED_EDGE('',*,*,#4449,.T.);
#5628=ORIENTED_EDGE('',*,*,#4450,.T.);
#5629=ORIENTED_EDGE('',*,*,#4451,.T.);
#5630=ORIENTED_EDGE('',*,*,#4452,.T.);
#5631=ORIENTED_EDGE('',*,*,#4453,.T.);
#5632=ORIENTED_EDGE('',*,*,#4454,.T.);
#5633=ORIENTED_EDGE('',*,*,#4455,.T.);
#5634=ORIENTED_EDGE('',*,*,#4456,.T.);
#5635=ORIENTED_EDGE('',*,*,#4457,.T.);
#5636=ORIENTED_EDGE('',*,*,#4458,.T.);
#5637=ORIENTED_EDGE('',*,*,#4459,.T.);
#5638=ORIENTED_EDGE('',*,*,#4460,.T.);
#5639=ORIENTED_EDGE('',*,*,#4461,.T.);
#5640=ORIENTED_EDGE('',*,*,#4462,.T.);
#5641=ORIENTED_EDGE('',*,*,#4463,.T.);
#5642=ORIENTED_EDGE('',*,*,#4464,.T.);
#5643=ORIENTED_EDGE('',*,*,#4465,.T.);
#5644=ORIENTED_EDGE('',*,*,#4466,.T.);
#5645=ORIENTED_EDGE('',*,*,#4467,.T.);
#5646=ORIENTED_EDGE('',*,*,#4468,.T.);
#5647=ORIENTED_EDGE('',*,*,#4469,.T.);
#5648=ORIENTED_EDGE('',*,*,#4470,.T.);
#5649=ORIENTED_EDGE('',*,*,#4471,.T.);
#5650=ORIENTED_EDGE('',*,*,#4472,.T.);
#5651=ORIENTED_EDGE('',*,*,#4473,.T.);
#5652=ORIENTED_EDGE('',*,*,#4474,.T.);
#5653=ORIENTED_EDGE('',*,*,#4475,.T.);
#5654=ORIENTED_EDGE('',*,*,#4476,.T.);
#5655=ORIENTED_EDGE('',*,*,#4477,.T.);
#5656=ORIENTED_EDGE('',*,*,#4478,.T.);
#5657=ORIENTED_EDGE('',*,*,#4479,.T.);
#5658=ORIENTED_EDGE('',*,*,#4480,.T.);
#5659=ORIENTED_EDGE('',*,*,#4481,.F.);
#5660=ORIENTED_EDGE('',*,*,#4482,.T.);
#5661=ORIENTED_EDGE('',*,*,#4483,.F.);
#5662=ORIENTED_EDGE('',*,*,#4484,.F.);
#5663=ORIENTED_EDGE('',*,*,#4485,.F.);
#5664=ORIENTED_EDGE('',*,*,#4486,.T.);
#5665=ORIENTED_EDGE('',*,*,#4487,.F.);
#5666=ORIENTED_EDGE('',*,*,#4488,.F.);
#5667=ORIENTED_EDGE('',*,*,#4489,.F.);
#5668=ORIENTED_EDGE('',*,*,#4490,.F.);
#5669=ORIENTED_EDGE('',*,*,#4491,.F.);
#5670=ORIENTED_EDGE('',*,*,#4492,.T.);
#5671=ORIENTED_EDGE('',*,*,#4493,.F.);
#5672=ORIENTED_EDGE('',*,*,#4494,.F.);
#5673=ORIENTED_EDGE('',*,*,#4495,.F.);
#5674=ORIENTED_EDGE('',*,*,#4496,.T.);
#5675=ORIENTED_EDGE('',*,*,#4497,.F.);
#5676=ORIENTED_EDGE('',*,*,#4498,.T.);
#5677=ORIENTED_EDGE('',*,*,#4499,.F.);
#5678=ORIENTED_EDGE('',*,*,#4500,.F.);
#5679=ORIENTED_EDGE('',*,*,#4501,.F.);
#5680=ORIENTED_EDGE('',*,*,#4502,.F.);
#5681=ORIENTED_EDGE('',*,*,#4503,.F.);
#5682=ORIENTED_EDGE('',*,*,#4504,.T.);
#5683=ORIENTED_EDGE('',*,*,#4505,.F.);
#5684=ORIENTED_EDGE('',*,*,#4506,.T.);
#5685=ORIENTED_EDGE('',*,*,#4507,.F.);
#5686=ORIENTED_EDGE('',*,*,#4508,.F.);
#5687=ORIENTED_EDGE('',*,*,#4509,.F.);
#5688=ORIENTED_EDGE('',*,*,#4510,.T.);
#5689=ORIENTED_EDGE('',*,*,#4511,.F.);
#5690=ORIENTED_EDGE('',*,*,#4512,.F.);
#5691=ORIENTED_EDGE('',*,*,#4513,.F.);
#5692=ORIENTED_EDGE('',*,*,#4514,.F.);
#5693=ORIENTED_EDGE('',*,*,#4515,.F.);
#5694=ORIENTED_EDGE('',*,*,#4516,.T.);
#5695=ORIENTED_EDGE('',*,*,#4489,.T.);
#5696=ORIENTED_EDGE('',*,*,#4517,.F.);
#5697=ORIENTED_EDGE('',*,*,#4518,.F.);
#5698=ORIENTED_EDGE('',*,*,#4519,.T.);
#5699=ORIENTED_EDGE('',*,*,#4485,.T.);
#5700=ORIENTED_EDGE('',*,*,#4520,.F.);
#5701=ORIENTED_EDGE('',*,*,#4521,.F.);
#5702=ORIENTED_EDGE('',*,*,#4517,.T.);
#5703=ORIENTED_EDGE('',*,*,#4481,.T.);
#5704=ORIENTED_EDGE('',*,*,#4522,.F.);
#5705=ORIENTED_EDGE('',*,*,#4523,.F.);
#5706=ORIENTED_EDGE('',*,*,#4524,.T.);
#5707=ORIENTED_EDGE('',*,*,#4487,.T.);
#5708=ORIENTED_EDGE('',*,*,#4525,.F.);
#5709=ORIENTED_EDGE('',*,*,#4526,.F.);
#5710=ORIENTED_EDGE('',*,*,#4527,.T.);
#5711=ORIENTED_EDGE('',*,*,#4483,.T.);
#5712=ORIENTED_EDGE('',*,*,#4528,.F.);
#5713=ORIENTED_EDGE('',*,*,#4529,.F.);
#5714=ORIENTED_EDGE('',*,*,#4530,.T.);
#5715=ORIENTED_EDGE('',*,*,#4531,.T.);
#5716=ORIENTED_EDGE('',*,*,#4441,.F.);
#5717=ORIENTED_EDGE('',*,*,#4532,.F.);
#5718=ORIENTED_EDGE('',*,*,#4533,.T.);
#5719=ORIENTED_EDGE('',*,*,#4494,.T.);
#5720=ORIENTED_EDGE('',*,*,#4534,.F.);
#5721=ORIENTED_EDGE('',*,*,#4535,.F.);
#5722=ORIENTED_EDGE('',*,*,#4536,.T.);
#5723=ORIENTED_EDGE('',*,*,#4500,.T.);
#5724=ORIENTED_EDGE('',*,*,#4537,.F.);
#5725=ORIENTED_EDGE('',*,*,#4538,.F.);
#5726=ORIENTED_EDGE('',*,*,#4539,.T.);
#5727=ORIENTED_EDGE('',*,*,#4502,.T.);
#5728=ORIENTED_EDGE('',*,*,#4540,.F.);
#5729=ORIENTED_EDGE('',*,*,#4541,.F.);
#5730=ORIENTED_EDGE('',*,*,#4479,.F.);
#5731=ORIENTED_EDGE('',*,*,#4501,.T.);
#5732=ORIENTED_EDGE('',*,*,#4542,.F.);
#5733=ORIENTED_EDGE('',*,*,#4543,.F.);
#5734=ORIENTED_EDGE('',*,*,#4540,.T.);
#5735=ORIENTED_EDGE('',*,*,#4493,.T.);
#5736=ORIENTED_EDGE('',*,*,#4544,.F.);
#5737=ORIENTED_EDGE('',*,*,#4545,.F.);
#5738=ORIENTED_EDGE('',*,*,#4534,.T.);
#5739=ORIENTED_EDGE('',*,*,#4499,.T.);
#5740=ORIENTED_EDGE('',*,*,#4546,.F.);
#5741=ORIENTED_EDGE('',*,*,#4547,.F.);
#5742=ORIENTED_EDGE('',*,*,#4537,.T.);
#5743=ORIENTED_EDGE('',*,*,#4495,.T.);
#5744=ORIENTED_EDGE('',*,*,#4533,.F.);
#5745=ORIENTED_EDGE('',*,*,#4548,.F.);
#5746=ORIENTED_EDGE('',*,*,#4549,.T.);
#5747=ORIENTED_EDGE('',*,*,#4513,.T.);
#5748=ORIENTED_EDGE('',*,*,#4550,.F.);
#5749=ORIENTED_EDGE('',*,*,#4551,.F.);
#5750=ORIENTED_EDGE('',*,*,#4552,.T.);
#5751=ORIENTED_EDGE('',*,*,#4511,.T.);
#5752=ORIENTED_EDGE('',*,*,#4553,.F.);
#5753=ORIENTED_EDGE('',*,*,#4554,.F.);
#5754=ORIENTED_EDGE('',*,*,#4555,.T.);
#5755=ORIENTED_EDGE('',*,*,#4505,.T.);
#5756=ORIENTED_EDGE('',*,*,#4556,.F.);
#5757=ORIENTED_EDGE('',*,*,#4557,.F.);
#5758=ORIENTED_EDGE('',*,*,#4558,.T.);
#5759=ORIENTED_EDGE('',*,*,#4515,.T.);
#5760=ORIENTED_EDGE('',*,*,#4559,.F.);
#5761=ORIENTED_EDGE('',*,*,#4560,.F.);
#5762=ORIENTED_EDGE('',*,*,#4561,.T.);
#5763=ORIENTED_EDGE('',*,*,#4562,.F.);
#5764=ORIENTED_EDGE('',*,*,#4563,.T.);
#5765=ORIENTED_EDGE('',*,*,#4564,.F.);
#5766=ORIENTED_EDGE('',*,*,#4565,.F.);
#5767=ORIENTED_EDGE('',*,*,#4566,.F.);
#5768=ORIENTED_EDGE('',*,*,#4567,.F.);
#5769=ORIENTED_EDGE('',*,*,#4568,.F.);
#5770=ORIENTED_EDGE('',*,*,#4569,.T.);
#5771=ORIENTED_EDGE('',*,*,#4570,.F.);
#5772=ORIENTED_EDGE('',*,*,#4571,.T.);
#5773=ORIENTED_EDGE('',*,*,#4572,.F.);
#5774=ORIENTED_EDGE('',*,*,#4573,.F.);
#5775=ORIENTED_EDGE('',*,*,#4574,.F.);
#5776=ORIENTED_EDGE('',*,*,#4575,.T.);
#5777=ORIENTED_EDGE('',*,*,#4576,.F.);
#5778=ORIENTED_EDGE('',*,*,#4577,.F.);
#5779=ORIENTED_EDGE('',*,*,#4578,.F.);
#5780=ORIENTED_EDGE('',*,*,#4579,.F.);
#5781=ORIENTED_EDGE('',*,*,#4580,.F.);
#5782=ORIENTED_EDGE('',*,*,#4581,.T.);
#5783=ORIENTED_EDGE('',*,*,#4582,.F.);
#5784=ORIENTED_EDGE('',*,*,#4583,.T.);
#5785=ORIENTED_EDGE('',*,*,#4584,.F.);
#5786=ORIENTED_EDGE('',*,*,#4585,.F.);
#5787=ORIENTED_EDGE('',*,*,#4586,.F.);
#5788=ORIENTED_EDGE('',*,*,#4587,.T.);
#5789=ORIENTED_EDGE('',*,*,#4588,.F.);
#5790=ORIENTED_EDGE('',*,*,#4589,.F.);
#5791=ORIENTED_EDGE('',*,*,#4590,.F.);
#5792=ORIENTED_EDGE('',*,*,#4591,.F.);
#5793=ORIENTED_EDGE('',*,*,#4592,.F.);
#5794=ORIENTED_EDGE('',*,*,#4593,.T.);
#5795=ORIENTED_EDGE('',*,*,#4594,.F.);
#5796=ORIENTED_EDGE('',*,*,#4595,.T.);
#5797=ORIENTED_EDGE('',*,*,#4596,.F.);
#5798=ORIENTED_EDGE('',*,*,#4597,.F.);
#5799=ORIENTED_EDGE('',*,*,#4461,.F.);
#5800=ORIENTED_EDGE('',*,*,#4598,.F.);
#5801=ORIENTED_EDGE('',*,*,#4599,.T.);
#5802=ORIENTED_EDGE('',*,*,#4563,.F.);
#5803=ORIENTED_EDGE('',*,*,#4569,.F.);
#5804=ORIENTED_EDGE('',*,*,#4600,.F.);
#5805=ORIENTED_EDGE('',*,*,#4601,.F.);
#5806=ORIENTED_EDGE('',*,*,#4602,.T.);
#5807=ORIENTED_EDGE('',*,*,#4571,.F.);
#5808=ORIENTED_EDGE('',*,*,#4603,.F.);
#5809=ORIENTED_EDGE('',*,*,#4604,.F.);
#5810=ORIENTED_EDGE('',*,*,#4459,.F.);
#5811=ORIENTED_EDGE('',*,*,#4605,.T.);
#5812=ORIENTED_EDGE('',*,*,#4570,.T.);
#5813=ORIENTED_EDGE('',*,*,#4606,.F.);
#5814=ORIENTED_EDGE('',*,*,#4607,.F.);
#5815=ORIENTED_EDGE('',*,*,#4603,.T.);
#5816=ORIENTED_EDGE('',*,*,#4608,.T.);
#5817=ORIENTED_EDGE('',*,*,#4457,.F.);
#5818=ORIENTED_EDGE('',*,*,#4609,.F.);
#5819=ORIENTED_EDGE('',*,*,#4606,.T.);
#5820=ORIENTED_EDGE('',*,*,#4573,.T.);
#5821=ORIENTED_EDGE('',*,*,#4610,.F.);
#5822=ORIENTED_EDGE('',*,*,#4611,.F.);
#5823=ORIENTED_EDGE('',*,*,#4612,.T.);
#5824=ORIENTED_EDGE('',*,*,#4567,.T.);
#5825=ORIENTED_EDGE('',*,*,#4613,.F.);
#5826=ORIENTED_EDGE('',*,*,#4614,.F.);
#5827=ORIENTED_EDGE('',*,*,#4615,.T.);
#5828=ORIENTED_EDGE('',*,*,#4565,.T.);
#5829=ORIENTED_EDGE('',*,*,#4616,.F.);
#5830=ORIENTED_EDGE('',*,*,#4617,.F.);
#5831=ORIENTED_EDGE('',*,*,#4463,.F.);
#5832=ORIENTED_EDGE('',*,*,#4566,.T.);
#5833=ORIENTED_EDGE('',*,*,#4618,.F.);
#5834=ORIENTED_EDGE('',*,*,#4619,.F.);
#5835=ORIENTED_EDGE('',*,*,#4613,.T.);
#5836=ORIENTED_EDGE('',*,*,#4562,.T.);
#5837=ORIENTED_EDGE('',*,*,#4615,.F.);
#5838=ORIENTED_EDGE('',*,*,#4620,.F.);
#5839=ORIENTED_EDGE('',*,*,#4618,.T.);
#5840=ORIENTED_EDGE('',*,*,#4572,.T.);
#5841=ORIENTED_EDGE('',*,*,#4602,.F.);
#5842=ORIENTED_EDGE('',*,*,#4621,.F.);
#5843=ORIENTED_EDGE('',*,*,#4610,.T.);
#5844=ORIENTED_EDGE('',*,*,#4564,.T.);
#5845=ORIENTED_EDGE('',*,*,#4599,.F.);
#5846=ORIENTED_EDGE('',*,*,#4622,.F.);
#5847=ORIENTED_EDGE('',*,*,#4616,.T.);
#5848=ORIENTED_EDGE('',*,*,#4582,.T.);
#5849=ORIENTED_EDGE('',*,*,#4623,.F.);
#5850=ORIENTED_EDGE('',*,*,#4624,.F.);
#5851=ORIENTED_EDGE('',*,*,#4625,.T.);
#5852=ORIENTED_EDGE('',*,*,#4626,.T.);
#5853=ORIENTED_EDGE('',*,*,#4453,.F.);
#5854=ORIENTED_EDGE('',*,*,#4627,.F.);
#5855=ORIENTED_EDGE('',*,*,#4623,.T.);
#5856=ORIENTED_EDGE('',*,*,#4585,.T.);
#5857=ORIENTED_EDGE('',*,*,#4628,.F.);
#5858=ORIENTED_EDGE('',*,*,#4629,.F.);
#5859=ORIENTED_EDGE('',*,*,#4630,.T.);
#5860=ORIENTED_EDGE('',*,*,#4579,.T.);
#5861=ORIENTED_EDGE('',*,*,#4631,.F.);
#5862=ORIENTED_EDGE('',*,*,#4632,.F.);
#5863=ORIENTED_EDGE('',*,*,#4633,.T.);
#5864=ORIENTED_EDGE('',*,*,#4577,.T.);
#5865=ORIENTED_EDGE('',*,*,#4634,.F.);
#5866=ORIENTED_EDGE('',*,*,#4635,.F.);
#5867=ORIENTED_EDGE('',*,*,#4467,.F.);
#5868=ORIENTED_EDGE('',*,*,#4574,.T.);
#5869=ORIENTED_EDGE('',*,*,#4633,.F.);
#5870=ORIENTED_EDGE('',*,*,#4636,.F.);
#5871=ORIENTED_EDGE('',*,*,#4637,.T.);
#5872=ORIENTED_EDGE('',*,*,#4584,.T.);
#5873=ORIENTED_EDGE('',*,*,#4638,.F.);
#5874=ORIENTED_EDGE('',*,*,#4639,.F.);
#5875=ORIENTED_EDGE('',*,*,#4628,.T.);
#5876=ORIENTED_EDGE('',*,*,#4576,.T.);
#5877=ORIENTED_EDGE('',*,*,#4640,.F.);
#5878=ORIENTED_EDGE('',*,*,#4641,.F.);
#5879=ORIENTED_EDGE('',*,*,#4634,.T.);
#5880=ORIENTED_EDGE('',*,*,#4594,.T.);
#5881=ORIENTED_EDGE('',*,*,#4642,.F.);
#5882=ORIENTED_EDGE('',*,*,#4643,.F.);
#5883=ORIENTED_EDGE('',*,*,#4644,.T.);
#5884=ORIENTED_EDGE('',*,*,#4645,.T.);
#5885=ORIENTED_EDGE('',*,*,#4449,.F.);
#5886=ORIENTED_EDGE('',*,*,#4646,.F.);
#5887=ORIENTED_EDGE('',*,*,#4642,.T.);
#5888=ORIENTED_EDGE('',*,*,#4597,.T.);
#5889=ORIENTED_EDGE('',*,*,#4647,.F.);
#5890=ORIENTED_EDGE('',*,*,#4648,.F.);
#5891=ORIENTED_EDGE('',*,*,#4649,.T.);
#5892=ORIENTED_EDGE('',*,*,#4591,.T.);
#5893=ORIENTED_EDGE('',*,*,#4650,.F.);
#5894=ORIENTED_EDGE('',*,*,#4651,.F.);
#5895=ORIENTED_EDGE('',*,*,#4652,.T.);
#5896=ORIENTED_EDGE('',*,*,#4589,.T.);
#5897=ORIENTED_EDGE('',*,*,#4653,.F.);
#5898=ORIENTED_EDGE('',*,*,#4654,.F.);
#5899=ORIENTED_EDGE('',*,*,#4471,.F.);
#5900=ORIENTED_EDGE('',*,*,#4586,.T.);
#5901=ORIENTED_EDGE('',*,*,#4652,.F.);
#5902=ORIENTED_EDGE('',*,*,#4655,.F.);
#5903=ORIENTED_EDGE('',*,*,#4656,.T.);
#5904=ORIENTED_EDGE('',*,*,#4592,.T.);
#5905=ORIENTED_EDGE('',*,*,#4649,.F.);
#5906=ORIENTED_EDGE('',*,*,#4657,.F.);
#5907=ORIENTED_EDGE('',*,*,#4658,.T.);
#5908=ORIENTED_EDGE('',*,*,#4588,.T.);
#5909=ORIENTED_EDGE('',*,*,#4659,.F.);
#5910=ORIENTED_EDGE('',*,*,#4660,.F.);
#5911=ORIENTED_EDGE('',*,*,#4653,.T.);
#5912=ORIENTED_EDGE('',*,*,#4473,.F.);
#5913=ORIENTED_EDGE('',*,*,#4661,.F.);
#5914=ORIENTED_EDGE('',*,*,#4525,.T.);
#5915=ORIENTED_EDGE('',*,*,#4486,.F.);
#5916=ORIENTED_EDGE('',*,*,#4492,.F.);
#5917=ORIENTED_EDGE('',*,*,#4662,.F.);
#5918=ORIENTED_EDGE('',*,*,#4663,.F.);
#5919=ORIENTED_EDGE('',*,*,#4528,.T.);
#5920=ORIENTED_EDGE('',*,*,#4482,.F.);
#5921=ORIENTED_EDGE('',*,*,#4524,.F.);
#5922=ORIENTED_EDGE('',*,*,#4664,.F.);
#5923=ORIENTED_EDGE('',*,*,#4447,.F.);
#5924=ORIENTED_EDGE('',*,*,#4665,.T.);
#5925=ORIENTED_EDGE('',*,*,#4491,.T.);
#5926=ORIENTED_EDGE('',*,*,#4666,.F.);
#5927=ORIENTED_EDGE('',*,*,#4667,.F.);
#5928=ORIENTED_EDGE('',*,*,#4662,.T.);
#5929=ORIENTED_EDGE('',*,*,#4465,.F.);
#5930=ORIENTED_EDGE('',*,*,#4668,.F.);
#5931=ORIENTED_EDGE('',*,*,#4640,.T.);
#5932=ORIENTED_EDGE('',*,*,#4575,.F.);
#5933=ORIENTED_EDGE('',*,*,#4581,.F.);
#5934=ORIENTED_EDGE('',*,*,#4669,.F.);
#5935=ORIENTED_EDGE('',*,*,#4670,.F.);
#5936=ORIENTED_EDGE('',*,*,#4638,.T.);
#5937=ORIENTED_EDGE('',*,*,#4583,.F.);
#5938=ORIENTED_EDGE('',*,*,#4625,.F.);
#5939=ORIENTED_EDGE('',*,*,#4671,.F.);
#5940=ORIENTED_EDGE('',*,*,#4455,.F.);
#5941=ORIENTED_EDGE('',*,*,#4672,.T.);
#5942=ORIENTED_EDGE('',*,*,#4454,.F.);
#5943=ORIENTED_EDGE('',*,*,#4626,.F.);
#5944=ORIENTED_EDGE('',*,*,#4466,.F.);
#5945=ORIENTED_EDGE('',*,*,#4672,.F.);
#5946=ORIENTED_EDGE('',*,*,#4458,.F.);
#5947=ORIENTED_EDGE('',*,*,#4608,.F.);
#5948=ORIENTED_EDGE('',*,*,#4462,.F.);
#5949=ORIENTED_EDGE('',*,*,#4605,.F.);
#5950=ORIENTED_EDGE('',*,*,#4578,.T.);
#5951=ORIENTED_EDGE('',*,*,#4637,.F.);
#5952=ORIENTED_EDGE('',*,*,#4673,.F.);
#5953=ORIENTED_EDGE('',*,*,#4631,.T.);
#5954=ORIENTED_EDGE('',*,*,#4469,.F.);
#5955=ORIENTED_EDGE('',*,*,#4674,.F.);
#5956=ORIENTED_EDGE('',*,*,#4659,.T.);
#5957=ORIENTED_EDGE('',*,*,#4587,.F.);
#5958=ORIENTED_EDGE('',*,*,#4593,.F.);
#5959=ORIENTED_EDGE('',*,*,#4658,.F.);
#5960=ORIENTED_EDGE('',*,*,#4675,.F.);
#5961=ORIENTED_EDGE('',*,*,#4676,.T.);
#5962=ORIENTED_EDGE('',*,*,#4595,.F.);
#5963=ORIENTED_EDGE('',*,*,#4644,.F.);
#5964=ORIENTED_EDGE('',*,*,#4677,.F.);
#5965=ORIENTED_EDGE('',*,*,#4451,.F.);
#5966=ORIENTED_EDGE('',*,*,#4678,.T.);
#5967=ORIENTED_EDGE('',*,*,#4450,.F.);
#5968=ORIENTED_EDGE('',*,*,#4645,.F.);
#5969=ORIENTED_EDGE('',*,*,#4470,.F.);
#5970=ORIENTED_EDGE('',*,*,#4678,.F.);
#5971=ORIENTED_EDGE('',*,*,#4507,.T.);
#5972=ORIENTED_EDGE('',*,*,#4679,.F.);
#5973=ORIENTED_EDGE('',*,*,#4680,.F.);
#5974=ORIENTED_EDGE('',*,*,#4681,.T.);
#5975=ORIENTED_EDGE('',*,*,#4682,.T.);
#5976=ORIENTED_EDGE('',*,*,#4445,.F.);
#5977=ORIENTED_EDGE('',*,*,#4683,.F.);
#5978=ORIENTED_EDGE('',*,*,#4522,.T.);
#5979=ORIENTED_EDGE('',*,*,#4484,.T.);
#5980=ORIENTED_EDGE('',*,*,#4530,.F.);
#5981=ORIENTED_EDGE('',*,*,#4684,.F.);
#5982=ORIENTED_EDGE('',*,*,#4666,.T.);
#5983=ORIENTED_EDGE('',*,*,#4490,.T.);
#5984=ORIENTED_EDGE('',*,*,#4519,.F.);
#5985=ORIENTED_EDGE('',*,*,#4685,.F.);
#5986=ORIENTED_EDGE('',*,*,#4520,.T.);
#5987=ORIENTED_EDGE('',*,*,#4488,.T.);
#5988=ORIENTED_EDGE('',*,*,#4527,.F.);
#5989=ORIENTED_EDGE('',*,*,#4686,.F.);
#5990=ORIENTED_EDGE('',*,*,#4475,.F.);
#5991=ORIENTED_EDGE('',*,*,#4682,.F.);
#5992=ORIENTED_EDGE('',*,*,#4474,.F.);
#5993=ORIENTED_EDGE('',*,*,#4665,.F.);
#5994=ORIENTED_EDGE('',*,*,#4446,.F.);
#5995=ORIENTED_EDGE('',*,*,#4477,.F.);
#5996=ORIENTED_EDGE('',*,*,#4687,.F.);
#5997=ORIENTED_EDGE('',*,*,#4542,.T.);
#5998=ORIENTED_EDGE('',*,*,#4504,.F.);
#5999=ORIENTED_EDGE('',*,*,#4498,.F.);
#6000=ORIENTED_EDGE('',*,*,#4688,.F.);
#6001=ORIENTED_EDGE('',*,*,#4689,.F.);
#6002=ORIENTED_EDGE('',*,*,#4544,.T.);
#6003=ORIENTED_EDGE('',*,*,#4496,.F.);
#6004=ORIENTED_EDGE('',*,*,#4549,.F.);
#6005=ORIENTED_EDGE('',*,*,#4690,.F.);
#6006=ORIENTED_EDGE('',*,*,#4443,.F.);
#6007=ORIENTED_EDGE('',*,*,#4691,.T.);
#6008=ORIENTED_EDGE('',*,*,#4478,.F.);
#6009=ORIENTED_EDGE('',*,*,#4691,.F.);
#6010=ORIENTED_EDGE('',*,*,#4442,.F.);
#6011=ORIENTED_EDGE('',*,*,#4531,.F.);
#6012=ORIENTED_EDGE('',*,*,#4509,.T.);
#6013=ORIENTED_EDGE('',*,*,#4692,.F.);
#6014=ORIENTED_EDGE('',*,*,#4693,.F.);
#6015=ORIENTED_EDGE('',*,*,#4550,.T.);
#6016=ORIENTED_EDGE('',*,*,#4437,.F.);
#6017=ORIENTED_EDGE('',*,*,#4694,.F.);
#6018=ORIENTED_EDGE('',*,*,#4556,.T.);
#6019=ORIENTED_EDGE('',*,*,#4508,.T.);
#6020=ORIENTED_EDGE('',*,*,#4681,.F.);
#6021=ORIENTED_EDGE('',*,*,#4695,.F.);
#6022=ORIENTED_EDGE('',*,*,#4559,.T.);
#6023=ORIENTED_EDGE('',*,*,#4514,.T.);
#6024=ORIENTED_EDGE('',*,*,#4552,.F.);
#6025=ORIENTED_EDGE('',*,*,#4696,.F.);
#6026=ORIENTED_EDGE('',*,*,#4692,.T.);
#6027=ORIENTED_EDGE('',*,*,#4512,.T.);
#6028=ORIENTED_EDGE('',*,*,#4555,.F.);
#6029=ORIENTED_EDGE('',*,*,#4697,.F.);
#6030=ORIENTED_EDGE('',*,*,#4435,.F.);
#6031=ORIENTED_EDGE('',*,*,#4698,.T.);
#6032=ORIENTED_EDGE('',*,*,#4698,.F.);
#6033=ORIENTED_EDGE('',*,*,#4434,.F.);
#6034=ORIENTED_EDGE('',*,*,#4699,.F.);
#6035=ORIENTED_EDGE('',*,*,#4438,.F.);
#6036=ORIENTED_EDGE('',*,*,#4497,.T.);
#6037=ORIENTED_EDGE('',*,*,#4536,.F.);
#6038=ORIENTED_EDGE('',*,*,#4700,.F.);
#6039=ORIENTED_EDGE('',*,*,#4688,.T.);
#6040=ORIENTED_EDGE('',*,*,#4590,.T.);
#6041=ORIENTED_EDGE('',*,*,#4656,.F.);
#6042=ORIENTED_EDGE('',*,*,#4701,.F.);
#6043=ORIENTED_EDGE('',*,*,#4650,.T.);
#6044=ORIENTED_EDGE('',*,*,#4580,.T.);
#6045=ORIENTED_EDGE('',*,*,#4630,.F.);
#6046=ORIENTED_EDGE('',*,*,#4702,.F.);
#6047=ORIENTED_EDGE('',*,*,#4669,.T.);
#6048=ORIENTED_EDGE('',*,*,#4568,.T.);
#6049=ORIENTED_EDGE('',*,*,#4612,.F.);
#6050=ORIENTED_EDGE('',*,*,#4703,.F.);
#6051=ORIENTED_EDGE('',*,*,#4600,.T.);
#6052=ORIENTED_EDGE('',*,*,#4596,.T.);
#6053=ORIENTED_EDGE('',*,*,#4676,.F.);
#6054=ORIENTED_EDGE('',*,*,#4704,.F.);
#6055=ORIENTED_EDGE('',*,*,#4647,.T.);
#6056=ORIENTED_EDGE('',*,*,#4503,.T.);
#6057=ORIENTED_EDGE('',*,*,#4539,.F.);
#6058=ORIENTED_EDGE('',*,*,#4705,.F.);
#6059=ORIENTED_EDGE('',*,*,#4546,.T.);
#6060=ORIENTED_EDGE('',*,*,#4699,.T.);
#6061=ORIENTED_EDGE('',*,*,#4433,.F.);
#6062=ORIENTED_EDGE('',*,*,#4706,.F.);
#6063=ORIENTED_EDGE('',*,*,#4553,.T.);
#6064=ORIENTED_EDGE('',*,*,#4510,.F.);
#6065=ORIENTED_EDGE('',*,*,#4516,.F.);
#6066=ORIENTED_EDGE('',*,*,#4561,.F.);
#6067=ORIENTED_EDGE('',*,*,#4707,.F.);
#6068=ORIENTED_EDGE('',*,*,#4679,.T.);
#6069=ORIENTED_EDGE('',*,*,#4506,.F.);
#6070=ORIENTED_EDGE('',*,*,#4558,.F.);
#6071=ORIENTED_EDGE('',*,*,#4708,.F.);
#6072=ORIENTED_EDGE('',*,*,#4439,.F.);
#6073=ORIENTED_EDGE('',*,*,#4709,.F.);
#6074=ORIENTED_EDGE('',*,*,#4710,.T.);
#6075=ORIENTED_EDGE('',*,*,#4711,.T.);
#6076=ORIENTED_EDGE('',*,*,#4712,.F.);
#6077=ORIENTED_EDGE('',*,*,#4713,.F.);
#6078=ORIENTED_EDGE('',*,*,#4714,.T.);
#6079=ORIENTED_EDGE('',*,*,#4715,.T.);
#6080=ORIENTED_EDGE('',*,*,#4710,.F.);
#6081=ORIENTED_EDGE('',*,*,#4715,.F.);
#6082=ORIENTED_EDGE('',*,*,#4716,.F.);
#6083=ORIENTED_EDGE('',*,*,#4717,.F.);
#6084=ORIENTED_EDGE('',*,*,#4711,.F.);
#6085=ORIENTED_EDGE('',*,*,#4397,.T.);
#6086=ORIENTED_EDGE('',*,*,#4718,.T.);
#6087=ORIENTED_EDGE('',*,*,#4719,.T.);
#6088=ORIENTED_EDGE('',*,*,#4720,.T.);
#6089=ORIENTED_EDGE('',*,*,#4721,.T.);
#6090=ORIENTED_EDGE('',*,*,#4722,.T.);
#6091=ORIENTED_EDGE('',*,*,#4723,.T.);
#6092=ORIENTED_EDGE('',*,*,#4724,.T.);
#6093=ORIENTED_EDGE('',*,*,#4725,.T.);
#6094=ORIENTED_EDGE('',*,*,#4726,.T.);
#6095=ORIENTED_EDGE('',*,*,#4727,.T.);
#6096=ORIENTED_EDGE('',*,*,#4728,.T.);
#6097=ORIENTED_EDGE('',*,*,#4729,.T.);
#6098=ORIENTED_EDGE('',*,*,#4730,.T.);
#6099=ORIENTED_EDGE('',*,*,#4731,.T.);
#6100=ORIENTED_EDGE('',*,*,#4732,.T.);
#6101=ORIENTED_EDGE('',*,*,#4733,.T.);
#6102=ORIENTED_EDGE('',*,*,#4734,.T.);
#6103=ORIENTED_EDGE('',*,*,#4735,.T.);
#6104=ORIENTED_EDGE('',*,*,#4736,.T.);
#6105=ORIENTED_EDGE('',*,*,#4737,.T.);
#6106=ORIENTED_EDGE('',*,*,#4738,.T.);
#6107=ORIENTED_EDGE('',*,*,#4739,.T.);
#6108=ORIENTED_EDGE('',*,*,#4740,.T.);
#6109=ORIENTED_EDGE('',*,*,#4741,.T.);
#6110=ORIENTED_EDGE('',*,*,#4713,.T.);
#6111=ORIENTED_EDGE('',*,*,#4709,.T.);
#6112=ORIENTED_EDGE('',*,*,#4742,.T.);
#6113=ORIENTED_EDGE('',*,*,#4743,.T.);
#6114=ORIENTED_EDGE('',*,*,#4744,.T.);
#6115=ORIENTED_EDGE('',*,*,#4745,.T.);
#6116=ORIENTED_EDGE('',*,*,#4746,.T.);
#6117=ORIENTED_EDGE('',*,*,#4747,.T.);
#6118=ORIENTED_EDGE('',*,*,#4418,.T.);
#6119=ORIENTED_EDGE('',*,*,#4748,.T.);
#6120=ORIENTED_EDGE('',*,*,#4749,.T.);
#6121=ORIENTED_EDGE('',*,*,#4750,.T.);
#6122=ORIENTED_EDGE('',*,*,#4751,.T.);
#6123=ORIENTED_EDGE('',*,*,#4752,.T.);
#6124=ORIENTED_EDGE('',*,*,#4753,.T.);
#6125=ORIENTED_EDGE('',*,*,#4754,.T.);
#6126=ORIENTED_EDGE('',*,*,#4755,.T.);
#6127=ORIENTED_EDGE('',*,*,#4756,.T.);
#6128=ORIENTED_EDGE('',*,*,#4757,.T.);
#6129=ORIENTED_EDGE('',*,*,#4758,.T.);
#6130=ORIENTED_EDGE('',*,*,#4759,.T.);
#6131=ORIENTED_EDGE('',*,*,#4760,.T.);
#6132=ORIENTED_EDGE('',*,*,#4761,.T.);
#6133=ORIENTED_EDGE('',*,*,#4762,.T.);
#6134=ORIENTED_EDGE('',*,*,#4763,.T.);
#6135=ORIENTED_EDGE('',*,*,#4764,.T.);
#6136=ORIENTED_EDGE('',*,*,#4765,.T.);
#6137=ORIENTED_EDGE('',*,*,#4766,.T.);
#6138=ORIENTED_EDGE('',*,*,#4767,.T.);
#6139=ORIENTED_EDGE('',*,*,#4768,.T.);
#6140=ORIENTED_EDGE('',*,*,#4769,.T.);
#6141=ORIENTED_EDGE('',*,*,#4770,.T.);
#6142=ORIENTED_EDGE('',*,*,#4771,.T.);
#6143=ORIENTED_EDGE('',*,*,#4772,.T.);
#6144=ORIENTED_EDGE('',*,*,#4773,.T.);
#6145=ORIENTED_EDGE('',*,*,#4774,.T.);
#6146=ORIENTED_EDGE('',*,*,#4775,.T.);
#6147=ORIENTED_EDGE('',*,*,#4776,.T.);
#6148=ORIENTED_EDGE('',*,*,#4777,.T.);
#6149=ORIENTED_EDGE('',*,*,#4778,.T.);
#6150=ORIENTED_EDGE('',*,*,#4415,.T.);
#6151=ORIENTED_EDGE('',*,*,#4779,.T.);
#6152=ORIENTED_EDGE('',*,*,#4402,.T.);
#6153=ORIENTED_EDGE('',*,*,#4432,.F.);
#6154=ORIENTED_EDGE('',*,*,#4780,.T.);
#6155=ORIENTED_EDGE('',*,*,#4777,.F.);
#6156=ORIENTED_EDGE('',*,*,#4781,.T.);
#6157=ORIENTED_EDGE('',*,*,#4782,.F.);
#6158=ORIENTED_EDGE('',*,*,#4783,.T.);
#6159=ORIENTED_EDGE('',*,*,#4784,.F.);
#6160=ORIENTED_EDGE('',*,*,#4785,.T.);
#6161=ORIENTED_EDGE('',*,*,#4786,.T.);
#6162=ORIENTED_EDGE('',*,*,#4787,.T.);
#6163=ORIENTED_EDGE('',*,*,#4788,.F.);
#6164=ORIENTED_EDGE('',*,*,#4789,.T.);
#6165=ORIENTED_EDGE('',*,*,#4790,.F.);
#6166=ORIENTED_EDGE('',*,*,#4791,.T.);
#6167=ORIENTED_EDGE('',*,*,#4792,.T.);
#6168=ORIENTED_EDGE('',*,*,#4793,.F.);
#6169=ORIENTED_EDGE('',*,*,#4794,.F.);
#6170=ORIENTED_EDGE('',*,*,#4738,.F.);
#6171=ORIENTED_EDGE('',*,*,#4795,.F.);
#6172=ORIENTED_EDGE('',*,*,#4718,.F.);
#6173=ORIENTED_EDGE('',*,*,#4396,.T.);
#6174=ORIENTED_EDGE('',*,*,#4796,.T.);
#6175=ORIENTED_EDGE('',*,*,#4797,.T.);
#6176=ORIENTED_EDGE('',*,*,#4798,.T.);
#6177=ORIENTED_EDGE('',*,*,#4799,.T.);
#6178=ORIENTED_EDGE('',*,*,#4800,.T.);
#6179=ORIENTED_EDGE('',*,*,#4801,.T.);
#6180=ORIENTED_EDGE('',*,*,#4802,.T.);
#6181=ORIENTED_EDGE('',*,*,#4803,.T.);
#6182=ORIENTED_EDGE('',*,*,#4804,.T.);
#6183=ORIENTED_EDGE('',*,*,#4805,.T.);
#6184=ORIENTED_EDGE('',*,*,#4806,.T.);
#6185=ORIENTED_EDGE('',*,*,#4807,.T.);
#6186=ORIENTED_EDGE('',*,*,#4779,.F.);
#6187=ORIENTED_EDGE('',*,*,#4414,.T.);
#6188=ORIENTED_EDGE('',*,*,#4808,.F.);
#6189=ORIENTED_EDGE('',*,*,#4781,.F.);
#6190=ORIENTED_EDGE('',*,*,#4809,.F.);
#6191=ORIENTED_EDGE('',*,*,#4810,.F.);
#6192=ORIENTED_EDGE('',*,*,#4811,.F.);
#6193=ORIENTED_EDGE('',*,*,#4812,.T.);
#6194=ORIENTED_EDGE('',*,*,#4813,.T.);
#6195=ORIENTED_EDGE('',*,*,#4814,.T.);
#6196=ORIENTED_EDGE('',*,*,#4815,.T.);
#6197=ORIENTED_EDGE('',*,*,#4809,.T.);
#6198=ORIENTED_EDGE('',*,*,#4816,.T.);
#6199=ORIENTED_EDGE('',*,*,#4817,.T.);
#6200=ORIENTED_EDGE('',*,*,#4818,.T.);
#6201=ORIENTED_EDGE('',*,*,#4811,.T.);
#6202=ORIENTED_EDGE('',*,*,#4816,.F.);
#6203=ORIENTED_EDGE('',*,*,#4810,.T.);
#6204=ORIENTED_EDGE('',*,*,#4815,.F.);
#6205=ORIENTED_EDGE('',*,*,#4819,.F.);
#6206=ORIENTED_EDGE('',*,*,#4749,.F.);
#6207=ORIENTED_EDGE('',*,*,#4820,.T.);
#6208=ORIENTED_EDGE('',*,*,#4818,.F.);
#6209=ORIENTED_EDGE('',*,*,#4821,.F.);
#6210=ORIENTED_EDGE('',*,*,#4763,.F.);
#6211=ORIENTED_EDGE('',*,*,#4822,.T.);
#6212=ORIENTED_EDGE('',*,*,#4813,.F.);
#6213=ORIENTED_EDGE('',*,*,#4812,.F.);
#6214=ORIENTED_EDGE('',*,*,#4814,.F.);
#6215=ORIENTED_EDGE('',*,*,#4823,.T.);
#6216=ORIENTED_EDGE('',*,*,#4824,.T.);
#6217=ORIENTED_EDGE('',*,*,#4825,.F.);
#6218=ORIENTED_EDGE('',*,*,#4826,.T.);
#6219=ORIENTED_EDGE('',*,*,#4827,.T.);
#6220=ORIENTED_EDGE('',*,*,#4828,.T.);
#6221=ORIENTED_EDGE('',*,*,#4829,.F.);
#6222=ORIENTED_EDGE('',*,*,#4830,.T.);
#6223=ORIENTED_EDGE('',*,*,#4831,.T.);
#6224=ORIENTED_EDGE('',*,*,#4832,.T.);
#6225=ORIENTED_EDGE('',*,*,#4833,.F.);
#6226=ORIENTED_EDGE('',*,*,#4834,.T.);
#6227=ORIENTED_EDGE('',*,*,#4835,.T.);
#6228=ORIENTED_EDGE('',*,*,#4836,.T.);
#6229=ORIENTED_EDGE('',*,*,#4837,.F.);
#6230=ORIENTED_EDGE('',*,*,#4838,.T.);
#6231=ORIENTED_EDGE('',*,*,#4839,.T.);
#6232=ORIENTED_EDGE('',*,*,#4838,.F.);
#6233=ORIENTED_EDGE('',*,*,#4839,.F.);
#6234=ORIENTED_EDGE('',*,*,#4840,.F.);
#6235=ORIENTED_EDGE('',*,*,#4841,.T.);
#6236=ORIENTED_EDGE('',*,*,#4842,.T.);
#6237=ORIENTED_EDGE('',*,*,#4841,.F.);
#6238=ORIENTED_EDGE('',*,*,#4842,.F.);
#6239=ORIENTED_EDGE('',*,*,#4843,.F.);
#6240=ORIENTED_EDGE('',*,*,#4844,.T.);
#6241=ORIENTED_EDGE('',*,*,#4845,.T.);
#6242=ORIENTED_EDGE('',*,*,#4844,.F.);
#6243=ORIENTED_EDGE('',*,*,#4845,.F.);
#6244=ORIENTED_EDGE('',*,*,#4846,.F.);
#6245=ORIENTED_EDGE('',*,*,#4847,.T.);
#6246=ORIENTED_EDGE('',*,*,#4848,.T.);
#6247=ORIENTED_EDGE('',*,*,#4847,.F.);
#6248=ORIENTED_EDGE('',*,*,#4848,.F.);
#6249=ORIENTED_EDGE('',*,*,#4849,.T.);
#6250=ORIENTED_EDGE('',*,*,#4850,.T.);
#6251=ORIENTED_EDGE('',*,*,#4851,.T.);
#6252=ORIENTED_EDGE('',*,*,#4852,.T.);
#6253=ORIENTED_EDGE('',*,*,#4853,.T.);
#6254=ORIENTED_EDGE('',*,*,#4854,.T.);
#6255=ORIENTED_EDGE('',*,*,#4852,.F.);
#6256=ORIENTED_EDGE('',*,*,#4855,.T.);
#6257=ORIENTED_EDGE('',*,*,#4856,.T.);
#6258=ORIENTED_EDGE('',*,*,#4857,.F.);
#6259=ORIENTED_EDGE('',*,*,#4851,.F.);
#6260=ORIENTED_EDGE('',*,*,#4858,.F.);
#6261=ORIENTED_EDGE('',*,*,#4859,.F.);
#6262=ORIENTED_EDGE('',*,*,#4860,.T.);
#6263=ORIENTED_EDGE('',*,*,#4855,.F.);
#6264=ORIENTED_EDGE('',*,*,#4850,.F.);
#6265=ORIENTED_EDGE('',*,*,#4861,.F.);
#6266=ORIENTED_EDGE('',*,*,#4862,.F.);
#6267=ORIENTED_EDGE('',*,*,#4792,.F.);
#6268=ORIENTED_EDGE('',*,*,#4863,.F.);
#6269=ORIENTED_EDGE('',*,*,#4864,.F.);
#6270=ORIENTED_EDGE('',*,*,#4865,.T.);
#6271=ORIENTED_EDGE('',*,*,#4858,.T.);
#6272=ORIENTED_EDGE('',*,*,#4854,.F.);
#6273=ORIENTED_EDGE('',*,*,#4866,.T.);
#6274=ORIENTED_EDGE('',*,*,#4867,.F.);
#6275=ORIENTED_EDGE('',*,*,#4868,.T.);
#6276=ORIENTED_EDGE('',*,*,#4869,.T.);
#6277=ORIENTED_EDGE('',*,*,#4870,.T.);
#6278=ORIENTED_EDGE('',*,*,#4871,.T.);
#6279=ORIENTED_EDGE('',*,*,#4872,.T.);
#6280=ORIENTED_EDGE('',*,*,#4871,.F.);
#6281=ORIENTED_EDGE('',*,*,#4873,.T.);
#6282=ORIENTED_EDGE('',*,*,#4874,.F.);
#6283=ORIENTED_EDGE('',*,*,#4875,.T.);
#6284=ORIENTED_EDGE('',*,*,#4876,.F.);
#6285=ORIENTED_EDGE('',*,*,#4877,.T.);
#6286=ORIENTED_EDGE('',*,*,#4878,.F.);
#6287=ORIENTED_EDGE('',*,*,#4879,.T.);
#6288=ORIENTED_EDGE('',*,*,#4880,.T.);
#6289=ORIENTED_EDGE('',*,*,#4881,.T.);
#6290=ORIENTED_EDGE('',*,*,#4882,.T.);
#6291=ORIENTED_EDGE('',*,*,#4883,.T.);
#6292=ORIENTED_EDGE('',*,*,#4884,.T.);
#6293=ORIENTED_EDGE('',*,*,#4885,.T.);
#6294=ORIENTED_EDGE('',*,*,#4870,.F.);
#6295=ORIENTED_EDGE('',*,*,#4886,.T.);
#6296=ORIENTED_EDGE('',*,*,#4887,.F.);
#6297=ORIENTED_EDGE('',*,*,#4873,.F.);
#6298=ORIENTED_EDGE('',*,*,#4872,.F.);
#6299=ORIENTED_EDGE('',*,*,#4879,.F.);
#6300=ORIENTED_EDGE('',*,*,#4888,.F.);
#6301=ORIENTED_EDGE('',*,*,#4889,.T.);
#6302=ORIENTED_EDGE('',*,*,#4849,.F.);
#6303=ORIENTED_EDGE('',*,*,#4868,.F.);
#6304=ORIENTED_EDGE('',*,*,#4890,.F.);
#6305=ORIENTED_EDGE('',*,*,#4891,.F.);
#6306=ORIENTED_EDGE('',*,*,#4892,.F.);
#6307=ORIENTED_EDGE('',*,*,#4893,.T.);
#6308=ORIENTED_EDGE('',*,*,#4894,.F.);
#6309=ORIENTED_EDGE('',*,*,#4895,.T.);
#6310=ORIENTED_EDGE('',*,*,#4896,.F.);
#6311=ORIENTED_EDGE('',*,*,#4886,.F.);
#6312=ORIENTED_EDGE('',*,*,#4869,.F.);
#6313=ORIENTED_EDGE('',*,*,#4889,.F.);
#6314=ORIENTED_EDGE('',*,*,#4897,.F.);
#6315=ORIENTED_EDGE('',*,*,#4861,.T.);
#6316=ORIENTED_EDGE('',*,*,#4898,.T.);
#6317=ORIENTED_EDGE('',*,*,#4899,.T.);
#6318=ORIENTED_EDGE('',*,*,#4900,.T.);
#6319=ORIENTED_EDGE('',*,*,#4901,.T.);
#6320=ORIENTED_EDGE('',*,*,#4902,.T.);
#6321=ORIENTED_EDGE('',*,*,#4903,.T.);
#6322=ORIENTED_EDGE('',*,*,#4904,.T.);
#6323=ORIENTED_EDGE('',*,*,#4905,.T.);
#6324=ORIENTED_EDGE('',*,*,#4906,.T.);
#6325=ORIENTED_EDGE('',*,*,#4907,.T.);
#6326=ORIENTED_EDGE('',*,*,#4908,.T.);
#6327=ORIENTED_EDGE('',*,*,#4909,.T.);
#6328=ORIENTED_EDGE('',*,*,#4874,.T.);
#6329=ORIENTED_EDGE('',*,*,#4887,.T.);
#6330=ORIENTED_EDGE('',*,*,#4896,.T.);
#6331=ORIENTED_EDGE('',*,*,#4910,.T.);
#6332=ORIENTED_EDGE('',*,*,#4890,.T.);
#6333=ORIENTED_EDGE('',*,*,#4867,.T.);
#6334=ORIENTED_EDGE('',*,*,#4911,.T.);
#6335=ORIENTED_EDGE('',*,*,#4912,.T.);
#6336=ORIENTED_EDGE('',*,*,#4913,.F.);
#6337=ORIENTED_EDGE('',*,*,#4914,.F.);
#6338=ORIENTED_EDGE('',*,*,#4915,.F.);
#6339=ORIENTED_EDGE('',*,*,#4916,.T.);
#6340=ORIENTED_EDGE('',*,*,#4911,.F.);
#6341=ORIENTED_EDGE('',*,*,#4866,.F.);
#6342=ORIENTED_EDGE('',*,*,#4853,.F.);
#6343=ORIENTED_EDGE('',*,*,#4857,.T.);
#6344=ORIENTED_EDGE('',*,*,#4917,.F.);
#6345=ORIENTED_EDGE('',*,*,#4742,.F.);
#6346=ORIENTED_EDGE('',*,*,#4712,.T.);
#6347=ORIENTED_EDGE('',*,*,#4717,.T.);
#6348=ORIENTED_EDGE('',*,*,#4918,.T.);
#6349=ORIENTED_EDGE('',*,*,#4919,.T.);
#6350=ORIENTED_EDGE('',*,*,#4920,.T.);
#6351=ORIENTED_EDGE('',*,*,#4921,.T.);
#6352=ORIENTED_EDGE('',*,*,#4922,.T.);
#6353=ORIENTED_EDGE('',*,*,#4923,.T.);
#6354=ORIENTED_EDGE('',*,*,#4910,.F.);
#6355=ORIENTED_EDGE('',*,*,#4895,.F.);
#6356=ORIENTED_EDGE('',*,*,#4924,.F.);
#6357=ORIENTED_EDGE('',*,*,#4875,.F.);
#6358=ORIENTED_EDGE('',*,*,#4912,.F.);
#6359=ORIENTED_EDGE('',*,*,#4916,.F.);
#6360=ORIENTED_EDGE('',*,*,#4925,.F.);
#6361=ORIENTED_EDGE('',*,*,#4891,.T.);
#6362=ORIENTED_EDGE('',*,*,#4862,.T.);
#6363=ORIENTED_EDGE('',*,*,#4897,.T.);
#6364=ORIENTED_EDGE('',*,*,#4888,.T.);
#6365=ORIENTED_EDGE('',*,*,#4878,.T.);
#6366=ORIENTED_EDGE('',*,*,#4926,.T.);
#6367=ORIENTED_EDGE('',*,*,#4793,.T.);
#6368=ORIENTED_EDGE('',*,*,#4927,.T.);
#6369=ORIENTED_EDGE('',*,*,#4846,.T.);
#6370=ORIENTED_EDGE('',*,*,#4843,.T.);
#6371=ORIENTED_EDGE('',*,*,#4840,.T.);
#6372=ORIENTED_EDGE('',*,*,#4837,.T.);
#6373=ORIENTED_EDGE('',*,*,#4927,.F.);
#6374=ORIENTED_EDGE('',*,*,#4928,.T.);
#6375=ORIENTED_EDGE('',*,*,#4748,.F.);
#6376=ORIENTED_EDGE('',*,*,#4928,.F.);
#6377=ORIENTED_EDGE('',*,*,#4915,.T.);
#6378=ORIENTED_EDGE('',*,*,#4929,.T.);
#6379=ORIENTED_EDGE('',*,*,#4892,.T.);
#6380=ORIENTED_EDGE('',*,*,#4925,.T.);
#6381=ORIENTED_EDGE('',*,*,#4929,.F.);
#6382=ORIENTED_EDGE('',*,*,#4914,.T.);
#6383=ORIENTED_EDGE('',*,*,#4930,.F.);
#6384=ORIENTED_EDGE('',*,*,#4931,.T.);
#6385=ORIENTED_EDGE('',*,*,#4932,.F.);
#6386=ORIENTED_EDGE('',*,*,#4933,.F.);
#6387=ORIENTED_EDGE('',*,*,#4934,.F.);
#6388=ORIENTED_EDGE('',*,*,#4935,.F.);
#6389=ORIENTED_EDGE('',*,*,#4936,.F.);
#6390=ORIENTED_EDGE('',*,*,#4937,.F.);
#6391=ORIENTED_EDGE('',*,*,#4938,.F.);
#6392=ORIENTED_EDGE('',*,*,#4939,.T.);
#6393=ORIENTED_EDGE('',*,*,#4940,.T.);
#6394=ORIENTED_EDGE('',*,*,#4941,.F.);
#6395=ORIENTED_EDGE('',*,*,#4893,.F.);
#6396=ORIENTED_EDGE('',*,*,#4876,.T.);
#6397=ORIENTED_EDGE('',*,*,#4924,.T.);
#6398=ORIENTED_EDGE('',*,*,#4894,.T.);
#6399=ORIENTED_EDGE('',*,*,#4941,.T.);
#6400=ORIENTED_EDGE('',*,*,#4942,.F.);
#6401=ORIENTED_EDGE('',*,*,#4864,.T.);
#6402=ORIENTED_EDGE('',*,*,#4943,.F.);
#6403=ORIENTED_EDGE('',*,*,#4944,.F.);
#6404=ORIENTED_EDGE('',*,*,#4942,.T.);
#6405=ORIENTED_EDGE('',*,*,#4945,.T.);
#6406=ORIENTED_EDGE('',*,*,#4859,.T.);
#6407=ORIENTED_EDGE('',*,*,#4865,.F.);
#6408=ORIENTED_EDGE('',*,*,#4946,.T.);
#6409=ORIENTED_EDGE('',*,*,#4947,.T.);
#6410=ORIENTED_EDGE('',*,*,#4948,.T.);
#6411=ORIENTED_EDGE('',*,*,#4786,.F.);
#6412=ORIENTED_EDGE('',*,*,#4949,.T.);
#6413=ORIENTED_EDGE('',*,*,#4409,.T.);
#6414=ORIENTED_EDGE('',*,*,#4950,.T.);
#6415=ORIENTED_EDGE('',*,*,#4950,.F.);
#6416=ORIENTED_EDGE('',*,*,#4408,.F.);
#6417=ORIENTED_EDGE('',*,*,#4951,.F.);
#6418=ORIENTED_EDGE('',*,*,#4787,.F.);
#6419=ORIENTED_EDGE('',*,*,#4788,.T.);
#6420=ORIENTED_EDGE('',*,*,#4951,.T.);
#6421=ORIENTED_EDGE('',*,*,#4407,.T.);
#6422=ORIENTED_EDGE('',*,*,#4952,.T.);
#6423=ORIENTED_EDGE('',*,*,#4784,.T.);
#6424=ORIENTED_EDGE('',*,*,#4953,.T.);
#6425=ORIENTED_EDGE('',*,*,#4411,.T.);
#6426=ORIENTED_EDGE('',*,*,#4954,.T.);
#6427=ORIENTED_EDGE('',*,*,#4953,.F.);
#6428=ORIENTED_EDGE('',*,*,#4783,.F.);
#6429=ORIENTED_EDGE('',*,*,#4955,.F.);
#6430=ORIENTED_EDGE('',*,*,#4412,.F.);
#6431=ORIENTED_EDGE('',*,*,#4782,.T.);
#6432=ORIENTED_EDGE('',*,*,#4808,.T.);
#6433=ORIENTED_EDGE('',*,*,#4413,.T.);
#6434=ORIENTED_EDGE('',*,*,#4955,.T.);
#6435=ORIENTED_EDGE('',*,*,#4405,.T.);
#6436=ORIENTED_EDGE('',*,*,#4956,.T.);
#6437=ORIENTED_EDGE('',*,*,#4790,.T.);
#6438=ORIENTED_EDGE('',*,*,#4957,.T.);
#6439=ORIENTED_EDGE('',*,*,#4956,.F.);
#6440=ORIENTED_EDGE('',*,*,#4404,.T.);
#6441=ORIENTED_EDGE('',*,*,#4958,.T.);
#6442=ORIENTED_EDGE('',*,*,#4943,.T.);
#6443=ORIENTED_EDGE('',*,*,#4863,.T.);
#6444=ORIENTED_EDGE('',*,*,#4791,.F.);
#6445=ORIENTED_EDGE('',*,*,#4952,.F.);
#6446=ORIENTED_EDGE('',*,*,#4406,.F.);
#6447=ORIENTED_EDGE('',*,*,#4957,.F.);
#6448=ORIENTED_EDGE('',*,*,#4789,.F.);
#6449=ORIENTED_EDGE('',*,*,#4949,.F.);
#6450=ORIENTED_EDGE('',*,*,#4785,.F.);
#6451=ORIENTED_EDGE('',*,*,#4954,.F.);
#6452=ORIENTED_EDGE('',*,*,#4410,.F.);
#6453=ORIENTED_EDGE('',*,*,#4430,.T.);
#6454=ORIENTED_EDGE('',*,*,#4959,.F.);
#6455=ORIENTED_EDGE('',*,*,#4803,.F.);
#6456=ORIENTED_EDGE('',*,*,#4960,.F.);
#6457=ORIENTED_EDGE('',*,*,#4427,.T.);
#6458=ORIENTED_EDGE('',*,*,#4961,.F.);
#6459=ORIENTED_EDGE('',*,*,#4800,.F.);
#6460=ORIENTED_EDGE('',*,*,#4962,.F.);
#6461=ORIENTED_EDGE('',*,*,#4424,.T.);
#6462=ORIENTED_EDGE('',*,*,#4963,.F.);
#6463=ORIENTED_EDGE('',*,*,#4797,.F.);
#6464=ORIENTED_EDGE('',*,*,#4964,.F.);
#6465=ORIENTED_EDGE('',*,*,#4421,.T.);
#6466=ORIENTED_EDGE('',*,*,#4965,.T.);
#6467=ORIENTED_EDGE('',*,*,#4805,.F.);
#6468=ORIENTED_EDGE('',*,*,#4966,.T.);
#6469=ORIENTED_EDGE('',*,*,#4431,.F.);
#6470=ORIENTED_EDGE('',*,*,#4416,.T.);
#6471=ORIENTED_EDGE('',*,*,#4778,.F.);
#6472=ORIENTED_EDGE('',*,*,#4780,.F.);
#6473=ORIENTED_EDGE('',*,*,#4422,.T.);
#6474=ORIENTED_EDGE('',*,*,#4964,.T.);
#6475=ORIENTED_EDGE('',*,*,#4796,.F.);
#6476=ORIENTED_EDGE('',*,*,#4967,.T.);
#6477=ORIENTED_EDGE('',*,*,#4423,.T.);
#6478=ORIENTED_EDGE('',*,*,#4967,.F.);
#6479=ORIENTED_EDGE('',*,*,#4798,.F.);
#6480=ORIENTED_EDGE('',*,*,#4963,.T.);
#6481=ORIENTED_EDGE('',*,*,#4425,.T.);
#6482=ORIENTED_EDGE('',*,*,#4962,.T.);
#6483=ORIENTED_EDGE('',*,*,#4799,.F.);
#6484=ORIENTED_EDGE('',*,*,#4968,.T.);
#6485=ORIENTED_EDGE('',*,*,#4426,.T.);
#6486=ORIENTED_EDGE('',*,*,#4968,.F.);
#6487=ORIENTED_EDGE('',*,*,#4801,.F.);
#6488=ORIENTED_EDGE('',*,*,#4961,.T.);
#6489=ORIENTED_EDGE('',*,*,#4428,.T.);
#6490=ORIENTED_EDGE('',*,*,#4960,.T.);
#6491=ORIENTED_EDGE('',*,*,#4802,.F.);
#6492=ORIENTED_EDGE('',*,*,#4969,.T.);
#6493=ORIENTED_EDGE('',*,*,#4429,.T.);
#6494=ORIENTED_EDGE('',*,*,#4969,.F.);
#6495=ORIENTED_EDGE('',*,*,#4804,.F.);
#6496=ORIENTED_EDGE('',*,*,#4959,.T.);
#6497=ORIENTED_EDGE('',*,*,#4419,.T.);
#6498=ORIENTED_EDGE('',*,*,#4966,.F.);
#6499=ORIENTED_EDGE('',*,*,#4807,.F.);
#6500=ORIENTED_EDGE('',*,*,#4970,.T.);
#6501=ORIENTED_EDGE('',*,*,#4420,.T.);
#6502=ORIENTED_EDGE('',*,*,#4970,.F.);
#6503=ORIENTED_EDGE('',*,*,#4806,.F.);
#6504=ORIENTED_EDGE('',*,*,#4965,.F.);
#6505=ORIENTED_EDGE('',*,*,#4946,.F.);
#6506=ORIENTED_EDGE('',*,*,#4971,.T.);
#6507=ORIENTED_EDGE('',*,*,#4972,.T.);
#6508=ORIENTED_EDGE('',*,*,#4971,.F.);
#6509=ORIENTED_EDGE('',*,*,#4972,.F.);
#6510=ORIENTED_EDGE('',*,*,#4947,.F.);
#6511=ORIENTED_EDGE('',*,*,#4973,.T.);
#6512=ORIENTED_EDGE('',*,*,#4974,.T.);
#6513=ORIENTED_EDGE('',*,*,#4973,.F.);
#6514=ORIENTED_EDGE('',*,*,#4974,.F.);
#6515=ORIENTED_EDGE('',*,*,#4948,.F.);
#6516=ORIENTED_EDGE('',*,*,#4975,.T.);
#6517=ORIENTED_EDGE('',*,*,#4976,.T.);
#6518=ORIENTED_EDGE('',*,*,#4975,.F.);
#6519=ORIENTED_EDGE('',*,*,#4976,.F.);
#6520=ORIENTED_EDGE('',*,*,#4977,.F.);
#6521=ORIENTED_EDGE('',*,*,#4978,.T.);
#6522=ORIENTED_EDGE('',*,*,#4979,.T.);
#6523=ORIENTED_EDGE('',*,*,#4978,.F.);
#6524=ORIENTED_EDGE('',*,*,#4979,.F.);
#6525=ORIENTED_EDGE('',*,*,#4980,.F.);
#6526=ORIENTED_EDGE('',*,*,#4981,.T.);
#6527=ORIENTED_EDGE('',*,*,#4982,.T.);
#6528=ORIENTED_EDGE('',*,*,#4981,.F.);
#6529=ORIENTED_EDGE('',*,*,#4982,.F.);
#6530=ORIENTED_EDGE('',*,*,#4983,.F.);
#6531=ORIENTED_EDGE('',*,*,#4984,.T.);
#6532=ORIENTED_EDGE('',*,*,#4985,.T.);
#6533=ORIENTED_EDGE('',*,*,#4984,.F.);
#6534=ORIENTED_EDGE('',*,*,#4985,.F.);
#6535=ORIENTED_EDGE('',*,*,#4986,.F.);
#6536=ORIENTED_EDGE('',*,*,#4987,.T.);
#6537=ORIENTED_EDGE('',*,*,#4988,.T.);
#6538=ORIENTED_EDGE('',*,*,#4987,.F.);
#6539=ORIENTED_EDGE('',*,*,#4988,.F.);
#6540=ORIENTED_EDGE('',*,*,#4989,.F.);
#6541=ORIENTED_EDGE('',*,*,#4990,.T.);
#6542=ORIENTED_EDGE('',*,*,#4991,.T.);
#6543=ORIENTED_EDGE('',*,*,#4990,.F.);
#6544=ORIENTED_EDGE('',*,*,#4991,.F.);
#6545=ORIENTED_EDGE('',*,*,#4992,.F.);
#6546=ORIENTED_EDGE('',*,*,#4993,.T.);
#6547=ORIENTED_EDGE('',*,*,#4994,.T.);
#6548=ORIENTED_EDGE('',*,*,#4993,.F.);
#6549=ORIENTED_EDGE('',*,*,#4994,.F.);
#6550=ORIENTED_EDGE('',*,*,#4995,.F.);
#6551=ORIENTED_EDGE('',*,*,#4996,.T.);
#6552=ORIENTED_EDGE('',*,*,#4997,.T.);
#6553=ORIENTED_EDGE('',*,*,#4996,.F.);
#6554=ORIENTED_EDGE('',*,*,#4997,.F.);
#6555=ORIENTED_EDGE('',*,*,#4998,.F.);
#6556=ORIENTED_EDGE('',*,*,#4999,.T.);
#6557=ORIENTED_EDGE('',*,*,#5000,.T.);
#6558=ORIENTED_EDGE('',*,*,#4999,.F.);
#6559=ORIENTED_EDGE('',*,*,#5000,.F.);
#6560=ORIENTED_EDGE('',*,*,#4904,.F.);
#6561=ORIENTED_EDGE('',*,*,#5001,.T.);
#6562=ORIENTED_EDGE('',*,*,#4880,.F.);
#6563=ORIENTED_EDGE('',*,*,#5002,.F.);
#6564=ORIENTED_EDGE('',*,*,#4906,.F.);
#6565=ORIENTED_EDGE('',*,*,#5003,.T.);
#6566=ORIENTED_EDGE('',*,*,#4881,.F.);
#6567=ORIENTED_EDGE('',*,*,#5001,.F.);
#6568=ORIENTED_EDGE('',*,*,#4905,.F.);
#6569=ORIENTED_EDGE('',*,*,#5002,.T.);
#6570=ORIENTED_EDGE('',*,*,#4882,.F.);
#6571=ORIENTED_EDGE('',*,*,#5003,.F.);
#6572=ORIENTED_EDGE('',*,*,#4909,.F.);
#6573=ORIENTED_EDGE('',*,*,#5004,.T.);
#6574=ORIENTED_EDGE('',*,*,#4919,.F.);
#6575=ORIENTED_EDGE('',*,*,#5005,.F.);
#6576=ORIENTED_EDGE('',*,*,#4908,.F.);
#6577=ORIENTED_EDGE('',*,*,#5006,.T.);
#6578=ORIENTED_EDGE('',*,*,#4920,.F.);
#6579=ORIENTED_EDGE('',*,*,#5004,.F.);
#6580=ORIENTED_EDGE('',*,*,#4901,.F.);
#6581=ORIENTED_EDGE('',*,*,#5007,.T.);
#6582=ORIENTED_EDGE('',*,*,#4921,.F.);
#6583=ORIENTED_EDGE('',*,*,#5008,.F.);
#6584=ORIENTED_EDGE('',*,*,#4903,.F.);
#6585=ORIENTED_EDGE('',*,*,#5009,.T.);
#6586=ORIENTED_EDGE('',*,*,#4922,.F.);
#6587=ORIENTED_EDGE('',*,*,#5007,.F.);
#6588=ORIENTED_EDGE('',*,*,#4902,.F.);
#6589=ORIENTED_EDGE('',*,*,#5008,.T.);
#6590=ORIENTED_EDGE('',*,*,#4923,.F.);
#6591=ORIENTED_EDGE('',*,*,#5009,.F.);
#6592=ORIENTED_EDGE('',*,*,#4900,.F.);
#6593=ORIENTED_EDGE('',*,*,#5010,.T.);
#6594=ORIENTED_EDGE('',*,*,#4884,.F.);
#6595=ORIENTED_EDGE('',*,*,#5011,.F.);
#6596=ORIENTED_EDGE('',*,*,#4899,.F.);
#6597=ORIENTED_EDGE('',*,*,#5012,.T.);
#6598=ORIENTED_EDGE('',*,*,#4885,.F.);
#6599=ORIENTED_EDGE('',*,*,#5010,.F.);
#6600=ORIENTED_EDGE('',*,*,#4917,.T.);
#6601=ORIENTED_EDGE('',*,*,#4856,.F.);
#6602=ORIENTED_EDGE('',*,*,#4860,.F.);
#6603=ORIENTED_EDGE('',*,*,#4945,.F.);
#6604=ORIENTED_EDGE('',*,*,#4944,.T.);
#6605=ORIENTED_EDGE('',*,*,#4958,.F.);
#6606=ORIENTED_EDGE('',*,*,#4403,.T.);
#6607=ORIENTED_EDGE('',*,*,#4747,.F.);
#6608=ORIENTED_EDGE('',*,*,#5013,.T.);
#6609=ORIENTED_EDGE('',*,*,#5014,.T.);
#6610=ORIENTED_EDGE('',*,*,#5015,.T.);
#6611=ORIENTED_EDGE('',*,*,#4743,.F.);
#6612=ORIENTED_EDGE('',*,*,#4697,.T.);
#6613=ORIENTED_EDGE('',*,*,#4554,.T.);
#6614=ORIENTED_EDGE('',*,*,#4706,.T.);
#6615=ORIENTED_EDGE('',*,*,#4436,.F.);
#6616=ORIENTED_EDGE('',*,*,#4708,.T.);
#6617=ORIENTED_EDGE('',*,*,#4557,.T.);
#6618=ORIENTED_EDGE('',*,*,#4694,.T.);
#6619=ORIENTED_EDGE('',*,*,#4440,.F.);
#6620=ORIENTED_EDGE('',*,*,#4690,.T.);
#6621=ORIENTED_EDGE('',*,*,#4548,.T.);
#6622=ORIENTED_EDGE('',*,*,#4532,.T.);
#6623=ORIENTED_EDGE('',*,*,#4444,.F.);
#6624=ORIENTED_EDGE('',*,*,#4664,.T.);
#6625=ORIENTED_EDGE('',*,*,#4523,.T.);
#6626=ORIENTED_EDGE('',*,*,#4683,.T.);
#6627=ORIENTED_EDGE('',*,*,#4448,.F.);
#6628=ORIENTED_EDGE('',*,*,#4677,.T.);
#6629=ORIENTED_EDGE('',*,*,#4643,.T.);
#6630=ORIENTED_EDGE('',*,*,#4646,.T.);
#6631=ORIENTED_EDGE('',*,*,#4452,.F.);
#6632=ORIENTED_EDGE('',*,*,#4671,.T.);
#6633=ORIENTED_EDGE('',*,*,#4624,.T.);
#6634=ORIENTED_EDGE('',*,*,#4627,.T.);
#6635=ORIENTED_EDGE('',*,*,#4456,.F.);
#6636=ORIENTED_EDGE('',*,*,#4604,.T.);
#6637=ORIENTED_EDGE('',*,*,#4607,.T.);
#6638=ORIENTED_EDGE('',*,*,#4609,.T.);
#6639=ORIENTED_EDGE('',*,*,#4460,.F.);
#6640=ORIENTED_EDGE('',*,*,#4617,.T.);
#6641=ORIENTED_EDGE('',*,*,#4622,.T.);
#6642=ORIENTED_EDGE('',*,*,#4598,.T.);
#6643=ORIENTED_EDGE('',*,*,#4464,.F.);
#6644=ORIENTED_EDGE('',*,*,#4635,.T.);
#6645=ORIENTED_EDGE('',*,*,#4641,.T.);
#6646=ORIENTED_EDGE('',*,*,#4668,.T.);
#6647=ORIENTED_EDGE('',*,*,#4468,.F.);
#6648=ORIENTED_EDGE('',*,*,#4654,.T.);
#6649=ORIENTED_EDGE('',*,*,#4660,.T.);
#6650=ORIENTED_EDGE('',*,*,#4674,.T.);
#6651=ORIENTED_EDGE('',*,*,#4472,.F.);
#6652=ORIENTED_EDGE('',*,*,#4686,.T.);
#6653=ORIENTED_EDGE('',*,*,#4526,.T.);
#6654=ORIENTED_EDGE('',*,*,#4661,.T.);
#6655=ORIENTED_EDGE('',*,*,#4476,.F.);
#6656=ORIENTED_EDGE('',*,*,#4541,.T.);
#6657=ORIENTED_EDGE('',*,*,#4543,.T.);
#6658=ORIENTED_EDGE('',*,*,#4687,.T.);
#6659=ORIENTED_EDGE('',*,*,#4480,.F.);
#6660=ORIENTED_EDGE('',*,*,#4977,.T.);
#6661=ORIENTED_EDGE('',*,*,#4980,.T.);
#6662=ORIENTED_EDGE('',*,*,#4983,.T.);
#6663=ORIENTED_EDGE('',*,*,#4986,.T.);
#6664=ORIENTED_EDGE('',*,*,#4989,.T.);
#6665=ORIENTED_EDGE('',*,*,#4992,.T.);
#6666=ORIENTED_EDGE('',*,*,#4995,.T.);
#6667=ORIENTED_EDGE('',*,*,#4998,.T.);
#6668=ORIENTED_EDGE('',*,*,#4705,.T.);
#6669=ORIENTED_EDGE('',*,*,#4538,.T.);
#6670=ORIENTED_EDGE('',*,*,#4547,.T.);
#6671=ORIENTED_EDGE('',*,*,#4704,.T.);
#6672=ORIENTED_EDGE('',*,*,#4675,.T.);
#6673=ORIENTED_EDGE('',*,*,#4657,.T.);
#6674=ORIENTED_EDGE('',*,*,#4648,.T.);
#6675=ORIENTED_EDGE('',*,*,#4601,.T.);
#6676=ORIENTED_EDGE('',*,*,#4703,.T.);
#6677=ORIENTED_EDGE('',*,*,#4611,.T.);
#6678=ORIENTED_EDGE('',*,*,#4621,.T.);
#6679=ORIENTED_EDGE('',*,*,#4670,.T.);
#6680=ORIENTED_EDGE('',*,*,#4702,.T.);
#6681=ORIENTED_EDGE('',*,*,#4629,.T.);
#6682=ORIENTED_EDGE('',*,*,#4639,.T.);
#6683=ORIENTED_EDGE('',*,*,#4655,.T.);
#6684=ORIENTED_EDGE('',*,*,#4651,.T.);
#6685=ORIENTED_EDGE('',*,*,#4701,.T.);
#6686=ORIENTED_EDGE('',*,*,#4689,.T.);
#6687=ORIENTED_EDGE('',*,*,#4700,.T.);
#6688=ORIENTED_EDGE('',*,*,#4535,.T.);
#6689=ORIENTED_EDGE('',*,*,#4545,.T.);
#6690=ORIENTED_EDGE('',*,*,#4693,.T.);
#6691=ORIENTED_EDGE('',*,*,#4696,.T.);
#6692=ORIENTED_EDGE('',*,*,#4551,.T.);
#6693=ORIENTED_EDGE('',*,*,#4521,.T.);
#6694=ORIENTED_EDGE('',*,*,#4685,.T.);
#6695=ORIENTED_EDGE('',*,*,#4518,.T.);
#6696=ORIENTED_EDGE('',*,*,#4695,.T.);
#6697=ORIENTED_EDGE('',*,*,#4680,.T.);
#6698=ORIENTED_EDGE('',*,*,#4707,.T.);
#6699=ORIENTED_EDGE('',*,*,#4560,.T.);
#6700=ORIENTED_EDGE('',*,*,#4636,.T.);
#6701=ORIENTED_EDGE('',*,*,#4632,.T.);
#6702=ORIENTED_EDGE('',*,*,#4673,.T.);
#6703=ORIENTED_EDGE('',*,*,#4620,.T.);
#6704=ORIENTED_EDGE('',*,*,#4614,.T.);
#6705=ORIENTED_EDGE('',*,*,#4619,.T.);
#6706=ORIENTED_EDGE('',*,*,#4663,.T.);
#6707=ORIENTED_EDGE('',*,*,#4667,.T.);
#6708=ORIENTED_EDGE('',*,*,#4684,.T.);
#6709=ORIENTED_EDGE('',*,*,#4529,.T.);
#6710=ORIENTED_EDGE('',*,*,#5016,.F.);
#6711=ORIENTED_EDGE('',*,*,#4740,.F.);
#6712=ORIENTED_EDGE('',*,*,#5017,.F.);
#6713=ORIENTED_EDGE('',*,*,#4939,.F.);
#6714=ORIENTED_EDGE('',*,*,#5018,.T.);
#6715=ORIENTED_EDGE('',*,*,#5019,.T.);
#6716=ORIENTED_EDGE('',*,*,#5020,.T.);
#6717=ORIENTED_EDGE('',*,*,#5021,.T.);
#6718=ORIENTED_EDGE('',*,*,#5022,.T.);
#6719=ORIENTED_EDGE('',*,*,#5023,.T.);
#6720=ORIENTED_EDGE('',*,*,#5024,.T.);
#6721=ORIENTED_EDGE('',*,*,#5025,.T.);
#6722=ORIENTED_EDGE('',*,*,#5026,.T.);
#6723=ORIENTED_EDGE('',*,*,#4935,.T.);
#6724=ORIENTED_EDGE('',*,*,#5027,.T.);
#6725=ORIENTED_EDGE('',*,*,#5028,.T.);
#6726=ORIENTED_EDGE('',*,*,#5029,.F.);
#6727=ORIENTED_EDGE('',*,*,#5030,.F.);
#6728=ORIENTED_EDGE('',*,*,#5031,.T.);
#6729=ORIENTED_EDGE('',*,*,#5032,.F.);
#6730=ORIENTED_EDGE('',*,*,#5033,.F.);
#6731=ORIENTED_EDGE('',*,*,#5034,.T.);
#6732=ORIENTED_EDGE('',*,*,#5035,.T.);
#6733=ORIENTED_EDGE('',*,*,#4931,.F.);
#6734=ORIENTED_EDGE('',*,*,#4741,.F.);
#6735=ORIENTED_EDGE('',*,*,#5016,.T.);
#6736=ORIENTED_EDGE('',*,*,#4930,.T.);
#6737=ORIENTED_EDGE('',*,*,#4913,.T.);
#6738=ORIENTED_EDGE('',*,*,#4716,.T.);
#6739=ORIENTED_EDGE('',*,*,#4714,.F.);
#6740=ORIENTED_EDGE('',*,*,#5035,.F.);
#6741=ORIENTED_EDGE('',*,*,#5036,.T.);
#6742=ORIENTED_EDGE('',*,*,#5037,.T.);
#6743=ORIENTED_EDGE('',*,*,#4932,.T.);
#6744=ORIENTED_EDGE('',*,*,#5034,.F.);
#6745=ORIENTED_EDGE('',*,*,#5038,.F.);
#6746=ORIENTED_EDGE('',*,*,#5039,.T.);
#6747=ORIENTED_EDGE('',*,*,#5040,.T.);
#6748=ORIENTED_EDGE('',*,*,#5041,.T.);
#6749=ORIENTED_EDGE('',*,*,#5042,.T.);
#6750=ORIENTED_EDGE('',*,*,#5036,.F.);
#6751=ORIENTED_EDGE('',*,*,#5031,.F.);
#6752=ORIENTED_EDGE('',*,*,#5043,.T.);
#6753=ORIENTED_EDGE('',*,*,#5044,.F.);
#6754=ORIENTED_EDGE('',*,*,#5045,.F.);
#6755=ORIENTED_EDGE('',*,*,#5046,.T.);
#6756=ORIENTED_EDGE('',*,*,#5047,.F.);
#6757=ORIENTED_EDGE('',*,*,#5027,.F.);
#6758=ORIENTED_EDGE('',*,*,#4934,.T.);
#6759=ORIENTED_EDGE('',*,*,#5048,.T.);
#6760=ORIENTED_EDGE('',*,*,#5049,.T.);
#6761=ORIENTED_EDGE('',*,*,#5028,.F.);
#6762=ORIENTED_EDGE('',*,*,#5049,.F.);
#6763=ORIENTED_EDGE('',*,*,#5050,.T.);
#6764=ORIENTED_EDGE('',*,*,#5051,.T.);
#6765=ORIENTED_EDGE('',*,*,#5052,.T.);
#6766=ORIENTED_EDGE('',*,*,#5053,.T.);
#6767=ORIENTED_EDGE('',*,*,#5054,.F.);
#6768=ORIENTED_EDGE('',*,*,#5026,.F.);
#6769=ORIENTED_EDGE('',*,*,#5055,.T.);
#6770=ORIENTED_EDGE('',*,*,#5056,.T.);
#6771=ORIENTED_EDGE('',*,*,#4936,.T.);
#6772=ORIENTED_EDGE('',*,*,#5018,.F.);
#6773=ORIENTED_EDGE('',*,*,#4938,.T.);
#6774=ORIENTED_EDGE('',*,*,#5057,.T.);
#6775=ORIENTED_EDGE('',*,*,#5058,.T.);
#6776=ORIENTED_EDGE('',*,*,#5019,.F.);
#6777=ORIENTED_EDGE('',*,*,#5058,.F.);
#6778=ORIENTED_EDGE('',*,*,#5059,.F.);
#6779=ORIENTED_EDGE('',*,*,#5060,.F.);
#6780=ORIENTED_EDGE('',*,*,#5061,.F.);
#6781=ORIENTED_EDGE('',*,*,#5062,.F.);
#6782=ORIENTED_EDGE('',*,*,#5063,.T.);
#6783=ORIENTED_EDGE('',*,*,#4933,.T.);
#6784=ORIENTED_EDGE('',*,*,#5037,.F.);
#6785=ORIENTED_EDGE('',*,*,#5042,.F.);
#6786=ORIENTED_EDGE('',*,*,#5064,.T.);
#6787=ORIENTED_EDGE('',*,*,#5065,.F.);
#6788=ORIENTED_EDGE('',*,*,#5066,.T.);
#6789=ORIENTED_EDGE('',*,*,#5050,.F.);
#6790=ORIENTED_EDGE('',*,*,#5048,.F.);
#6791=ORIENTED_EDGE('',*,*,#5067,.T.);
#6792=ORIENTED_EDGE('',*,*,#5068,.T.);
#6793=ORIENTED_EDGE('',*,*,#5069,.F.);
#6794=ORIENTED_EDGE('',*,*,#5070,.F.);
#6795=ORIENTED_EDGE('',*,*,#5071,.T.);
#6796=ORIENTED_EDGE('',*,*,#5070,.T.);
#6797=ORIENTED_EDGE('',*,*,#5072,.F.);
#6798=ORIENTED_EDGE('',*,*,#5073,.F.);
#6799=ORIENTED_EDGE('',*,*,#5074,.T.);
#6800=ORIENTED_EDGE('',*,*,#5075,.F.);
#6801=ORIENTED_EDGE('',*,*,#5072,.T.);
#6802=ORIENTED_EDGE('',*,*,#5069,.T.);
#6803=ORIENTED_EDGE('',*,*,#5076,.T.);
#6804=ORIENTED_EDGE('',*,*,#5077,.F.);
#6805=ORIENTED_EDGE('',*,*,#5078,.F.);
#6806=ORIENTED_EDGE('',*,*,#5079,.T.);
#6807=ORIENTED_EDGE('',*,*,#5080,.T.);
#6808=ORIENTED_EDGE('',*,*,#5081,.T.);
#6809=ORIENTED_EDGE('',*,*,#5082,.F.);
#6810=ORIENTED_EDGE('',*,*,#5076,.F.);
#6811=ORIENTED_EDGE('',*,*,#5083,.T.);
#6812=ORIENTED_EDGE('',*,*,#5083,.F.);
#6813=ORIENTED_EDGE('',*,*,#5079,.F.);
#6814=ORIENTED_EDGE('',*,*,#5084,.T.);
#6815=ORIENTED_EDGE('',*,*,#5085,.F.);
#6816=ORIENTED_EDGE('',*,*,#5086,.T.);
#6817=ORIENTED_EDGE('',*,*,#5087,.F.);
#6818=ORIENTED_EDGE('',*,*,#5088,.F.);
#6819=ORIENTED_EDGE('',*,*,#5089,.T.);
#6820=ORIENTED_EDGE('',*,*,#5090,.F.);
#6821=ORIENTED_EDGE('',*,*,#5074,.F.);
#6822=ORIENTED_EDGE('',*,*,#5068,.F.);
#6823=ORIENTED_EDGE('',*,*,#5091,.F.);
#6824=ORIENTED_EDGE('',*,*,#5086,.F.);
#6825=ORIENTED_EDGE('',*,*,#5067,.F.);
#6826=ORIENTED_EDGE('',*,*,#5071,.F.);
#6827=ORIENTED_EDGE('',*,*,#5092,.F.);
#6828=ORIENTED_EDGE('',*,*,#5093,.F.);
#6829=ORIENTED_EDGE('',*,*,#5021,.F.);
#6830=ORIENTED_EDGE('',*,*,#5092,.T.);
#6831=ORIENTED_EDGE('',*,*,#5073,.T.);
#6832=ORIENTED_EDGE('',*,*,#5075,.T.);
#6833=ORIENTED_EDGE('',*,*,#5090,.T.);
#6834=ORIENTED_EDGE('',*,*,#5094,.T.);
#6835=ORIENTED_EDGE('',*,*,#5084,.F.);
#6836=ORIENTED_EDGE('',*,*,#5078,.T.);
#6837=ORIENTED_EDGE('',*,*,#5095,.F.);
#6838=ORIENTED_EDGE('',*,*,#5096,.F.);
#6839=ORIENTED_EDGE('',*,*,#5097,.T.);
#6840=ORIENTED_EDGE('',*,*,#5060,.T.);
#6841=ORIENTED_EDGE('',*,*,#5098,.T.);
#6842=ORIENTED_EDGE('',*,*,#5081,.F.);
#6843=ORIENTED_EDGE('',*,*,#5099,.T.);
#6844=ORIENTED_EDGE('',*,*,#5061,.T.);
#6845=ORIENTED_EDGE('',*,*,#5099,.F.);
#6846=ORIENTED_EDGE('',*,*,#5080,.F.);
#6847=ORIENTED_EDGE('',*,*,#5085,.T.);
#6848=ORIENTED_EDGE('',*,*,#5094,.F.);
#6849=ORIENTED_EDGE('',*,*,#5089,.F.);
#6850=ORIENTED_EDGE('',*,*,#5100,.T.);
#6851=ORIENTED_EDGE('',*,*,#5088,.T.);
#6852=ORIENTED_EDGE('',*,*,#5101,.T.);
#6853=ORIENTED_EDGE('',*,*,#5062,.T.);
#6854=ORIENTED_EDGE('',*,*,#5100,.F.);
#6855=ORIENTED_EDGE('',*,*,#5091,.T.);
#6856=ORIENTED_EDGE('',*,*,#5020,.F.);
#6857=ORIENTED_EDGE('',*,*,#5063,.F.);
#6858=ORIENTED_EDGE('',*,*,#5101,.F.);
#6859=ORIENTED_EDGE('',*,*,#5087,.T.);
#6860=ORIENTED_EDGE('',*,*,#5022,.F.);
#6861=ORIENTED_EDGE('',*,*,#5093,.T.);
#6862=ORIENTED_EDGE('',*,*,#5097,.F.);
#6863=ORIENTED_EDGE('',*,*,#5102,.F.);
#6864=ORIENTED_EDGE('',*,*,#5103,.T.);
#6865=ORIENTED_EDGE('',*,*,#5104,.F.);
#6866=ORIENTED_EDGE('',*,*,#5105,.F.);
#6867=ORIENTED_EDGE('',*,*,#5095,.T.);
#6868=ORIENTED_EDGE('',*,*,#5077,.T.);
#6869=ORIENTED_EDGE('',*,*,#5082,.T.);
#6870=ORIENTED_EDGE('',*,*,#5106,.F.);
#6871=ORIENTED_EDGE('',*,*,#5107,.F.);
#6872=ORIENTED_EDGE('',*,*,#5108,.F.);
#6873=ORIENTED_EDGE('',*,*,#5109,.F.);
#6874=ORIENTED_EDGE('',*,*,#4937,.T.);
#6875=ORIENTED_EDGE('',*,*,#5056,.F.);
#6876=ORIENTED_EDGE('',*,*,#5110,.T.);
#6877=ORIENTED_EDGE('',*,*,#5111,.F.);
#6878=ORIENTED_EDGE('',*,*,#5106,.T.);
#6879=ORIENTED_EDGE('',*,*,#5098,.F.);
#6880=ORIENTED_EDGE('',*,*,#5059,.T.);
#6881=ORIENTED_EDGE('',*,*,#5057,.F.);
#6882=ORIENTED_EDGE('',*,*,#5025,.F.);
#6883=ORIENTED_EDGE('',*,*,#5112,.T.);
#6884=ORIENTED_EDGE('',*,*,#5113,.F.);
#6885=ORIENTED_EDGE('',*,*,#5114,.F.);
#6886=ORIENTED_EDGE('',*,*,#5115,.F.);
#6887=ORIENTED_EDGE('',*,*,#5110,.F.);
#6888=ORIENTED_EDGE('',*,*,#5055,.F.);
#6889=ORIENTED_EDGE('',*,*,#5116,.T.);
#6890=ORIENTED_EDGE('',*,*,#5117,.F.);
#6891=ORIENTED_EDGE('',*,*,#5118,.F.);
#6892=ORIENTED_EDGE('',*,*,#5119,.T.);
#6893=ORIENTED_EDGE('',*,*,#5120,.T.);
#6894=ORIENTED_EDGE('',*,*,#5118,.T.);
#6895=ORIENTED_EDGE('',*,*,#5121,.F.);
#6896=ORIENTED_EDGE('',*,*,#5122,.T.);
#6897=ORIENTED_EDGE('',*,*,#5123,.T.);
#6898=ORIENTED_EDGE('',*,*,#5124,.T.);
#6899=ORIENTED_EDGE('',*,*,#5121,.T.);
#6900=ORIENTED_EDGE('',*,*,#5117,.T.);
#6901=ORIENTED_EDGE('',*,*,#5125,.T.);
#6902=ORIENTED_EDGE('',*,*,#5126,.F.);
#6903=ORIENTED_EDGE('',*,*,#5127,.T.);
#6904=ORIENTED_EDGE('',*,*,#5108,.T.);
#6905=ORIENTED_EDGE('',*,*,#5128,.F.);
#6906=ORIENTED_EDGE('',*,*,#5129,.F.);
#6907=ORIENTED_EDGE('',*,*,#5023,.F.);
#6908=ORIENTED_EDGE('',*,*,#5104,.T.);
#6909=ORIENTED_EDGE('',*,*,#5130,.F.);
#6910=ORIENTED_EDGE('',*,*,#5123,.F.);
#6911=ORIENTED_EDGE('',*,*,#5116,.F.);
#6912=ORIENTED_EDGE('',*,*,#5128,.T.);
#6913=ORIENTED_EDGE('',*,*,#5119,.F.);
#6914=ORIENTED_EDGE('',*,*,#5120,.F.);
#6915=ORIENTED_EDGE('',*,*,#5131,.F.);
#6916=ORIENTED_EDGE('',*,*,#5132,.F.);
#6917=ORIENTED_EDGE('',*,*,#5133,.F.);
#6918=ORIENTED_EDGE('',*,*,#5134,.F.);
#6919=ORIENTED_EDGE('',*,*,#5130,.T.);
#6920=ORIENTED_EDGE('',*,*,#5103,.F.);
#6921=ORIENTED_EDGE('',*,*,#5135,.F.);
#6922=ORIENTED_EDGE('',*,*,#5109,.T.);
#6923=ORIENTED_EDGE('',*,*,#5127,.F.);
#6924=ORIENTED_EDGE('',*,*,#5136,.T.);
#6925=ORIENTED_EDGE('',*,*,#5137,.T.);
#6926=ORIENTED_EDGE('',*,*,#5131,.T.);
#6927=ORIENTED_EDGE('',*,*,#5122,.F.);
#6928=ORIENTED_EDGE('',*,*,#5124,.F.);
#6929=ORIENTED_EDGE('',*,*,#5136,.F.);
#6930=ORIENTED_EDGE('',*,*,#5126,.T.);
#6931=ORIENTED_EDGE('',*,*,#5138,.F.);
#6932=ORIENTED_EDGE('',*,*,#5139,.F.);
#6933=ORIENTED_EDGE('',*,*,#5107,.T.);
#6934=ORIENTED_EDGE('',*,*,#5140,.T.);
#6935=ORIENTED_EDGE('',*,*,#5141,.F.);
#6936=ORIENTED_EDGE('',*,*,#5138,.T.);
#6937=ORIENTED_EDGE('',*,*,#5125,.F.);
#6938=ORIENTED_EDGE('',*,*,#5129,.T.);
#6939=ORIENTED_EDGE('',*,*,#5134,.T.);
#6940=ORIENTED_EDGE('',*,*,#5142,.F.);
#6941=ORIENTED_EDGE('',*,*,#5112,.F.);
#6942=ORIENTED_EDGE('',*,*,#5024,.F.);
#6943=ORIENTED_EDGE('',*,*,#5133,.T.);
#6944=ORIENTED_EDGE('',*,*,#5143,.F.);
#6945=ORIENTED_EDGE('',*,*,#5113,.T.);
#6946=ORIENTED_EDGE('',*,*,#5142,.T.);
#6947=ORIENTED_EDGE('',*,*,#5114,.T.);
#6948=ORIENTED_EDGE('',*,*,#5143,.T.);
#6949=ORIENTED_EDGE('',*,*,#5132,.T.);
#6950=ORIENTED_EDGE('',*,*,#5137,.F.);
#6951=ORIENTED_EDGE('',*,*,#5139,.T.);
#6952=ORIENTED_EDGE('',*,*,#5141,.T.);
#6953=ORIENTED_EDGE('',*,*,#5144,.T.);
#6954=ORIENTED_EDGE('',*,*,#5115,.T.);
#6955=ORIENTED_EDGE('',*,*,#5144,.F.);
#6956=ORIENTED_EDGE('',*,*,#5140,.F.);
#6957=ORIENTED_EDGE('',*,*,#5111,.T.);
#6958=ORIENTED_EDGE('',*,*,#5145,.F.);
#6959=ORIENTED_EDGE('',*,*,#5146,.F.);
#6960=ORIENTED_EDGE('',*,*,#5147,.T.);
#6961=ORIENTED_EDGE('',*,*,#5148,.T.);
#6962=ORIENTED_EDGE('',*,*,#5149,.F.);
#6963=ORIENTED_EDGE('',*,*,#5150,.F.);
#6964=ORIENTED_EDGE('',*,*,#5151,.T.);
#6965=ORIENTED_EDGE('',*,*,#5147,.F.);
#6966=ORIENTED_EDGE('',*,*,#5152,.F.);
#6967=ORIENTED_EDGE('',*,*,#5148,.F.);
#6968=ORIENTED_EDGE('',*,*,#5151,.F.);
#6969=ORIENTED_EDGE('',*,*,#5153,.F.);
#6970=ORIENTED_EDGE('',*,*,#5154,.F.);
#6971=ORIENTED_EDGE('',*,*,#5155,.F.);
#6972=ORIENTED_EDGE('',*,*,#5156,.F.);
#6973=ORIENTED_EDGE('',*,*,#5157,.T.);
#6974=ORIENTED_EDGE('',*,*,#5158,.T.);
#6975=ORIENTED_EDGE('',*,*,#5145,.T.);
#6976=ORIENTED_EDGE('',*,*,#5152,.T.);
#6977=ORIENTED_EDGE('',*,*,#5159,.T.);
#6978=ORIENTED_EDGE('',*,*,#5043,.F.);
#6979=ORIENTED_EDGE('',*,*,#5030,.T.);
#6980=ORIENTED_EDGE('',*,*,#5160,.T.);
#6981=ORIENTED_EDGE('',*,*,#5158,.F.);
#6982=ORIENTED_EDGE('',*,*,#5161,.T.);
#6983=ORIENTED_EDGE('',*,*,#5162,.T.);
#6984=ORIENTED_EDGE('',*,*,#5163,.T.);
#6985=ORIENTED_EDGE('',*,*,#5164,.T.);
#6986=ORIENTED_EDGE('',*,*,#5149,.T.);
#6987=ORIENTED_EDGE('',*,*,#5146,.T.);
#6988=ORIENTED_EDGE('',*,*,#5159,.F.);
#6989=ORIENTED_EDGE('',*,*,#5153,.T.);
#6990=ORIENTED_EDGE('',*,*,#5150,.T.);
#6991=ORIENTED_EDGE('',*,*,#5164,.F.);
#6992=ORIENTED_EDGE('',*,*,#5165,.F.);
#6993=ORIENTED_EDGE('',*,*,#5166,.F.);
#6994=ORIENTED_EDGE('',*,*,#5156,.T.);
#6995=ORIENTED_EDGE('',*,*,#5167,.F.);
#6996=ORIENTED_EDGE('',*,*,#5168,.F.);
#6997=ORIENTED_EDGE('',*,*,#5044,.T.);
#6998=ORIENTED_EDGE('',*,*,#5166,.T.);
#6999=ORIENTED_EDGE('',*,*,#5169,.T.);
#7000=ORIENTED_EDGE('',*,*,#5170,.T.);
#7001=ORIENTED_EDGE('',*,*,#5157,.F.);
#7002=ORIENTED_EDGE('',*,*,#5171,.F.);
#7003=ORIENTED_EDGE('',*,*,#5154,.T.);
#7004=ORIENTED_EDGE('',*,*,#5170,.F.);
#7005=ORIENTED_EDGE('',*,*,#5172,.T.);
#7006=ORIENTED_EDGE('',*,*,#5173,.F.);
#7007=ORIENTED_EDGE('',*,*,#5160,.F.);
#7008=ORIENTED_EDGE('',*,*,#5029,.T.);
#7009=ORIENTED_EDGE('',*,*,#5054,.T.);
#7010=ORIENTED_EDGE('',*,*,#5174,.T.);
#7011=ORIENTED_EDGE('',*,*,#5161,.F.);
#7012=ORIENTED_EDGE('',*,*,#5162,.F.);
#7013=ORIENTED_EDGE('',*,*,#5174,.F.);
#7014=ORIENTED_EDGE('',*,*,#5053,.F.);
#7015=ORIENTED_EDGE('',*,*,#5175,.T.);
#7016=ORIENTED_EDGE('',*,*,#5052,.F.);
#7017=ORIENTED_EDGE('',*,*,#5176,.F.);
#7018=ORIENTED_EDGE('',*,*,#5172,.F.);
#7019=ORIENTED_EDGE('',*,*,#5169,.F.);
#7020=ORIENTED_EDGE('',*,*,#5165,.T.);
#7021=ORIENTED_EDGE('',*,*,#5163,.F.);
#7022=ORIENTED_EDGE('',*,*,#5175,.F.);
#7023=ORIENTED_EDGE('',*,*,#5051,.F.);
#7024=ORIENTED_EDGE('',*,*,#5066,.F.);
#7025=ORIENTED_EDGE('',*,*,#5173,.T.);
#7026=ORIENTED_EDGE('',*,*,#5176,.T.);
#7027=ORIENTED_EDGE('',*,*,#5177,.F.);
#7028=ORIENTED_EDGE('',*,*,#5167,.T.);
#7029=ORIENTED_EDGE('',*,*,#5155,.T.);
#7030=ORIENTED_EDGE('',*,*,#5171,.T.);
#7031=ORIENTED_EDGE('',*,*,#5065,.T.);
#7032=ORIENTED_EDGE('',*,*,#5178,.F.);
#7033=ORIENTED_EDGE('',*,*,#5179,.F.);
#7034=ORIENTED_EDGE('',*,*,#5180,.F.);
#7035=ORIENTED_EDGE('',*,*,#5181,.F.);
#7036=ORIENTED_EDGE('',*,*,#5182,.T.);
#7037=ORIENTED_EDGE('',*,*,#5183,.T.);
#7038=ORIENTED_EDGE('',*,*,#5184,.F.);
#7039=ORIENTED_EDGE('',*,*,#5185,.F.);
#7040=ORIENTED_EDGE('',*,*,#5186,.T.);
#7041=ORIENTED_EDGE('',*,*,#5187,.T.);
#7042=ORIENTED_EDGE('',*,*,#5182,.F.);
#7043=ORIENTED_EDGE('',*,*,#5188,.F.);
#7044=ORIENTED_EDGE('',*,*,#5183,.F.);
#7045=ORIENTED_EDGE('',*,*,#5187,.F.);
#7046=ORIENTED_EDGE('',*,*,#5189,.T.);
#7047=ORIENTED_EDGE('',*,*,#5190,.F.);
#7048=ORIENTED_EDGE('',*,*,#5191,.F.);
#7049=ORIENTED_EDGE('',*,*,#5192,.T.);
#7050=ORIENTED_EDGE('',*,*,#5179,.T.);
#7051=ORIENTED_EDGE('',*,*,#5193,.F.);
#7052=ORIENTED_EDGE('',*,*,#5194,.F.);
#7053=ORIENTED_EDGE('',*,*,#5190,.T.);
#7054=ORIENTED_EDGE('',*,*,#5178,.T.);
#7055=ORIENTED_EDGE('',*,*,#5195,.F.);
#7056=ORIENTED_EDGE('',*,*,#5194,.T.);
#7057=ORIENTED_EDGE('',*,*,#5196,.T.);
#7058=ORIENTED_EDGE('',*,*,#5197,.F.);
#7059=ORIENTED_EDGE('',*,*,#5191,.T.);
#7060=ORIENTED_EDGE('',*,*,#5198,.F.);
#7061=ORIENTED_EDGE('',*,*,#5184,.T.);
#7062=ORIENTED_EDGE('',*,*,#5188,.T.);
#7063=ORIENTED_EDGE('',*,*,#5199,.T.);
#7064=ORIENTED_EDGE('',*,*,#5200,.F.);
#7065=ORIENTED_EDGE('',*,*,#5201,.T.);
#7066=ORIENTED_EDGE('',*,*,#5202,.T.);
#7067=ORIENTED_EDGE('',*,*,#5203,.T.);
#7068=ORIENTED_EDGE('',*,*,#5032,.T.);
#7069=ORIENTED_EDGE('',*,*,#5047,.T.);
#7070=ORIENTED_EDGE('',*,*,#5204,.T.);
#7071=ORIENTED_EDGE('',*,*,#5185,.T.);
#7072=ORIENTED_EDGE('',*,*,#5181,.T.);
#7073=ORIENTED_EDGE('',*,*,#5198,.T.);
#7074=ORIENTED_EDGE('',*,*,#5204,.F.);
#7075=ORIENTED_EDGE('',*,*,#5046,.F.);
#7076=ORIENTED_EDGE('',*,*,#5205,.F.);
#7077=ORIENTED_EDGE('',*,*,#5180,.T.);
#7078=ORIENTED_EDGE('',*,*,#5192,.F.);
#7079=ORIENTED_EDGE('',*,*,#5197,.T.);
#7080=ORIENTED_EDGE('',*,*,#5206,.F.);
#7081=ORIENTED_EDGE('',*,*,#5199,.F.);
#7082=ORIENTED_EDGE('',*,*,#5189,.F.);
#7083=ORIENTED_EDGE('',*,*,#5186,.F.);
#7084=ORIENTED_EDGE('',*,*,#5041,.F.);
#7085=ORIENTED_EDGE('',*,*,#5207,.F.);
#7086=ORIENTED_EDGE('',*,*,#5195,.T.);
#7087=ORIENTED_EDGE('',*,*,#5064,.F.);
#7088=ORIENTED_EDGE('',*,*,#5040,.F.);
#7089=ORIENTED_EDGE('',*,*,#5208,.F.);
#7090=ORIENTED_EDGE('',*,*,#5200,.T.);
#7091=ORIENTED_EDGE('',*,*,#5206,.T.);
#7092=ORIENTED_EDGE('',*,*,#5196,.F.);
#7093=ORIENTED_EDGE('',*,*,#5193,.T.);
#7094=ORIENTED_EDGE('',*,*,#5207,.T.);
#7095=ORIENTED_EDGE('',*,*,#5201,.F.);
#7096=ORIENTED_EDGE('',*,*,#5208,.T.);
#7097=ORIENTED_EDGE('',*,*,#5039,.F.);
#7098=ORIENTED_EDGE('',*,*,#5209,.F.);
#7099=ORIENTED_EDGE('',*,*,#5203,.F.);
#7100=ORIENTED_EDGE('',*,*,#5202,.F.);
#7101=ORIENTED_EDGE('',*,*,#5209,.T.);
#7102=ORIENTED_EDGE('',*,*,#5038,.T.);
#7103=ORIENTED_EDGE('',*,*,#5033,.T.);
#7104=ORIENTED_EDGE('',*,*,#5096,.T.);
#7105=ORIENTED_EDGE('',*,*,#5105,.T.);
#7106=ORIENTED_EDGE('',*,*,#5135,.T.);
#7107=ORIENTED_EDGE('',*,*,#5102,.T.);
#7108=ORIENTED_EDGE('',*,*,#5045,.T.);
#7109=ORIENTED_EDGE('',*,*,#5168,.T.);
#7110=ORIENTED_EDGE('',*,*,#5177,.T.);
#7111=ORIENTED_EDGE('',*,*,#5205,.T.);
#7112=ORIENTED_EDGE('',*,*,#5210,.F.);
#7113=ORIENTED_EDGE('',*,*,#5211,.T.);
#7114=ORIENTED_EDGE('',*,*,#5212,.F.);
#7115=ORIENTED_EDGE('',*,*,#5213,.F.);
#7116=ORIENTED_EDGE('',*,*,#5214,.F.);
#7117=ORIENTED_EDGE('',*,*,#5215,.F.);
#7118=ORIENTED_EDGE('',*,*,#5216,.F.);
#7119=ORIENTED_EDGE('',*,*,#5217,.F.);
#7120=ORIENTED_EDGE('',*,*,#5218,.F.);
#7121=ORIENTED_EDGE('',*,*,#5219,.T.);
#7122=ORIENTED_EDGE('',*,*,#5220,.T.);
#7123=ORIENTED_EDGE('',*,*,#4745,.F.);
#7124=ORIENTED_EDGE('',*,*,#5220,.F.);
#7125=ORIENTED_EDGE('',*,*,#5221,.T.);
#7126=ORIENTED_EDGE('',*,*,#5013,.F.);
#7127=ORIENTED_EDGE('',*,*,#4746,.F.);
#7128=ORIENTED_EDGE('',*,*,#5222,.F.);
#7129=ORIENTED_EDGE('',*,*,#5223,.F.);
#7130=ORIENTED_EDGE('',*,*,#5224,.T.);
#7131=ORIENTED_EDGE('',*,*,#5225,.T.);
#7132=ORIENTED_EDGE('',*,*,#5226,.T.);
#7133=ORIENTED_EDGE('',*,*,#5227,.F.);
#7134=ORIENTED_EDGE('',*,*,#5228,.T.);
#7135=ORIENTED_EDGE('',*,*,#5229,.F.);
#7136=ORIENTED_EDGE('',*,*,#5224,.F.);
#7137=ORIENTED_EDGE('',*,*,#5230,.F.);
#7138=ORIENTED_EDGE('',*,*,#5228,.F.);
#7139=ORIENTED_EDGE('',*,*,#5231,.T.);
#7140=ORIENTED_EDGE('',*,*,#5232,.T.);
#7141=ORIENTED_EDGE('',*,*,#5233,.F.);
#7142=ORIENTED_EDGE('',*,*,#5234,.T.);
#7143=ORIENTED_EDGE('',*,*,#5235,.T.);
#7144=ORIENTED_EDGE('',*,*,#5236,.F.);
#7145=ORIENTED_EDGE('',*,*,#5235,.F.);
#7146=ORIENTED_EDGE('',*,*,#5237,.T.);
#7147=ORIENTED_EDGE('',*,*,#5238,.F.);
#7148=ORIENTED_EDGE('',*,*,#5239,.F.);
#7149=ORIENTED_EDGE('',*,*,#5240,.F.);
#7150=ORIENTED_EDGE('',*,*,#5241,.F.);
#7151=ORIENTED_EDGE('',*,*,#5242,.T.);
#7152=ORIENTED_EDGE('',*,*,#5243,.F.);
#7153=ORIENTED_EDGE('',*,*,#5244,.T.);
#7154=ORIENTED_EDGE('',*,*,#5232,.F.);
#7155=ORIENTED_EDGE('',*,*,#5245,.F.);
#7156=ORIENTED_EDGE('',*,*,#5246,.F.);
#7157=ORIENTED_EDGE('',*,*,#5247,.F.);
#7158=ORIENTED_EDGE('',*,*,#5222,.T.);
#7159=ORIENTED_EDGE('',*,*,#5248,.T.);
#7160=ORIENTED_EDGE('',*,*,#5249,.T.);
#7161=ORIENTED_EDGE('',*,*,#5239,.T.);
#7162=ORIENTED_EDGE('',*,*,#5250,.T.);
#7163=ORIENTED_EDGE('',*,*,#5251,.T.);
#7164=ORIENTED_EDGE('',*,*,#5252,.T.);
#7165=ORIENTED_EDGE('',*,*,#5252,.F.);
#7166=ORIENTED_EDGE('',*,*,#5253,.T.);
#7167=ORIENTED_EDGE('',*,*,#5254,.T.);
#7168=ORIENTED_EDGE('',*,*,#5245,.T.);
#7169=ORIENTED_EDGE('',*,*,#5231,.F.);
#7170=ORIENTED_EDGE('',*,*,#5227,.T.);
#7171=ORIENTED_EDGE('',*,*,#5223,.T.);
#7172=ORIENTED_EDGE('',*,*,#5255,.T.);
#7173=ORIENTED_EDGE('',*,*,#5233,.T.);
#7174=ORIENTED_EDGE('',*,*,#5244,.F.);
#7175=ORIENTED_EDGE('',*,*,#5256,.T.);
#7176=ORIENTED_EDGE('',*,*,#5234,.F.);
#7177=ORIENTED_EDGE('',*,*,#5255,.F.);
#7178=ORIENTED_EDGE('',*,*,#5257,.T.);
#7179=ORIENTED_EDGE('',*,*,#5258,.T.);
#7180=ORIENTED_EDGE('',*,*,#5237,.F.);
#7181=ORIENTED_EDGE('',*,*,#5257,.F.);
#7182=ORIENTED_EDGE('',*,*,#5256,.F.);
#7183=ORIENTED_EDGE('',*,*,#5243,.T.);
#7184=ORIENTED_EDGE('',*,*,#5259,.T.);
#7185=ORIENTED_EDGE('',*,*,#5254,.F.);
#7186=ORIENTED_EDGE('',*,*,#5260,.F.);
#7187=ORIENTED_EDGE('',*,*,#5261,.F.);
#7188=ORIENTED_EDGE('',*,*,#5246,.T.);
#7189=ORIENTED_EDGE('',*,*,#5250,.F.);
#7190=ORIENTED_EDGE('',*,*,#5247,.T.);
#7191=ORIENTED_EDGE('',*,*,#5261,.T.);
#7192=ORIENTED_EDGE('',*,*,#5262,.F.);
#7193=ORIENTED_EDGE('',*,*,#5251,.F.);
#7194=ORIENTED_EDGE('',*,*,#5262,.T.);
#7195=ORIENTED_EDGE('',*,*,#5260,.T.);
#7196=ORIENTED_EDGE('',*,*,#5253,.F.);
#7197=ORIENTED_EDGE('',*,*,#5263,.F.);
#7198=ORIENTED_EDGE('',*,*,#5264,.T.);
#7199=ORIENTED_EDGE('',*,*,#5265,.T.);
#7200=ORIENTED_EDGE('',*,*,#5266,.T.);
#7201=ORIENTED_EDGE('',*,*,#5267,.T.);
#7202=ORIENTED_EDGE('',*,*,#5258,.F.);
#7203=ORIENTED_EDGE('',*,*,#5259,.F.);
#7204=ORIENTED_EDGE('',*,*,#5242,.F.);
#7205=ORIENTED_EDGE('',*,*,#5268,.F.);
#7206=ORIENTED_EDGE('',*,*,#5269,.F.);
#7207=ORIENTED_EDGE('',*,*,#5270,.T.);
#7208=ORIENTED_EDGE('',*,*,#5271,.T.);
#7209=ORIENTED_EDGE('',*,*,#5272,.F.);
#7210=ORIENTED_EDGE('',*,*,#5271,.F.);
#7211=ORIENTED_EDGE('',*,*,#5273,.F.);
#7212=ORIENTED_EDGE('',*,*,#5274,.F.);
#7213=ORIENTED_EDGE('',*,*,#5275,.T.);
#7214=ORIENTED_EDGE('',*,*,#5276,.F.);
#7215=ORIENTED_EDGE('',*,*,#5277,.F.);
#7216=ORIENTED_EDGE('',*,*,#5278,.F.);
#7217=ORIENTED_EDGE('',*,*,#5279,.F.);
#7218=ORIENTED_EDGE('',*,*,#5280,.F.);
#7219=ORIENTED_EDGE('',*,*,#5277,.T.);
#7220=ORIENTED_EDGE('',*,*,#5281,.F.);
#7221=ORIENTED_EDGE('',*,*,#5282,.T.);
#7222=ORIENTED_EDGE('',*,*,#5283,.T.);
#7223=ORIENTED_EDGE('',*,*,#5279,.T.);
#7224=ORIENTED_EDGE('',*,*,#5284,.F.);
#7225=ORIENTED_EDGE('',*,*,#5266,.F.);
#7226=ORIENTED_EDGE('',*,*,#5285,.T.);
#7227=ORIENTED_EDGE('',*,*,#5286,.F.);
#7228=ORIENTED_EDGE('',*,*,#5273,.T.);
#7229=ORIENTED_EDGE('',*,*,#5270,.F.);
#7230=ORIENTED_EDGE('',*,*,#5287,.T.);
#7231=ORIENTED_EDGE('',*,*,#5274,.T.);
#7232=ORIENTED_EDGE('',*,*,#5286,.T.);
#7233=ORIENTED_EDGE('',*,*,#5288,.F.);
#7234=ORIENTED_EDGE('',*,*,#5289,.F.);
#7235=ORIENTED_EDGE('',*,*,#5290,.T.);
#7236=ORIENTED_EDGE('',*,*,#5291,.T.);
#7237=ORIENTED_EDGE('',*,*,#5292,.F.);
#7238=ORIENTED_EDGE('',*,*,#5275,.F.);
#7239=ORIENTED_EDGE('',*,*,#5287,.F.);
#7240=ORIENTED_EDGE('',*,*,#5293,.T.);
#7241=ORIENTED_EDGE('',*,*,#5264,.F.);
#7242=ORIENTED_EDGE('',*,*,#5294,.F.);
#7243=ORIENTED_EDGE('',*,*,#5295,.T.);
#7244=ORIENTED_EDGE('',*,*,#5296,.F.);
#7245=ORIENTED_EDGE('',*,*,#5284,.T.);
#7246=ORIENTED_EDGE('',*,*,#5278,.T.);
#7247=ORIENTED_EDGE('',*,*,#5276,.T.);
#7248=ORIENTED_EDGE('',*,*,#5292,.T.);
#7249=ORIENTED_EDGE('',*,*,#5297,.T.);
#7250=ORIENTED_EDGE('',*,*,#5298,.T.);
#7251=ORIENTED_EDGE('',*,*,#5296,.T.);
#7252=ORIENTED_EDGE('',*,*,#5299,.T.);
#7253=ORIENTED_EDGE('',*,*,#5300,.T.);
#7254=ORIENTED_EDGE('',*,*,#5289,.T.);
#7255=ORIENTED_EDGE('',*,*,#5301,.F.);
#7256=ORIENTED_EDGE('',*,*,#5302,.T.);
#7257=ORIENTED_EDGE('',*,*,#5281,.T.);
#7258=ORIENTED_EDGE('',*,*,#5285,.F.);
#7259=ORIENTED_EDGE('',*,*,#5265,.F.);
#7260=ORIENTED_EDGE('',*,*,#5293,.F.);
#7261=ORIENTED_EDGE('',*,*,#5288,.T.);
#7262=ORIENTED_EDGE('',*,*,#5300,.F.);
#7263=ORIENTED_EDGE('',*,*,#5303,.F.);
#7264=ORIENTED_EDGE('',*,*,#5304,.F.);
#7265=ORIENTED_EDGE('',*,*,#5290,.F.);
#7266=ORIENTED_EDGE('',*,*,#5297,.F.);
#7267=ORIENTED_EDGE('',*,*,#5291,.F.);
#7268=ORIENTED_EDGE('',*,*,#5304,.T.);
#7269=ORIENTED_EDGE('',*,*,#5305,.F.);
#7270=ORIENTED_EDGE('',*,*,#5299,.F.);
#7271=ORIENTED_EDGE('',*,*,#5298,.F.);
#7272=ORIENTED_EDGE('',*,*,#5305,.T.);
#7273=ORIENTED_EDGE('',*,*,#5303,.T.);
#7274=ORIENTED_EDGE('',*,*,#5306,.T.);
#7275=ORIENTED_EDGE('',*,*,#5307,.F.);
#7276=ORIENTED_EDGE('',*,*,#5308,.F.);
#7277=ORIENTED_EDGE('',*,*,#5309,.T.);
#7278=ORIENTED_EDGE('',*,*,#5310,.T.);
#7279=ORIENTED_EDGE('',*,*,#5311,.T.);
#7280=ORIENTED_EDGE('',*,*,#5312,.T.);
#7281=ORIENTED_EDGE('',*,*,#5313,.F.);
#7282=ORIENTED_EDGE('',*,*,#5314,.T.);
#7283=ORIENTED_EDGE('',*,*,#5315,.T.);
#7284=ORIENTED_EDGE('',*,*,#5307,.T.);
#7285=ORIENTED_EDGE('',*,*,#5316,.T.);
#7286=ORIENTED_EDGE('',*,*,#5311,.F.);
#7287=ORIENTED_EDGE('',*,*,#5317,.T.);
#7288=ORIENTED_EDGE('',*,*,#5318,.T.);
#7289=ORIENTED_EDGE('',*,*,#5319,.T.);
#7290=ORIENTED_EDGE('',*,*,#5320,.T.);
#7291=ORIENTED_EDGE('',*,*,#5318,.F.);
#7292=ORIENTED_EDGE('',*,*,#5321,.F.);
#7293=ORIENTED_EDGE('',*,*,#5322,.F.);
#7294=ORIENTED_EDGE('',*,*,#5323,.T.);
#7295=ORIENTED_EDGE('',*,*,#5308,.T.);
#7296=ORIENTED_EDGE('',*,*,#5315,.F.);
#7297=ORIENTED_EDGE('',*,*,#5324,.T.);
#7298=ORIENTED_EDGE('',*,*,#5325,.F.);
#7299=ORIENTED_EDGE('',*,*,#5326,.F.);
#7300=ORIENTED_EDGE('',*,*,#5327,.T.);
#7301=ORIENTED_EDGE('',*,*,#5324,.F.);
#7302=ORIENTED_EDGE('',*,*,#5314,.F.);
#7303=ORIENTED_EDGE('',*,*,#5328,.T.);
#7304=ORIENTED_EDGE('',*,*,#5329,.F.);
#7305=ORIENTED_EDGE('',*,*,#5330,.F.);
#7306=ORIENTED_EDGE('',*,*,#5331,.T.);
#7307=ORIENTED_EDGE('',*,*,#5332,.F.);
#7308=ORIENTED_EDGE('',*,*,#5326,.T.);
#7309=ORIENTED_EDGE('',*,*,#5313,.T.);
#7310=ORIENTED_EDGE('',*,*,#5333,.T.);
#7311=ORIENTED_EDGE('',*,*,#5334,.F.);
#7312=ORIENTED_EDGE('',*,*,#5335,.F.);
#7313=ORIENTED_EDGE('',*,*,#5336,.T.);
#7314=ORIENTED_EDGE('',*,*,#5337,.F.);
#7315=ORIENTED_EDGE('',*,*,#5338,.F.);
#7316=ORIENTED_EDGE('',*,*,#5333,.F.);
#7317=ORIENTED_EDGE('',*,*,#5312,.F.);
#7318=ORIENTED_EDGE('',*,*,#5316,.F.);
#7319=ORIENTED_EDGE('',*,*,#5320,.F.);
#7320=ORIENTED_EDGE('',*,*,#5336,.F.);
#7321=ORIENTED_EDGE('',*,*,#5319,.F.);
#7322=ORIENTED_EDGE('',*,*,#5339,.F.);
#7323=ORIENTED_EDGE('',*,*,#5340,.T.);
#7324=ORIENTED_EDGE('',*,*,#5328,.F.);
#7325=ORIENTED_EDGE('',*,*,#5341,.F.);
#7326=ORIENTED_EDGE('',*,*,#5342,.F.);
#7327=ORIENTED_EDGE('',*,*,#5325,.T.);
#7328=ORIENTED_EDGE('',*,*,#5327,.F.);
#7329=ORIENTED_EDGE('',*,*,#5332,.T.);
#7330=ORIENTED_EDGE('',*,*,#5343,.T.);
#7331=ORIENTED_EDGE('',*,*,#5341,.T.);
#7332=ORIENTED_EDGE('',*,*,#5335,.T.);
#7333=ORIENTED_EDGE('',*,*,#5344,.T.);
#7334=ORIENTED_EDGE('',*,*,#5345,.T.);
#7335=ORIENTED_EDGE('',*,*,#5338,.T.);
#7336=ORIENTED_EDGE('',*,*,#5346,.T.);
#7337=ORIENTED_EDGE('',*,*,#5344,.F.);
#7338=ORIENTED_EDGE('',*,*,#5334,.T.);
#7339=ORIENTED_EDGE('',*,*,#5342,.T.);
#7340=ORIENTED_EDGE('',*,*,#5345,.F.);
#7341=ORIENTED_EDGE('',*,*,#5346,.F.);
#7342=ORIENTED_EDGE('',*,*,#5337,.T.);
#7343=ORIENTED_EDGE('',*,*,#5347,.F.);
#7344=ORIENTED_EDGE('',*,*,#5321,.T.);
#7345=ORIENTED_EDGE('',*,*,#5317,.F.);
#7346=ORIENTED_EDGE('',*,*,#5310,.F.);
#7347=ORIENTED_EDGE('',*,*,#5306,.F.);
#7348=ORIENTED_EDGE('',*,*,#5348,.F.);
#7349=ORIENTED_EDGE('',*,*,#5349,.F.);
#7350=ORIENTED_EDGE('',*,*,#5217,.T.);
#7351=ORIENTED_EDGE('',*,*,#5350,.F.);
#7352=ORIENTED_EDGE('',*,*,#5348,.T.);
#7353=ORIENTED_EDGE('',*,*,#5309,.F.);
#7354=ORIENTED_EDGE('',*,*,#5351,.T.);
#7355=ORIENTED_EDGE('',*,*,#5352,.F.);
#7356=ORIENTED_EDGE('',*,*,#5353,.T.);
#7357=ORIENTED_EDGE('',*,*,#5354,.F.);
#7358=ORIENTED_EDGE('',*,*,#5355,.F.);
#7359=ORIENTED_EDGE('',*,*,#5356,.T.);
#7360=ORIENTED_EDGE('',*,*,#5357,.T.);
#7361=ORIENTED_EDGE('',*,*,#5358,.T.);
#7362=ORIENTED_EDGE('',*,*,#5351,.F.);
#7363=ORIENTED_EDGE('',*,*,#5323,.F.);
#7364=ORIENTED_EDGE('',*,*,#5343,.F.);
#7365=ORIENTED_EDGE('',*,*,#5331,.F.);
#7366=ORIENTED_EDGE('',*,*,#5359,.F.);
#7367=ORIENTED_EDGE('',*,*,#5360,.T.);
#7368=ORIENTED_EDGE('',*,*,#5361,.F.);
#7369=ORIENTED_EDGE('',*,*,#5362,.F.);
#7370=ORIENTED_EDGE('',*,*,#5329,.T.);
#7371=ORIENTED_EDGE('',*,*,#5340,.F.);
#7372=ORIENTED_EDGE('',*,*,#5363,.T.);
#7373=ORIENTED_EDGE('',*,*,#5364,.F.);
#7374=ORIENTED_EDGE('',*,*,#5365,.F.);
#7375=ORIENTED_EDGE('',*,*,#5366,.F.);
#7376=ORIENTED_EDGE('',*,*,#5367,.T.);
#7377=ORIENTED_EDGE('',*,*,#5368,.T.);
#7378=ORIENTED_EDGE('',*,*,#5366,.T.);
#7379=ORIENTED_EDGE('',*,*,#5369,.T.);
#7380=ORIENTED_EDGE('',*,*,#5370,.F.);
#7381=ORIENTED_EDGE('',*,*,#5371,.T.);
#7382=ORIENTED_EDGE('',*,*,#5372,.F.);
#7383=ORIENTED_EDGE('',*,*,#5373,.F.);
#7384=ORIENTED_EDGE('',*,*,#5374,.T.);
#7385=ORIENTED_EDGE('',*,*,#5375,.F.);
#7386=ORIENTED_EDGE('',*,*,#5376,.F.);
#7387=ORIENTED_EDGE('',*,*,#5370,.T.);
#7388=ORIENTED_EDGE('',*,*,#5377,.T.);
#7389=ORIENTED_EDGE('',*,*,#5352,.T.);
#7390=ORIENTED_EDGE('',*,*,#5378,.F.);
#7391=ORIENTED_EDGE('',*,*,#5372,.T.);
#7392=ORIENTED_EDGE('',*,*,#5379,.T.);
#7393=ORIENTED_EDGE('',*,*,#5380,.T.);
#7394=ORIENTED_EDGE('',*,*,#5381,.T.);
#7395=ORIENTED_EDGE('',*,*,#5382,.T.);
#7396=ORIENTED_EDGE('',*,*,#5375,.T.);
#7397=ORIENTED_EDGE('',*,*,#5383,.F.);
#7398=ORIENTED_EDGE('',*,*,#5384,.T.);
#7399=ORIENTED_EDGE('',*,*,#5356,.F.);
#7400=ORIENTED_EDGE('',*,*,#5385,.F.);
#7401=ORIENTED_EDGE('',*,*,#5361,.T.);
#7402=ORIENTED_EDGE('',*,*,#5363,.F.);
#7403=ORIENTED_EDGE('',*,*,#5386,.F.);
#7404=ORIENTED_EDGE('',*,*,#5387,.F.);
#7405=ORIENTED_EDGE('',*,*,#5388,.F.);
#7406=ORIENTED_EDGE('',*,*,#5379,.F.);
#7407=ORIENTED_EDGE('',*,*,#5360,.F.);
#7408=ORIENTED_EDGE('',*,*,#5389,.F.);
#7409=ORIENTED_EDGE('',*,*,#5386,.T.);
#7410=ORIENTED_EDGE('',*,*,#5367,.F.);
#7411=ORIENTED_EDGE('',*,*,#5368,.F.);
#7412=ORIENTED_EDGE('',*,*,#5376,.T.);
#7413=ORIENTED_EDGE('',*,*,#5382,.F.);
#7414=ORIENTED_EDGE('',*,*,#5390,.F.);
#7415=ORIENTED_EDGE('',*,*,#5391,.F.);
#7416=ORIENTED_EDGE('',*,*,#5392,.F.);
#7417=ORIENTED_EDGE('',*,*,#5393,.F.);
#7418=ORIENTED_EDGE('',*,*,#5383,.T.);
#7419=ORIENTED_EDGE('',*,*,#5374,.F.);
#7420=ORIENTED_EDGE('',*,*,#5373,.T.);
#7421=ORIENTED_EDGE('',*,*,#5378,.T.);
#7422=ORIENTED_EDGE('',*,*,#5358,.F.);
#7423=ORIENTED_EDGE('',*,*,#5394,.F.);
#7424=ORIENTED_EDGE('',*,*,#5392,.T.);
#7425=ORIENTED_EDGE('',*,*,#5394,.T.);
#7426=ORIENTED_EDGE('',*,*,#5357,.F.);
#7427=ORIENTED_EDGE('',*,*,#5384,.F.);
#7428=ORIENTED_EDGE('',*,*,#5393,.T.);
#7429=ORIENTED_EDGE('',*,*,#5390,.T.);
#7430=ORIENTED_EDGE('',*,*,#5381,.F.);
#7431=ORIENTED_EDGE('',*,*,#5395,.T.);
#7432=ORIENTED_EDGE('',*,*,#5396,.T.);
#7433=ORIENTED_EDGE('',*,*,#5388,.T.);
#7434=ORIENTED_EDGE('',*,*,#5397,.T.);
#7435=ORIENTED_EDGE('',*,*,#5395,.F.);
#7436=ORIENTED_EDGE('',*,*,#5380,.F.);
#7437=ORIENTED_EDGE('',*,*,#5387,.T.);
#7438=ORIENTED_EDGE('',*,*,#5391,.T.);
#7439=ORIENTED_EDGE('',*,*,#5396,.F.);
#7440=ORIENTED_EDGE('',*,*,#5397,.F.);
#7441=ORIENTED_EDGE('',*,*,#5213,.T.);
#7442=ORIENTED_EDGE('',*,*,#5398,.F.);
#7443=ORIENTED_EDGE('',*,*,#5399,.F.);
#7444=ORIENTED_EDGE('',*,*,#5238,.T.);
#7445=ORIENTED_EDGE('',*,*,#5267,.F.);
#7446=ORIENTED_EDGE('',*,*,#5269,.T.);
#7447=ORIENTED_EDGE('',*,*,#5400,.F.);
#7448=ORIENTED_EDGE('',*,*,#5401,.F.);
#7449=ORIENTED_EDGE('',*,*,#5402,.F.);
#7450=ORIENTED_EDGE('',*,*,#5403,.F.);
#7451=ORIENTED_EDGE('',*,*,#5353,.F.);
#7452=ORIENTED_EDGE('',*,*,#5377,.F.);
#7453=ORIENTED_EDGE('',*,*,#5371,.F.);
#7454=ORIENTED_EDGE('',*,*,#5369,.F.);
#7455=ORIENTED_EDGE('',*,*,#5365,.T.);
#7456=ORIENTED_EDGE('',*,*,#5404,.F.);
#7457=ORIENTED_EDGE('',*,*,#5218,.T.);
#7458=ORIENTED_EDGE('',*,*,#5354,.T.);
#7459=ORIENTED_EDGE('',*,*,#5403,.T.);
#7460=ORIENTED_EDGE('',*,*,#5405,.F.);
#7461=ORIENTED_EDGE('',*,*,#5349,.T.);
#7462=ORIENTED_EDGE('',*,*,#5350,.T.);
#7463=ORIENTED_EDGE('',*,*,#5216,.T.);
#7464=ORIENTED_EDGE('',*,*,#5406,.F.);
#7465=ORIENTED_EDGE('',*,*,#5407,.F.);
#7466=ORIENTED_EDGE('',*,*,#5400,.T.);
#7467=ORIENTED_EDGE('',*,*,#5268,.T.);
#7468=ORIENTED_EDGE('',*,*,#5272,.T.);
#7469=ORIENTED_EDGE('',*,*,#5280,.T.);
#7470=ORIENTED_EDGE('',*,*,#5283,.F.);
#7471=ORIENTED_EDGE('',*,*,#5408,.F.);
#7472=ORIENTED_EDGE('',*,*,#5214,.T.);
#7473=ORIENTED_EDGE('',*,*,#5401,.T.);
#7474=ORIENTED_EDGE('',*,*,#5407,.T.);
#7475=ORIENTED_EDGE('',*,*,#5409,.F.);
#7476=ORIENTED_EDGE('',*,*,#5301,.T.);
#7477=ORIENTED_EDGE('',*,*,#5295,.F.);
#7478=ORIENTED_EDGE('',*,*,#5410,.F.);
#7479=ORIENTED_EDGE('',*,*,#5240,.T.);
#7480=ORIENTED_EDGE('',*,*,#5249,.F.);
#7481=ORIENTED_EDGE('',*,*,#5411,.F.);
#7482=ORIENTED_EDGE('',*,*,#5225,.F.);
#7483=ORIENTED_EDGE('',*,*,#5229,.T.);
#7484=ORIENTED_EDGE('',*,*,#5230,.T.);
#7485=ORIENTED_EDGE('',*,*,#5236,.T.);
#7486=ORIENTED_EDGE('',*,*,#5399,.T.);
#7487=ORIENTED_EDGE('',*,*,#5412,.F.);
#7488=ORIENTED_EDGE('',*,*,#5413,.F.);
#7489=ORIENTED_EDGE('',*,*,#5412,.T.);
#7490=ORIENTED_EDGE('',*,*,#5398,.T.);
#7491=ORIENTED_EDGE('',*,*,#5212,.T.);
#7492=ORIENTED_EDGE('',*,*,#5015,.F.);
#7493=ORIENTED_EDGE('',*,*,#5414,.T.);
#7494=ORIENTED_EDGE('',*,*,#5210,.T.);
#7495=ORIENTED_EDGE('',*,*,#4744,.F.);
#7496=ORIENTED_EDGE('',*,*,#5414,.F.);
#7497=ORIENTED_EDGE('',*,*,#5014,.F.);
#7498=ORIENTED_EDGE('',*,*,#5221,.F.);
#7499=ORIENTED_EDGE('',*,*,#5219,.F.);
#7500=ORIENTED_EDGE('',*,*,#5404,.T.);
#7501=ORIENTED_EDGE('',*,*,#5402,.T.);
#7502=ORIENTED_EDGE('',*,*,#5364,.T.);
#7503=ORIENTED_EDGE('',*,*,#5389,.T.);
#7504=ORIENTED_EDGE('',*,*,#5359,.T.);
#7505=ORIENTED_EDGE('',*,*,#5339,.T.);
#7506=ORIENTED_EDGE('',*,*,#5322,.T.);
#7507=ORIENTED_EDGE('',*,*,#5347,.T.);
#7508=ORIENTED_EDGE('',*,*,#5405,.T.);
#7509=ORIENTED_EDGE('',*,*,#5215,.T.);
#7510=ORIENTED_EDGE('',*,*,#5408,.T.);
#7511=ORIENTED_EDGE('',*,*,#5406,.T.);
#7512=ORIENTED_EDGE('',*,*,#5282,.F.);
#7513=ORIENTED_EDGE('',*,*,#5302,.F.);
#7514=ORIENTED_EDGE('',*,*,#5409,.T.);
#7515=ORIENTED_EDGE('',*,*,#5248,.F.);
#7516=ORIENTED_EDGE('',*,*,#5226,.F.);
#7517=ORIENTED_EDGE('',*,*,#5411,.T.);
#7518=ORIENTED_EDGE('',*,*,#5413,.T.);
#7519=ORIENTED_EDGE('',*,*,#5211,.F.);
#7520=ORIENTED_EDGE('',*,*,#5330,.T.);
#7521=ORIENTED_EDGE('',*,*,#5362,.T.);
#7522=ORIENTED_EDGE('',*,*,#5385,.T.);
#7523=ORIENTED_EDGE('',*,*,#5355,.T.);
#7524=ORIENTED_EDGE('',*,*,#5241,.T.);
#7525=ORIENTED_EDGE('',*,*,#5410,.T.);
#7526=ORIENTED_EDGE('',*,*,#5294,.T.);
#7527=ORIENTED_EDGE('',*,*,#5263,.T.);
#7528=ORIENTED_EDGE('',*,*,#4737,.F.);
#7529=ORIENTED_EDGE('',*,*,#5415,.T.);
#7530=ORIENTED_EDGE('',*,*,#5416,.F.);
#7531=ORIENTED_EDGE('',*,*,#5417,.F.);
#7532=ORIENTED_EDGE('',*,*,#5418,.F.);
#7533=ORIENTED_EDGE('',*,*,#5419,.F.);
#7534=ORIENTED_EDGE('',*,*,#4734,.F.);
#7535=ORIENTED_EDGE('',*,*,#5420,.T.);
#7536=ORIENTED_EDGE('',*,*,#5421,.F.);
#7537=ORIENTED_EDGE('',*,*,#4733,.F.);
#7538=ORIENTED_EDGE('',*,*,#5422,.T.);
#7539=ORIENTED_EDGE('',*,*,#5423,.F.);
#7540=ORIENTED_EDGE('',*,*,#5420,.F.);
#7541=ORIENTED_EDGE('',*,*,#5424,.F.);
#7542=ORIENTED_EDGE('',*,*,#5425,.F.);
#7543=ORIENTED_EDGE('',*,*,#5422,.F.);
#7544=ORIENTED_EDGE('',*,*,#4732,.F.);
#7545=ORIENTED_EDGE('',*,*,#5426,.F.);
#7546=ORIENTED_EDGE('',*,*,#5417,.T.);
#7547=ORIENTED_EDGE('',*,*,#5427,.F.);
#7548=ORIENTED_EDGE('',*,*,#5428,.F.);
#7549=ORIENTED_EDGE('',*,*,#5429,.F.);
#7550=ORIENTED_EDGE('',*,*,#5430,.T.);
#7551=ORIENTED_EDGE('',*,*,#5431,.F.);
#7552=ORIENTED_EDGE('',*,*,#5430,.F.);
#7553=ORIENTED_EDGE('',*,*,#5432,.F.);
#7554=ORIENTED_EDGE('',*,*,#5433,.T.);
#7555=ORIENTED_EDGE('',*,*,#5434,.F.);
#7556=ORIENTED_EDGE('',*,*,#5433,.F.);
#7557=ORIENTED_EDGE('',*,*,#5435,.F.);
#7558=ORIENTED_EDGE('',*,*,#5428,.T.);
#7559=ORIENTED_EDGE('',*,*,#5436,.F.);
#7560=ORIENTED_EDGE('',*,*,#5437,.F.);
#7561=ORIENTED_EDGE('',*,*,#4719,.F.);
#7562=ORIENTED_EDGE('',*,*,#5438,.F.);
#7563=ORIENTED_EDGE('',*,*,#4720,.F.);
#7564=ORIENTED_EDGE('',*,*,#5437,.T.);
#7565=ORIENTED_EDGE('',*,*,#5439,.F.);
#7566=ORIENTED_EDGE('',*,*,#4723,.F.);
#7567=ORIENTED_EDGE('',*,*,#5440,.T.);
#7568=ORIENTED_EDGE('',*,*,#5441,.F.);
#7569=ORIENTED_EDGE('',*,*,#5442,.F.);
#7570=ORIENTED_EDGE('',*,*,#5443,.F.);
#7571=ORIENTED_EDGE('',*,*,#4724,.F.);
#7572=ORIENTED_EDGE('',*,*,#5442,.T.);
#7573=ORIENTED_EDGE('',*,*,#5444,.F.);
#7574=ORIENTED_EDGE('',*,*,#4727,.F.);
#7575=ORIENTED_EDGE('',*,*,#5445,.T.);
#7576=ORIENTED_EDGE('',*,*,#5446,.F.);
#7577=ORIENTED_EDGE('',*,*,#5447,.F.);
#7578=ORIENTED_EDGE('',*,*,#4728,.F.);
#7579=ORIENTED_EDGE('',*,*,#5447,.T.);
#7580=ORIENTED_EDGE('',*,*,#5448,.F.);
#7581=ORIENTED_EDGE('',*,*,#5449,.F.);
#7582=ORIENTED_EDGE('',*,*,#4729,.F.);
#7583=ORIENTED_EDGE('',*,*,#5449,.T.);
#7584=ORIENTED_EDGE('',*,*,#5450,.F.);
#7585=ORIENTED_EDGE('',*,*,#5451,.F.);
#7586=ORIENTED_EDGE('',*,*,#5452,.F.);
#7587=ORIENTED_EDGE('',*,*,#5453,.F.);
#7588=ORIENTED_EDGE('',*,*,#5440,.F.);
#7589=ORIENTED_EDGE('',*,*,#4722,.F.);
#7590=ORIENTED_EDGE('',*,*,#5438,.T.);
#7591=ORIENTED_EDGE('',*,*,#5454,.T.);
#7592=ORIENTED_EDGE('',*,*,#5452,.T.);
#7593=ORIENTED_EDGE('',*,*,#4721,.F.);
#7594=ORIENTED_EDGE('',*,*,#5455,.F.);
#7595=ORIENTED_EDGE('',*,*,#5456,.F.);
#7596=ORIENTED_EDGE('',*,*,#5445,.F.);
#7597=ORIENTED_EDGE('',*,*,#4726,.F.);
#7598=ORIENTED_EDGE('',*,*,#5443,.T.);
#7599=ORIENTED_EDGE('',*,*,#5457,.T.);
#7600=ORIENTED_EDGE('',*,*,#5455,.T.);
#7601=ORIENTED_EDGE('',*,*,#4725,.F.);
#7602=ORIENTED_EDGE('',*,*,#5458,.F.);
#7603=ORIENTED_EDGE('',*,*,#4730,.F.);
#7604=ORIENTED_EDGE('',*,*,#5451,.T.);
#7605=ORIENTED_EDGE('',*,*,#5459,.F.);
#7606=ORIENTED_EDGE('',*,*,#5424,.T.);
#7607=ORIENTED_EDGE('',*,*,#4731,.F.);
#7608=ORIENTED_EDGE('',*,*,#5458,.T.);
#7609=ORIENTED_EDGE('',*,*,#5460,.T.);
#7610=ORIENTED_EDGE('',*,*,#5461,.F.);
#7611=ORIENTED_EDGE('',*,*,#5421,.T.);
#7612=ORIENTED_EDGE('',*,*,#5423,.T.);
#7613=ORIENTED_EDGE('',*,*,#5425,.T.);
#7614=ORIENTED_EDGE('',*,*,#5460,.F.);
#7615=ORIENTED_EDGE('',*,*,#5459,.T.);
#7616=ORIENTED_EDGE('',*,*,#5450,.T.);
#7617=ORIENTED_EDGE('',*,*,#5448,.T.);
#7618=ORIENTED_EDGE('',*,*,#5446,.T.);
#7619=ORIENTED_EDGE('',*,*,#5456,.T.);
#7620=ORIENTED_EDGE('',*,*,#5457,.F.);
#7621=ORIENTED_EDGE('',*,*,#5444,.T.);
#7622=ORIENTED_EDGE('',*,*,#5441,.T.);
#7623=ORIENTED_EDGE('',*,*,#5453,.T.);
#7624=ORIENTED_EDGE('',*,*,#5454,.F.);
#7625=ORIENTED_EDGE('',*,*,#5439,.T.);
#7626=ORIENTED_EDGE('',*,*,#5436,.T.);
#7627=ORIENTED_EDGE('',*,*,#5427,.T.);
#7628=ORIENTED_EDGE('',*,*,#5416,.T.);
#7629=ORIENTED_EDGE('',*,*,#5462,.T.);
#7630=ORIENTED_EDGE('',*,*,#5429,.T.);
#7631=ORIENTED_EDGE('',*,*,#5432,.T.);
#7632=ORIENTED_EDGE('',*,*,#5463,.F.);
#7633=ORIENTED_EDGE('',*,*,#5462,.F.);
#7634=ORIENTED_EDGE('',*,*,#5415,.F.);
#7635=ORIENTED_EDGE('',*,*,#4736,.F.);
#7636=ORIENTED_EDGE('',*,*,#5419,.T.);
#7637=ORIENTED_EDGE('',*,*,#5461,.T.);
#7638=ORIENTED_EDGE('',*,*,#5463,.T.);
#7639=ORIENTED_EDGE('',*,*,#4735,.F.);
#7640=ORIENTED_EDGE('',*,*,#5434,.T.);
#7641=ORIENTED_EDGE('',*,*,#5418,.T.);
#7642=ORIENTED_EDGE('',*,*,#5426,.T.);
#7643=ORIENTED_EDGE('',*,*,#5435,.T.);
#7644=ORIENTED_EDGE('',*,*,#4795,.T.);
#7645=ORIENTED_EDGE('',*,*,#5464,.T.);
#7646=ORIENTED_EDGE('',*,*,#5465,.T.);
#7647=ORIENTED_EDGE('',*,*,#5466,.T.);
#7648=ORIENTED_EDGE('',*,*,#4770,.F.);
#7649=ORIENTED_EDGE('',*,*,#5466,.F.);
#7650=ORIENTED_EDGE('',*,*,#5467,.F.);
#7651=ORIENTED_EDGE('',*,*,#5468,.F.);
#7652=ORIENTED_EDGE('',*,*,#4771,.F.);
#7653=ORIENTED_EDGE('',*,*,#4817,.F.);
#7654=ORIENTED_EDGE('',*,*,#5469,.T.);
#7655=ORIENTED_EDGE('',*,*,#5470,.T.);
#7656=ORIENTED_EDGE('',*,*,#5471,.F.);
#7657=ORIENTED_EDGE('',*,*,#5472,.T.);
#7658=ORIENTED_EDGE('',*,*,#5473,.T.);
#7659=ORIENTED_EDGE('',*,*,#5467,.T.);
#7660=ORIENTED_EDGE('',*,*,#5465,.F.);
#7661=ORIENTED_EDGE('',*,*,#5474,.T.);
#7662=ORIENTED_EDGE('',*,*,#5475,.T.);
#7663=ORIENTED_EDGE('',*,*,#5476,.T.);
#7664=ORIENTED_EDGE('',*,*,#5477,.F.);
#7665=ORIENTED_EDGE('',*,*,#5478,.T.);
#7666=ORIENTED_EDGE('',*,*,#5479,.T.);
#7667=ORIENTED_EDGE('',*,*,#5480,.T.);
#7668=ORIENTED_EDGE('',*,*,#5481,.T.);
#7669=ORIENTED_EDGE('',*,*,#5471,.T.);
#7670=ORIENTED_EDGE('',*,*,#5482,.T.);
#7671=ORIENTED_EDGE('',*,*,#4774,.F.);
#7672=ORIENTED_EDGE('',*,*,#5482,.F.);
#7673=ORIENTED_EDGE('',*,*,#5470,.F.);
#7674=ORIENTED_EDGE('',*,*,#5483,.F.);
#7675=ORIENTED_EDGE('',*,*,#4775,.F.);
#7676=ORIENTED_EDGE('',*,*,#5484,.T.);
#7677=ORIENTED_EDGE('',*,*,#4766,.F.);
#7678=ORIENTED_EDGE('',*,*,#5485,.T.);
#7679=ORIENTED_EDGE('',*,*,#5477,.T.);
#7680=ORIENTED_EDGE('',*,*,#5484,.F.);
#7681=ORIENTED_EDGE('',*,*,#5476,.F.);
#7682=ORIENTED_EDGE('',*,*,#5486,.F.);
#7683=ORIENTED_EDGE('',*,*,#4767,.F.);
#7684=ORIENTED_EDGE('',*,*,#5487,.T.);
#7685=ORIENTED_EDGE('',*,*,#4825,.T.);
#7686=ORIENTED_EDGE('',*,*,#5488,.T.);
#7687=ORIENTED_EDGE('',*,*,#4760,.F.);
#7688=ORIENTED_EDGE('',*,*,#5488,.F.);
#7689=ORIENTED_EDGE('',*,*,#4824,.F.);
#7690=ORIENTED_EDGE('',*,*,#5489,.F.);
#7691=ORIENTED_EDGE('',*,*,#4761,.F.);
#7692=ORIENTED_EDGE('',*,*,#5490,.T.);
#7693=ORIENTED_EDGE('',*,*,#4829,.T.);
#7694=ORIENTED_EDGE('',*,*,#5491,.T.);
#7695=ORIENTED_EDGE('',*,*,#4756,.F.);
#7696=ORIENTED_EDGE('',*,*,#5490,.F.);
#7697=ORIENTED_EDGE('',*,*,#4755,.F.);
#7698=ORIENTED_EDGE('',*,*,#5492,.T.);
#7699=ORIENTED_EDGE('',*,*,#4830,.F.);
#7700=ORIENTED_EDGE('',*,*,#5493,.T.);
#7701=ORIENTED_EDGE('',*,*,#4752,.F.);
#7702=ORIENTED_EDGE('',*,*,#5494,.T.);
#7703=ORIENTED_EDGE('',*,*,#4833,.T.);
#7704=ORIENTED_EDGE('',*,*,#5493,.F.);
#7705=ORIENTED_EDGE('',*,*,#4832,.F.);
#7706=ORIENTED_EDGE('',*,*,#5495,.F.);
#7707=ORIENTED_EDGE('',*,*,#4753,.F.);
#7708=ORIENTED_EDGE('',*,*,#4754,.F.);
#7709=ORIENTED_EDGE('',*,*,#5495,.T.);
#7710=ORIENTED_EDGE('',*,*,#4831,.F.);
#7711=ORIENTED_EDGE('',*,*,#5492,.F.);
#7712=ORIENTED_EDGE('',*,*,#5494,.F.);
#7713=ORIENTED_EDGE('',*,*,#4751,.F.);
#7714=ORIENTED_EDGE('',*,*,#5496,.T.);
#7715=ORIENTED_EDGE('',*,*,#4834,.F.);
#7716=ORIENTED_EDGE('',*,*,#4750,.F.);
#7717=ORIENTED_EDGE('',*,*,#4819,.T.);
#7718=ORIENTED_EDGE('',*,*,#4835,.F.);
#7719=ORIENTED_EDGE('',*,*,#5496,.F.);
#7720=ORIENTED_EDGE('',*,*,#4776,.F.);
#7721=ORIENTED_EDGE('',*,*,#5483,.T.);
#7722=ORIENTED_EDGE('',*,*,#5469,.F.);
#7723=ORIENTED_EDGE('',*,*,#4820,.F.);
#7724=ORIENTED_EDGE('',*,*,#5481,.F.);
#7725=ORIENTED_EDGE('',*,*,#4773,.F.);
#7726=ORIENTED_EDGE('',*,*,#5497,.T.);
#7727=ORIENTED_EDGE('',*,*,#5472,.F.);
#7728=ORIENTED_EDGE('',*,*,#4772,.F.);
#7729=ORIENTED_EDGE('',*,*,#5468,.T.);
#7730=ORIENTED_EDGE('',*,*,#5473,.F.);
#7731=ORIENTED_EDGE('',*,*,#5497,.F.);
#7732=ORIENTED_EDGE('',*,*,#5464,.F.);
#7733=ORIENTED_EDGE('',*,*,#4769,.F.);
#7734=ORIENTED_EDGE('',*,*,#5498,.T.);
#7735=ORIENTED_EDGE('',*,*,#5474,.F.);
#7736=ORIENTED_EDGE('',*,*,#4836,.F.);
#7737=ORIENTED_EDGE('',*,*,#5499,.T.);
#7738=ORIENTED_EDGE('',*,*,#5500,.F.);
#7739=ORIENTED_EDGE('',*,*,#5499,.F.);
#7740=ORIENTED_EDGE('',*,*,#5480,.F.);
#7741=ORIENTED_EDGE('',*,*,#5501,.T.);
#7742=ORIENTED_EDGE('',*,*,#5502,.F.);
#7743=ORIENTED_EDGE('',*,*,#5501,.F.);
#7744=ORIENTED_EDGE('',*,*,#5491,.F.);
#7745=ORIENTED_EDGE('',*,*,#4828,.F.);
#7746=ORIENTED_EDGE('',*,*,#5503,.F.);
#7747=ORIENTED_EDGE('',*,*,#4757,.F.);
#7748=ORIENTED_EDGE('',*,*,#4758,.F.);
#7749=ORIENTED_EDGE('',*,*,#5503,.T.);
#7750=ORIENTED_EDGE('',*,*,#4827,.F.);
#7751=ORIENTED_EDGE('',*,*,#5504,.F.);
#7752=ORIENTED_EDGE('',*,*,#5487,.F.);
#7753=ORIENTED_EDGE('',*,*,#4759,.F.);
#7754=ORIENTED_EDGE('',*,*,#5504,.T.);
#7755=ORIENTED_EDGE('',*,*,#4826,.F.);
#7756=ORIENTED_EDGE('',*,*,#4762,.F.);
#7757=ORIENTED_EDGE('',*,*,#5489,.T.);
#7758=ORIENTED_EDGE('',*,*,#4823,.F.);
#7759=ORIENTED_EDGE('',*,*,#4822,.F.);
#7760=ORIENTED_EDGE('',*,*,#4764,.F.);
#7761=ORIENTED_EDGE('',*,*,#4821,.T.);
#7762=ORIENTED_EDGE('',*,*,#5479,.F.);
#7763=ORIENTED_EDGE('',*,*,#5505,.F.);
#7764=ORIENTED_EDGE('',*,*,#5485,.F.);
#7765=ORIENTED_EDGE('',*,*,#4765,.F.);
#7766=ORIENTED_EDGE('',*,*,#5505,.T.);
#7767=ORIENTED_EDGE('',*,*,#5478,.F.);
#7768=ORIENTED_EDGE('',*,*,#4768,.F.);
#7769=ORIENTED_EDGE('',*,*,#5486,.T.);
#7770=ORIENTED_EDGE('',*,*,#5475,.F.);
#7771=ORIENTED_EDGE('',*,*,#5498,.F.);
#7772=ORIENTED_EDGE('',*,*,#5502,.T.);
#7773=ORIENTED_EDGE('',*,*,#5500,.T.);
#7774=ORIENTED_EDGE('',*,*,#5431,.T.);
#7775=ORIENTED_EDGE('',*,*,#4898,.F.);
#7776=ORIENTED_EDGE('',*,*,#5011,.T.);
#7777=ORIENTED_EDGE('',*,*,#4883,.F.);
#7778=ORIENTED_EDGE('',*,*,#5012,.F.);
#7779=ORIENTED_EDGE('',*,*,#4907,.F.);
#7780=ORIENTED_EDGE('',*,*,#5005,.T.);
#7781=ORIENTED_EDGE('',*,*,#4918,.F.);
#7782=ORIENTED_EDGE('',*,*,#5006,.F.);
#7783=ORIENTED_EDGE('',*,*,#4739,.F.);
#7784=ORIENTED_EDGE('',*,*,#4794,.T.);
#7785=ORIENTED_EDGE('',*,*,#4926,.F.);
#7786=ORIENTED_EDGE('',*,*,#4877,.F.);
#7787=ORIENTED_EDGE('',*,*,#4940,.F.);
#7788=ORIENTED_EDGE('',*,*,#5017,.T.);
#7789=ORIENTED_EDGE('',*,*,#5506,.F.);
#7790=ORIENTED_EDGE('',*,*,#5507,.F.);
#7791=ORIENTED_EDGE('',*,*,#5508,.F.);
#7792=ORIENTED_EDGE('',*,*,#5509,.F.);
#7793=ORIENTED_EDGE('',*,*,#5510,.F.);
#7794=ORIENTED_EDGE('',*,*,#5511,.F.);
#7795=ORIENTED_EDGE('',*,*,#5512,.F.);
#7796=ORIENTED_EDGE('',*,*,#5513,.F.);
#7797=ORIENTED_EDGE('',*,*,#5514,.F.);
#7798=ORIENTED_EDGE('',*,*,#5515,.F.);
#7799=ORIENTED_EDGE('',*,*,#5516,.T.);
#7800=ORIENTED_EDGE('',*,*,#5517,.F.);
#7801=ORIENTED_EDGE('',*,*,#5516,.F.);
#7802=ORIENTED_EDGE('',*,*,#5512,.T.);
#7803=ORIENTED_EDGE('',*,*,#5518,.T.);
#7804=ORIENTED_EDGE('',*,*,#5507,.T.);
#7805=ORIENTED_EDGE('',*,*,#5518,.F.);
#7806=ORIENTED_EDGE('',*,*,#5511,.T.);
#7807=ORIENTED_EDGE('',*,*,#5519,.T.);
#7808=ORIENTED_EDGE('',*,*,#5520,.F.);
#7809=ORIENTED_EDGE('',*,*,#5519,.F.);
#7810=ORIENTED_EDGE('',*,*,#5514,.T.);
#7811=ORIENTED_EDGE('',*,*,#5521,.T.);
#7812=ORIENTED_EDGE('',*,*,#5508,.T.);
#7813=ORIENTED_EDGE('',*,*,#5521,.F.);
#7814=ORIENTED_EDGE('',*,*,#5513,.T.);
#7815=ORIENTED_EDGE('',*,*,#5522,.T.);
#7816=ORIENTED_EDGE('',*,*,#5523,.F.);
#7817=ORIENTED_EDGE('',*,*,#5522,.F.);
#7818=ORIENTED_EDGE('',*,*,#5510,.T.);
#7819=ORIENTED_EDGE('',*,*,#5524,.T.);
#7820=ORIENTED_EDGE('',*,*,#5506,.T.);
#7821=ORIENTED_EDGE('',*,*,#5524,.F.);
#7822=ORIENTED_EDGE('',*,*,#5509,.T.);
#7823=ORIENTED_EDGE('',*,*,#5525,.T.);
#7824=ORIENTED_EDGE('',*,*,#5526,.F.);
#7825=ORIENTED_EDGE('',*,*,#5525,.F.);
#7826=ORIENTED_EDGE('',*,*,#5527,.F.);
#7827=ORIENTED_EDGE('',*,*,#5528,.F.);
#7828=ORIENTED_EDGE('',*,*,#5529,.F.);
#7829=ORIENTED_EDGE('',*,*,#5530,.F.);
#7830=ORIENTED_EDGE('',*,*,#5531,.F.);
#7831=ORIENTED_EDGE('',*,*,#5532,.T.);
#7832=ORIENTED_EDGE('',*,*,#5533,.F.);
#7833=ORIENTED_EDGE('',*,*,#5534,.T.);
#7834=ORIENTED_EDGE('',*,*,#5535,.F.);
#7835=ORIENTED_EDGE('',*,*,#5536,.T.);
#7836=ORIENTED_EDGE('',*,*,#5532,.F.);
#7837=ORIENTED_EDGE('',*,*,#5537,.T.);
#7838=ORIENTED_EDGE('',*,*,#5538,.F.);
#7839=ORIENTED_EDGE('',*,*,#5537,.F.);
#7840=ORIENTED_EDGE('',*,*,#5536,.F.);
#7841=ORIENTED_EDGE('',*,*,#5539,.T.);
#7842=ORIENTED_EDGE('',*,*,#5540,.F.);
#7843=ORIENTED_EDGE('',*,*,#5539,.F.);
#7844=ORIENTED_EDGE('',*,*,#5534,.F.);
#7845=ORIENTED_EDGE('',*,*,#5541,.T.);
#7846=ORIENTED_EDGE('',*,*,#5542,.F.);
#7847=ORIENTED_EDGE('',*,*,#5541,.F.);
#7848=ORIENTED_EDGE('',*,*,#5543,.T.);
#7849=ORIENTED_EDGE('',*,*,#5544,.T.);
#7850=ORIENTED_EDGE('',*,*,#5531,.T.);
#7851=ORIENTED_EDGE('',*,*,#5544,.F.);
#7852=ORIENTED_EDGE('',*,*,#5545,.T.);
#7853=ORIENTED_EDGE('',*,*,#5546,.T.);
#7854=ORIENTED_EDGE('',*,*,#5547,.T.);
#7855=ORIENTED_EDGE('',*,*,#5535,.T.);
#7856=ORIENTED_EDGE('',*,*,#5547,.F.);
#7857=ORIENTED_EDGE('',*,*,#5548,.T.);
#7858=ORIENTED_EDGE('',*,*,#5549,.T.);
#7859=ORIENTED_EDGE('',*,*,#5550,.T.);
#7860=ORIENTED_EDGE('',*,*,#5533,.T.);
#7861=ORIENTED_EDGE('',*,*,#5550,.F.);
#7862=ORIENTED_EDGE('',*,*,#5551,.T.);
#7863=ORIENTED_EDGE('',*,*,#5552,.T.);
#7864=ORIENTED_EDGE('',*,*,#5553,.F.);
#7865=ORIENTED_EDGE('',*,*,#5554,.T.);
#7866=ORIENTED_EDGE('',*,*,#5555,.T.);
#7867=ORIENTED_EDGE('',*,*,#5556,.T.);
#7868=ORIENTED_EDGE('',*,*,#5557,.T.);
#7869=ORIENTED_EDGE('',*,*,#5558,.F.);
#7870=ORIENTED_EDGE('',*,*,#5559,.F.);
#7871=ORIENTED_EDGE('',*,*,#5560,.T.);
#7872=ORIENTED_EDGE('',*,*,#5558,.T.);
#7873=ORIENTED_EDGE('',*,*,#5561,.T.);
#7874=ORIENTED_EDGE('',*,*,#5562,.T.);
#7875=ORIENTED_EDGE('',*,*,#5559,.T.);
#7876=ORIENTED_EDGE('',*,*,#5563,.T.);
#7877=ORIENTED_EDGE('',*,*,#5529,.T.);
#7878=ORIENTED_EDGE('',*,*,#5564,.F.);
#7879=ORIENTED_EDGE('',*,*,#5530,.T.);
#7880=ORIENTED_EDGE('',*,*,#5563,.F.);
#7881=ORIENTED_EDGE('',*,*,#5561,.F.);
#7882=ORIENTED_EDGE('',*,*,#5557,.F.);
#7883=ORIENTED_EDGE('',*,*,#5551,.F.);
#7884=ORIENTED_EDGE('',*,*,#5549,.F.);
#7885=ORIENTED_EDGE('',*,*,#5556,.F.);
#7886=ORIENTED_EDGE('',*,*,#5548,.F.);
#7887=ORIENTED_EDGE('',*,*,#5546,.F.);
#7888=ORIENTED_EDGE('',*,*,#5555,.F.);
#7889=ORIENTED_EDGE('',*,*,#5545,.F.);
#7890=ORIENTED_EDGE('',*,*,#5543,.F.);
#7891=ORIENTED_EDGE('',*,*,#5554,.F.);
#7892=ORIENTED_EDGE('',*,*,#5565,.F.);
#7893=ORIENTED_EDGE('',*,*,#5517,.T.);
#7894=ORIENTED_EDGE('',*,*,#5520,.T.);
#7895=ORIENTED_EDGE('',*,*,#5523,.T.);
#7896=ORIENTED_EDGE('',*,*,#5526,.T.);
#7897=ORIENTED_EDGE('',*,*,#5566,.F.);
#7898=ORIENTED_EDGE('',*,*,#5565,.T.);
#7899=ORIENTED_EDGE('',*,*,#5553,.T.);
#7900=ORIENTED_EDGE('',*,*,#5567,.T.);
#7901=ORIENTED_EDGE('',*,*,#5564,.T.);
#7902=ORIENTED_EDGE('',*,*,#5566,.T.);
#7903=ORIENTED_EDGE('',*,*,#5568,.T.);
#7904=ORIENTED_EDGE('',*,*,#5527,.T.);
#7905=ORIENTED_EDGE('',*,*,#5567,.F.);
#7906=ORIENTED_EDGE('',*,*,#5552,.F.);
#7907=ORIENTED_EDGE('',*,*,#5560,.F.);
#7908=ORIENTED_EDGE('',*,*,#5562,.F.);
#7909=ORIENTED_EDGE('',*,*,#5528,.T.);
#7910=ORIENTED_EDGE('',*,*,#5568,.F.);
#7911=ORIENTED_EDGE('',*,*,#5515,.T.);
#7912=ORIENTED_EDGE('',*,*,#5542,.T.);
#7913=ORIENTED_EDGE('',*,*,#5540,.T.);
#7914=ORIENTED_EDGE('',*,*,#5538,.T.);
#7915=B_SPLINE_SURFACE_WITH_KNOTS('',3,3,((#11084,#11085,#11086,#11087),
(#11088,#11089,#11090,#11091),(#11092,#11093,#11094,#11095),(#11096,#11097,
#11098,#11099)),.UNSPECIFIED.,.F.,.F.,.F.,(4,4),(4,4),(0.,1.),(-3.26405569239796E-14,
0.299999999999978),.UNSPECIFIED.);
#7916=B_SPLINE_SURFACE_WITH_KNOTS('',3,3,((#11237,#11238,#11239,#11240),
(#11241,#11242,#11243,#11244),(#11245,#11246,#11247,#11248),(#11249,#11250,
#11251,#11252),(#11253,#11254,#11255,#11256)),.UNSPECIFIED.,.F.,.F.,.F.,
(4,1,4),(4,4),(0.,0.571428571428571,1.),(-4.6074255521944E-15,0.300000000000003),
 .UNSPECIFIED.);
#7917=ADVANCED_FACE('',(#669),#7915,.T.);
#7918=ADVANCED_FACE('',(#670),#668,.F.);
#7919=ADVANCED_FACE('',(#671,#96,#97,#98,#99),#319,.T.);
#7920=ADVANCED_FACE('',(#672),#7916,.F.);
#7921=ADVANCED_FACE('',(#673),#320,.T.);
#7922=ADVANCED_FACE('',(#674),#321,.T.);
#7923=ADVANCED_FACE('',(#675),#322,.T.);
#7924=ADVANCED_FACE('',(#676),#323,.T.);
#7925=ADVANCED_FACE('',(#677),#324,.T.);
#7926=ADVANCED_FACE('',(#678),#325,.T.);
#7927=ADVANCED_FACE('',(#679),#326,.T.);
#7928=ADVANCED_FACE('',(#680),#327,.T.);
#7929=ADVANCED_FACE('',(#681),#328,.T.);
#7930=ADVANCED_FACE('',(#682),#329,.T.);
#7931=ADVANCED_FACE('',(#683),#330,.T.);
#7932=ADVANCED_FACE('',(#684),#331,.T.);
#7933=ADVANCED_FACE('',(#685),#332,.F.);
#7934=ADVANCED_FACE('',(#686),#333,.F.);
#7935=ADVANCED_FACE('',(#687),#334,.F.);
#7936=ADVANCED_FACE('',(#688),#335,.F.);
#7937=ADVANCED_FACE('',(#689),#336,.F.);
#7938=ADVANCED_FACE('',(#690),#337,.F.);
#7939=ADVANCED_FACE('',(#691),#338,.F.);
#7940=ADVANCED_FACE('',(#692),#339,.F.);
#7941=ADVANCED_FACE('',(#693),#340,.F.);
#7942=ADVANCED_FACE('',(#694),#341,.F.);
#7943=ADVANCED_FACE('',(#695),#342,.F.);
#7944=ADVANCED_FACE('',(#696),#343,.F.);
#7945=ADVANCED_FACE('',(#697),#344,.F.);
#7946=ADVANCED_FACE('',(#698),#345,.F.);
#7947=ADVANCED_FACE('',(#699),#346,.F.);
#7948=ADVANCED_FACE('',(#700),#347,.F.);
#7949=ADVANCED_FACE('',(#701),#348,.F.);
#7950=ADVANCED_FACE('',(#702),#349,.F.);
#7951=ADVANCED_FACE('',(#703),#350,.F.);
#7952=ADVANCED_FACE('',(#704),#351,.F.);
#7953=ADVANCED_FACE('',(#705),#352,.F.);
#7954=ADVANCED_FACE('',(#706),#353,.F.);
#7955=ADVANCED_FACE('',(#707),#354,.F.);
#7956=ADVANCED_FACE('',(#708),#355,.F.);
#7957=ADVANCED_FACE('',(#709),#356,.F.);
#7958=ADVANCED_FACE('',(#710),#357,.F.);
#7959=ADVANCED_FACE('',(#711),#358,.F.);
#7960=ADVANCED_FACE('',(#712),#359,.F.);
#7961=ADVANCED_FACE('',(#713),#360,.F.);
#7962=ADVANCED_FACE('',(#714),#361,.F.);
#7963=ADVANCED_FACE('',(#715),#362,.F.);
#7964=ADVANCED_FACE('',(#716),#363,.F.);
#7965=ADVANCED_FACE('',(#717),#364,.F.);
#7966=ADVANCED_FACE('',(#718),#365,.F.);
#7967=ADVANCED_FACE('',(#719),#366,.F.);
#7968=ADVANCED_FACE('',(#720),#367,.F.);
#7969=ADVANCED_FACE('',(#721),#368,.F.);
#7970=ADVANCED_FACE('',(#722),#369,.F.);
#7971=ADVANCED_FACE('',(#723),#370,.F.);
#7972=ADVANCED_FACE('',(#724),#371,.F.);
#7973=ADVANCED_FACE('',(#725),#372,.F.);
#7974=ADVANCED_FACE('',(#726),#373,.F.);
#7975=ADVANCED_FACE('',(#727),#374,.F.);
#7976=ADVANCED_FACE('',(#728),#375,.F.);
#7977=ADVANCED_FACE('',(#729),#376,.F.);
#7978=ADVANCED_FACE('',(#730),#377,.F.);
#7979=ADVANCED_FACE('',(#731),#378,.F.);
#7980=ADVANCED_FACE('',(#732),#379,.F.);
#7981=ADVANCED_FACE('',(#733),#380,.F.);
#7982=ADVANCED_FACE('',(#734),#381,.F.);
#7983=ADVANCED_FACE('',(#735),#382,.F.);
#7984=ADVANCED_FACE('',(#736),#383,.F.);
#7985=ADVANCED_FACE('',(#737),#384,.F.);
#7986=ADVANCED_FACE('',(#738),#385,.F.);
#7987=ADVANCED_FACE('',(#739),#386,.F.);
#7988=ADVANCED_FACE('',(#740),#387,.F.);
#7989=ADVANCED_FACE('',(#741),#388,.F.);
#7990=ADVANCED_FACE('',(#742),#389,.F.);
#7991=ADVANCED_FACE('',(#743),#390,.F.);
#7992=ADVANCED_FACE('',(#744),#391,.F.);
#7993=ADVANCED_FACE('',(#745),#392,.F.);
#7994=ADVANCED_FACE('',(#746),#393,.F.);
#7995=ADVANCED_FACE('',(#747),#394,.F.);
#7996=ADVANCED_FACE('',(#748),#395,.F.);
#7997=ADVANCED_FACE('',(#749),#396,.F.);
#7998=ADVANCED_FACE('',(#750),#397,.F.);
#7999=ADVANCED_FACE('',(#751),#398,.F.);
#8000=ADVANCED_FACE('',(#752),#399,.F.);
#8001=ADVANCED_FACE('',(#753),#400,.F.);
#8002=ADVANCED_FACE('',(#754),#401,.F.);
#8003=ADVANCED_FACE('',(#755),#402,.F.);
#8004=ADVANCED_FACE('',(#756),#403,.F.);
#8005=ADVANCED_FACE('',(#757),#404,.F.);
#8006=ADVANCED_FACE('',(#758),#405,.F.);
#8007=ADVANCED_FACE('',(#759),#406,.F.);
#8008=ADVANCED_FACE('',(#760,#100,#101),#407,.T.);
#8009=ADVANCED_FACE('',(#761),#30,.T.);
#8010=ADVANCED_FACE('',(#762,#102,#103,#104,#105),#408,.T.);
#8011=ADVANCED_FACE('',(#763),#409,.T.);
#8012=ADVANCED_FACE('',(#764),#410,.T.);
#8013=ADVANCED_FACE('',(#765),#411,.T.);
#8014=ADVANCED_FACE('',(#766),#412,.T.);
#8015=ADVANCED_FACE('',(#767),#413,.T.);
#8016=ADVANCED_FACE('',(#768),#414,.T.);
#8017=ADVANCED_FACE('',(#769,#106),#415,.T.);
#8018=ADVANCED_FACE('',(#770),#31,.F.);
#8019=ADVANCED_FACE('',(#771),#416,.T.);
#8020=ADVANCED_FACE('',(#772),#32,.F.);
#8021=ADVANCED_FACE('',(#773),#417,.T.);
#8022=ADVANCED_FACE('',(#774),#33,.F.);
#8023=ADVANCED_FACE('',(#775),#418,.T.);
#8024=ADVANCED_FACE('',(#776),#34,.F.);
#8025=ADVANCED_FACE('',(#777),#419,.T.);
#8026=ADVANCED_FACE('',(#778),#35,.T.);
#8027=ADVANCED_FACE('',(#779),#420,.T.);
#8028=ADVANCED_FACE('',(#780),#421,.T.);
#8029=ADVANCED_FACE('',(#781),#422,.F.);
#8030=ADVANCED_FACE('',(#782),#423,.T.);
#8031=ADVANCED_FACE('',(#783),#36,.T.);
#8032=ADVANCED_FACE('',(#784,#107,#108),#424,.T.);
#8033=ADVANCED_FACE('',(#785),#425,.T.);
#8034=ADVANCED_FACE('',(#786),#426,.T.);
#8035=ADVANCED_FACE('',(#787,#109,#110,#111,#112),#427,.T.);
#8036=ADVANCED_FACE('',(#788),#37,.T.);
#8037=ADVANCED_FACE('',(#789),#38,.T.);
#8038=ADVANCED_FACE('',(#790,#113,#114),#428,.T.);
#8039=ADVANCED_FACE('',(#791),#429,.F.);
#8040=ADVANCED_FACE('',(#792),#430,.T.);
#8041=ADVANCED_FACE('',(#793,#115,#116,#117,#118,#119),#431,.F.);
#8042=ADVANCED_FACE('',(#794),#39,.F.);
#8043=ADVANCED_FACE('',(#795),#40,.F.);
#8044=ADVANCED_FACE('',(#796),#432,.F.);
#8045=ADVANCED_FACE('',(#797),#41,.F.);
#8046=ADVANCED_FACE('',(#798),#433,.T.);
#8047=ADVANCED_FACE('',(#799,#120,#121,#122),#434,.T.);
#8048=ADVANCED_FACE('',(#800),#42,.F.);
#8049=ADVANCED_FACE('',(#801),#435,.F.);
#8050=ADVANCED_FACE('',(#802),#43,.F.);
#8051=ADVANCED_FACE('',(#803),#44,.F.);
#8052=ADVANCED_FACE('',(#804),#436,.F.);
#8053=ADVANCED_FACE('',(#805),#45,.T.);
#8054=ADVANCED_FACE('',(#806),#46,.T.);
#8055=ADVANCED_FACE('',(#807),#437,.T.);
#8056=ADVANCED_FACE('',(#808),#438,.F.);
#8057=ADVANCED_FACE('',(#809),#439,.F.);
#8058=ADVANCED_FACE('',(#810),#440,.F.);
#8059=ADVANCED_FACE('',(#811),#441,.F.);
#8060=ADVANCED_FACE('',(#812),#442,.F.);
#8061=ADVANCED_FACE('',(#813),#443,.F.);
#8062=ADVANCED_FACE('',(#814),#444,.T.);
#8063=ADVANCED_FACE('',(#815),#47,.F.);
#8064=ADVANCED_FACE('',(#816),#445,.F.);
#8065=ADVANCED_FACE('',(#817),#48,.F.);
#8066=ADVANCED_FACE('',(#818),#446,.F.);
#8067=ADVANCED_FACE('',(#819),#49,.F.);
#8068=ADVANCED_FACE('',(#820),#447,.F.);
#8069=ADVANCED_FACE('',(#821),#448,.F.);
#8070=ADVANCED_FACE('',(#822),#50,.F.);
#8071=ADVANCED_FACE('',(#823),#51,.F.);
#8072=ADVANCED_FACE('',(#824),#449,.F.);
#8073=ADVANCED_FACE('',(#825),#52,.F.);
#8074=ADVANCED_FACE('',(#826),#450,.F.);
#8075=ADVANCED_FACE('',(#827),#53,.F.);
#8076=ADVANCED_FACE('',(#828),#451,.F.);
#8077=ADVANCED_FACE('',(#829),#54,.F.);
#8078=ADVANCED_FACE('',(#830),#452,.T.);
#8079=ADVANCED_FACE('',(#831),#55,.F.);
#8080=ADVANCED_FACE('',(#832),#453,.T.);
#8081=ADVANCED_FACE('',(#833),#56,.F.);
#8082=ADVANCED_FACE('',(#834),#454,.T.);
#8083=ADVANCED_FACE('',(#835),#57,.F.);
#8084=ADVANCED_FACE('',(#836),#455,.T.);
#8085=ADVANCED_FACE('',(#837),#58,.F.);
#8086=ADVANCED_FACE('',(#838),#456,.T.);
#8087=ADVANCED_FACE('',(#839),#59,.F.);
#8088=ADVANCED_FACE('',(#840),#457,.T.);
#8089=ADVANCED_FACE('',(#841),#60,.F.);
#8090=ADVANCED_FACE('',(#842),#458,.T.);
#8091=ADVANCED_FACE('',(#843),#61,.F.);
#8092=ADVANCED_FACE('',(#844),#459,.T.);
#8093=ADVANCED_FACE('',(#845),#62,.F.);
#8094=ADVANCED_FACE('',(#846),#460,.F.);
#8095=ADVANCED_FACE('',(#847),#461,.F.);
#8096=ADVANCED_FACE('',(#848),#462,.F.);
#8097=ADVANCED_FACE('',(#849),#463,.F.);
#8098=ADVANCED_FACE('',(#850),#63,.F.);
#8099=ADVANCED_FACE('',(#851),#464,.F.);
#8100=ADVANCED_FACE('',(#852),#465,.F.);
#8101=ADVANCED_FACE('',(#853),#466,.F.);
#8102=ADVANCED_FACE('',(#854),#467,.F.);
#8103=ADVANCED_FACE('',(#855,#123,#124,#125,#126,#127,#128,#129,#130,#131,
#132,#133,#134,#135,#136,#137,#138,#139,#140,#141,#142,#143,#144,#145,#146,
#147,#148,#149,#150,#151,#152,#153,#154),#468,.F.);
#8104=ADVANCED_FACE('',(#856),#469,.T.);
#8105=ADVANCED_FACE('',(#857),#470,.F.);
#8106=ADVANCED_FACE('',(#858),#471,.T.);
#8107=ADVANCED_FACE('',(#859),#472,.T.);
#8108=ADVANCED_FACE('',(#860),#473,.F.);
#8109=ADVANCED_FACE('',(#861),#474,.T.);
#8110=ADVANCED_FACE('',(#862),#475,.T.);
#8111=ADVANCED_FACE('',(#863),#476,.T.);
#8112=ADVANCED_FACE('',(#864),#477,.T.);
#8113=ADVANCED_FACE('',(#865),#478,.F.);
#8114=ADVANCED_FACE('',(#866),#479,.T.);
#8115=ADVANCED_FACE('',(#867),#480,.T.);
#8116=ADVANCED_FACE('',(#868),#481,.F.);
#8117=ADVANCED_FACE('',(#869),#482,.F.);
#8118=ADVANCED_FACE('',(#870),#483,.F.);
#8119=ADVANCED_FACE('',(#871),#484,.T.);
#8120=ADVANCED_FACE('',(#872),#485,.T.);
#8121=ADVANCED_FACE('',(#873),#486,.F.);
#8122=ADVANCED_FACE('',(#874),#487,.F.);
#8123=ADVANCED_FACE('',(#875),#488,.T.);
#8124=ADVANCED_FACE('',(#876),#489,.T.);
#8125=ADVANCED_FACE('',(#877),#490,.T.);
#8126=ADVANCED_FACE('',(#878),#491,.F.);
#8127=ADVANCED_FACE('',(#879),#492,.F.);
#8128=ADVANCED_FACE('',(#880),#493,.T.);
#8129=ADVANCED_FACE('',(#881),#494,.T.);
#8130=ADVANCED_FACE('',(#882),#495,.F.);
#8131=ADVANCED_FACE('',(#883),#496,.F.);
#8132=ADVANCED_FACE('',(#884),#497,.F.);
#8133=ADVANCED_FACE('',(#885),#498,.T.);
#8134=ADVANCED_FACE('',(#886),#499,.T.);
#8135=ADVANCED_FACE('',(#887),#500,.T.);
#8136=ADVANCED_FACE('',(#888),#501,.F.);
#8137=ADVANCED_FACE('',(#889),#502,.F.);
#8138=ADVANCED_FACE('',(#890),#503,.F.);
#8139=ADVANCED_FACE('',(#891),#504,.F.);
#8140=ADVANCED_FACE('',(#892),#505,.F.);
#8141=ADVANCED_FACE('',(#893),#506,.F.);
#8142=ADVANCED_FACE('',(#894),#507,.F.);
#8143=ADVANCED_FACE('',(#895),#508,.T.);
#8144=ADVANCED_FACE('',(#896),#509,.T.);
#8145=ADVANCED_FACE('',(#897),#510,.T.);
#8146=ADVANCED_FACE('',(#898),#511,.F.);
#8147=ADVANCED_FACE('',(#899),#512,.F.);
#8148=ADVANCED_FACE('',(#900),#513,.F.);
#8149=ADVANCED_FACE('',(#901),#514,.T.);
#8150=ADVANCED_FACE('',(#902),#515,.T.);
#8151=ADVANCED_FACE('',(#903),#516,.T.);
#8152=ADVANCED_FACE('',(#904),#517,.T.);
#8153=ADVANCED_FACE('',(#905),#518,.T.);
#8154=ADVANCED_FACE('',(#906),#519,.T.);
#8155=ADVANCED_FACE('',(#907),#520,.T.);
#8156=ADVANCED_FACE('',(#908),#521,.F.);
#8157=ADVANCED_FACE('',(#909),#522,.F.);
#8158=ADVANCED_FACE('',(#910),#523,.F.);
#8159=ADVANCED_FACE('',(#911),#524,.F.);
#8160=ADVANCED_FACE('',(#912),#525,.T.);
#8161=ADVANCED_FACE('',(#913),#526,.T.);
#8162=ADVANCED_FACE('',(#914),#527,.T.);
#8163=ADVANCED_FACE('',(#915),#528,.F.);
#8164=ADVANCED_FACE('',(#916),#529,.F.);
#8165=ADVANCED_FACE('',(#917),#530,.T.);
#8166=ADVANCED_FACE('',(#918),#531,.T.);
#8167=ADVANCED_FACE('',(#919),#532,.F.);
#8168=ADVANCED_FACE('',(#920),#533,.F.);
#8169=ADVANCED_FACE('',(#921),#534,.F.);
#8170=ADVANCED_FACE('',(#922),#535,.T.);
#8171=ADVANCED_FACE('',(#923),#536,.T.);
#8172=ADVANCED_FACE('',(#924),#537,.T.);
#8173=ADVANCED_FACE('',(#925),#538,.T.);
#8174=ADVANCED_FACE('',(#926),#539,.F.);
#8175=ADVANCED_FACE('',(#927),#540,.T.);
#8176=ADVANCED_FACE('',(#928),#541,.T.);
#8177=ADVANCED_FACE('',(#929),#542,.T.);
#8178=ADVANCED_FACE('',(#930),#543,.F.);
#8179=ADVANCED_FACE('',(#931),#544,.F.);
#8180=ADVANCED_FACE('',(#932),#545,.F.);
#8181=ADVANCED_FACE('',(#933),#546,.T.);
#8182=ADVANCED_FACE('',(#934),#547,.T.);
#8183=ADVANCED_FACE('',(#935),#548,.F.);
#8184=ADVANCED_FACE('',(#936),#549,.F.);
#8185=ADVANCED_FACE('',(#937),#550,.T.);
#8186=ADVANCED_FACE('',(#938),#551,.T.);
#8187=ADVANCED_FACE('',(#939),#552,.T.);
#8188=ADVANCED_FACE('',(#940),#553,.F.);
#8189=ADVANCED_FACE('',(#941),#554,.F.);
#8190=ADVANCED_FACE('',(#942),#555,.F.);
#8191=ADVANCED_FACE('',(#943),#556,.F.);
#8192=ADVANCED_FACE('',(#944),#557,.T.);
#8193=ADVANCED_FACE('',(#945),#558,.T.);
#8194=ADVANCED_FACE('',(#946),#559,.T.);
#8195=ADVANCED_FACE('',(#947),#560,.T.);
#8196=ADVANCED_FACE('',(#948),#561,.T.);
#8197=ADVANCED_FACE('',(#949),#562,.T.);
#8198=ADVANCED_FACE('',(#950),#563,.T.);
#8199=ADVANCED_FACE('',(#951),#564,.F.);
#8200=ADVANCED_FACE('',(#952),#565,.F.);
#8201=ADVANCED_FACE('',(#953),#566,.F.);
#8202=ADVANCED_FACE('',(#954),#567,.T.);
#8203=ADVANCED_FACE('',(#955),#568,.T.);
#8204=ADVANCED_FACE('',(#956),#569,.T.);
#8205=ADVANCED_FACE('',(#957),#570,.F.);
#8206=ADVANCED_FACE('',(#958),#571,.F.);
#8207=ADVANCED_FACE('',(#959),#572,.F.);
#8208=ADVANCED_FACE('',(#960),#573,.F.);
#8209=ADVANCED_FACE('',(#961),#574,.F.);
#8210=ADVANCED_FACE('',(#962),#575,.F.);
#8211=ADVANCED_FACE('',(#963),#576,.F.);
#8212=ADVANCED_FACE('',(#964),#577,.T.);
#8213=ADVANCED_FACE('',(#965),#578,.T.);
#8214=ADVANCED_FACE('',(#966),#579,.T.);
#8215=ADVANCED_FACE('',(#967),#580,.F.);
#8216=ADVANCED_FACE('',(#968),#581,.F.);
#8217=ADVANCED_FACE('',(#969),#582,.F.);
#8218=ADVANCED_FACE('',(#970),#583,.T.);
#8219=ADVANCED_FACE('',(#971),#584,.T.);
#8220=ADVANCED_FACE('',(#972),#585,.F.);
#8221=ADVANCED_FACE('',(#973),#586,.F.);
#8222=ADVANCED_FACE('',(#974),#587,.T.);
#8223=ADVANCED_FACE('',(#975),#588,.T.);
#8224=ADVANCED_FACE('',(#976),#589,.T.);
#8225=ADVANCED_FACE('',(#977),#590,.F.);
#8226=ADVANCED_FACE('',(#978),#591,.F.);
#8227=ADVANCED_FACE('',(#979),#592,.T.);
#8228=ADVANCED_FACE('',(#980),#593,.T.);
#8229=ADVANCED_FACE('',(#981),#594,.F.);
#8230=ADVANCED_FACE('',(#982),#595,.F.);
#8231=ADVANCED_FACE('',(#983),#596,.F.);
#8232=ADVANCED_FACE('',(#984),#597,.T.);
#8233=ADVANCED_FACE('',(#985),#598,.T.);
#8234=ADVANCED_FACE('',(#986),#599,.F.);
#8235=ADVANCED_FACE('',(#987),#600,.T.);
#8236=ADVANCED_FACE('',(#988),#601,.T.);
#8237=ADVANCED_FACE('',(#989),#602,.T.);
#8238=ADVANCED_FACE('',(#990),#603,.T.);
#8239=ADVANCED_FACE('',(#991),#604,.F.);
#8240=ADVANCED_FACE('',(#992),#605,.T.);
#8241=ADVANCED_FACE('',(#993),#606,.T.);
#8242=ADVANCED_FACE('',(#994),#607,.F.);
#8243=ADVANCED_FACE('',(#995),#608,.T.);
#8244=ADVANCED_FACE('',(#996),#609,.T.);
#8245=ADVANCED_FACE('',(#997),#610,.T.);
#8246=ADVANCED_FACE('',(#998),#64,.T.);
#8247=ADVANCED_FACE('',(#999),#611,.T.);
#8248=ADVANCED_FACE('',(#1000),#65,.T.);
#8249=ADVANCED_FACE('',(#1001),#612,.T.);
#8250=ADVANCED_FACE('',(#1002),#613,.T.);
#8251=ADVANCED_FACE('',(#1003),#66,.F.);
#8252=ADVANCED_FACE('',(#1004),#67,.F.);
#8253=ADVANCED_FACE('',(#1005),#68,.T.);
#8254=ADVANCED_FACE('',(#1006),#614,.T.);
#8255=ADVANCED_FACE('',(#1007),#69,.T.);
#8256=ADVANCED_FACE('',(#1008),#615,.T.);
#8257=ADVANCED_FACE('',(#1009),#70,.T.);
#8258=ADVANCED_FACE('',(#1010),#616,.T.);
#8259=ADVANCED_FACE('',(#1011),#71,.T.);
#8260=ADVANCED_FACE('',(#1012),#617,.T.);
#8261=ADVANCED_FACE('',(#1013),#618,.T.);
#8262=ADVANCED_FACE('',(#1014),#619,.T.);
#8263=ADVANCED_FACE('',(#1015),#620,.T.);
#8264=ADVANCED_FACE('',(#1016),#621,.T.);
#8265=ADVANCED_FACE('',(#1017),#622,.T.);
#8266=ADVANCED_FACE('',(#1018,#155,#156),#623,.T.);
#8267=ADVANCED_FACE('',(#1019),#624,.T.);
#8268=ADVANCED_FACE('',(#1020),#625,.T.);
#8269=ADVANCED_FACE('',(#1021),#626,.T.);
#8270=ADVANCED_FACE('',(#1022),#627,.T.);
#8271=ADVANCED_FACE('',(#1023),#628,.T.);
#8272=ADVANCED_FACE('',(#1024),#629,.T.);
#8273=ADVANCED_FACE('',(#1025,#157),#630,.T.);
#8274=ADVANCED_FACE('',(#1026),#631,.T.);
#8275=ADVANCED_FACE('',(#1027),#632,.T.);
#8276=ADVANCED_FACE('',(#1028),#633,.T.);
#8277=ADVANCED_FACE('',(#1029),#634,.T.);
#8278=ADVANCED_FACE('',(#1030),#635,.T.);
#8279=ADVANCED_FACE('',(#1031),#636,.T.);
#8280=ADVANCED_FACE('',(#1032),#637,.T.);
#8281=ADVANCED_FACE('',(#1033),#638,.T.);
#8282=ADVANCED_FACE('',(#1034),#639,.T.);
#8283=ADVANCED_FACE('',(#1035),#640,.T.);
#8284=ADVANCED_FACE('',(#1036),#72,.T.);
#8285=ADVANCED_FACE('',(#1037),#641,.T.);
#8286=ADVANCED_FACE('',(#1038),#73,.T.);
#8287=ADVANCED_FACE('',(#1039),#74,.T.);
#8288=ADVANCED_FACE('',(#1040),#642,.T.);
#8289=ADVANCED_FACE('',(#1041),#75,.T.);
#8290=ADVANCED_FACE('',(#1042),#643,.T.);
#8291=ADVANCED_FACE('',(#1043),#76,.F.);
#8292=ADVANCED_FACE('',(#1044),#77,.F.);
#8293=ADVANCED_FACE('',(#1045),#644,.T.);
#8294=ADVANCED_FACE('',(#1046),#78,.T.);
#8295=ADVANCED_FACE('',(#1047),#645,.T.);
#8296=ADVANCED_FACE('',(#1048),#79,.T.);
#8297=ADVANCED_FACE('',(#1049),#80,.T.);
#8298=ADVANCED_FACE('',(#1050),#646,.T.);
#8299=ADVANCED_FACE('',(#1051),#81,.T.);
#8300=ADVANCED_FACE('',(#1052),#647,.T.);
#8301=ADVANCED_FACE('',(#1053),#648,.T.);
#8302=ADVANCED_FACE('',(#1054),#649,.T.);
#8303=ADVANCED_FACE('',(#1055),#82,.F.);
#8304=ADVANCED_FACE('',(#1056),#83,.F.);
#8305=ADVANCED_FACE('',(#1057),#650,.T.);
#8306=ADVANCED_FACE('',(#1058),#651,.T.);
#8307=ADVANCED_FACE('',(#1059),#652,.T.);
#8308=ADVANCED_FACE('',(#1060),#653,.T.);
#8309=ADVANCED_FACE('',(#1061,#158),#654,.T.);
#8310=ADVANCED_FACE('',(#1062,#159),#655,.T.);
#8311=ADVANCED_FACE('',(#1063,#160),#656,.T.);
#8312=ADVANCED_FACE('',(#1064),#84,.F.);
#8313=ADVANCED_FACE('',(#1065),#85,.F.);
#8314=ADVANCED_FACE('',(#1066),#86,.T.);
#8315=ADVANCED_FACE('',(#1067),#87,.F.);
#8316=ADVANCED_FACE('',(#1068),#88,.T.);
#8317=ADVANCED_FACE('',(#1069),#89,.F.);
#8318=ADVANCED_FACE('',(#1070),#90,.T.);
#8319=ADVANCED_FACE('',(#1071),#657,.T.);
#8320=ADVANCED_FACE('',(#1072,#161),#658,.T.);
#8321=ADVANCED_FACE('',(#1073,#162),#659,.T.);
#8322=ADVANCED_FACE('',(#1074,#163),#660,.T.);
#8323=ADVANCED_FACE('',(#1075),#91,.F.);
#8324=ADVANCED_FACE('',(#1076),#92,.F.);
#8325=ADVANCED_FACE('',(#1077),#93,.F.);
#8326=ADVANCED_FACE('',(#1078),#19,.T.);
#8327=ADVANCED_FACE('',(#1079),#20,.T.);
#8328=ADVANCED_FACE('',(#1080),#21,.T.);
#8329=ADVANCED_FACE('',(#1081),#661,.F.);
#8330=ADVANCED_FACE('',(#1082),#662,.T.);
#8331=ADVANCED_FACE('',(#1083),#94,.T.);
#8332=ADVANCED_FACE('',(#1084,#164,#165,#166,#167),#663,.T.);
#8333=ADVANCED_FACE('',(#1085),#664,.T.);
#8334=ADVANCED_FACE('',(#1086),#95,.T.);
#8335=ADVANCED_FACE('',(#1087,#168,#169,#170,#171),#665,.T.);
#8336=CLOSED_SHELL('',(#7917,#7918,#7919,#7920,#7921,#7922,#7923,#7924,
#7925,#7926,#7927,#7928,#7929,#7930,#7931,#7932,#7933,#7934,#7935,#7936,
#7937,#7938,#7939,#7940,#7941,#7942,#7943,#7944,#7945,#7946,#7947,#7948,
#7949,#7950,#7951,#7952,#7953,#7954,#7955,#7956,#7957,#7958,#7959,#7960,
#7961,#7962,#7963,#7964,#7965,#7966,#7967,#7968,#7969,#7970,#7971,#7972,
#7973,#7974,#7975,#7976,#7977,#7978,#7979,#7980,#7981,#7982,#7983,#7984,
#7985,#7986,#7987,#7988,#7989,#7990,#7991,#7992,#7993,#7994,#7995,#7996,
#7997,#7998,#7999,#8000,#8001,#8002,#8003,#8004,#8005,#8006,#8007,#8008,
#8009,#8010,#8011,#8012,#8013,#8014,#8015,#8016,#8017,#8018,#8019,#8020,
#8021,#8022,#8023,#8024,#8025,#8026,#8027,#8028,#8029,#8030,#8031,#8032,
#8033,#8034,#8035,#8036,#8037,#8038,#8039,#8040,#8041,#8042,#8043,#8044,
#8045,#8046,#8047,#8048,#8049,#8050,#8051,#8052,#8053,#8054,#8055,#8056,
#8057,#8058,#8059,#8060,#8061,#8062,#8063,#8064,#8065,#8066,#8067,#8068,
#8069,#8070,#8071,#8072,#8073,#8074,#8075,#8076,#8077,#8078,#8079,#8080,
#8081,#8082,#8083,#8084,#8085,#8086,#8087,#8088,#8089,#8090,#8091,#8092,
#8093,#8094,#8095,#8096,#8097,#8098,#8099,#8100,#8101,#8102,#8103,#8104,
#8105,#8106,#8107,#8108,#8109,#8110,#8111,#8112,#8113,#8114,#8115,#8116,
#8117,#8118,#8119,#8120,#8121,#8122,#8123,#8124,#8125,#8126,#8127,#8128,
#8129,#8130,#8131,#8132,#8133,#8134,#8135,#8136,#8137,#8138,#8139,#8140,
#8141,#8142,#8143,#8144,#8145,#8146,#8147,#8148,#8149,#8150,#8151,#8152,
#8153,#8154,#8155,#8156,#8157,#8158,#8159,#8160,#8161,#8162,#8163,#8164,
#8165,#8166,#8167,#8168,#8169,#8170,#8171,#8172,#8173,#8174,#8175,#8176,
#8177,#8178,#8179,#8180,#8181,#8182,#8183,#8184,#8185,#8186,#8187,#8188,
#8189,#8190,#8191,#8192,#8193,#8194,#8195,#8196,#8197,#8198,#8199,#8200,
#8201,#8202,#8203,#8204,#8205,#8206,#8207,#8208,#8209,#8210,#8211,#8212,
#8213,#8214,#8215,#8216,#8217,#8218,#8219,#8220,#8221,#8222,#8223,#8224,
#8225,#8226,#8227,#8228,#8229,#8230,#8231,#8232,#8233,#8234,#8235,#8236,
#8237,#8238,#8239,#8240,#8241,#8242,#8243,#8244,#8245,#8246,#8247,#8248,
#8249,#8250,#8251,#8252,#8253,#8254,#8255,#8256,#8257,#8258,#8259,#8260,
#8261,#8262,#8263,#8264,#8265,#8266,#8267,#8268,#8269,#8270,#8271,#8272,
#8273,#8274,#8275,#8276,#8277,#8278,#8279,#8280,#8281,#8282,#8283,#8284,
#8285,#8286,#8287,#8288,#8289,#8290,#8291,#8292,#8293,#8294,#8295,#8296,
#8297,#8298,#8299,#8300,#8301,#8302,#8303,#8304,#8305));
#8337=CLOSED_SHELL('',(#8306,#8307,#8308,#8309,#8310,#8311,#8312,#8313,
#8314,#8315,#8316,#8317,#8318,#8319,#8320,#8321,#8322,#8323,#8324,#8325,
#8326,#8327,#8328,#8329,#8330,#8331,#8332,#8333,#8334,#8335));
#8338=DERIVED_UNIT_ELEMENT(#8342,1.);
#8339=DERIVED_UNIT_ELEMENT(#13570,-3.);
#8340=DERIVED_UNIT_ELEMENT(#8342,1.);
#8341=DERIVED_UNIT_ELEMENT(#13570,-3.);
#8342=(
MASS_UNIT()
NAMED_UNIT(*)
SI_UNIT(.KILO.,.GRAM.)
);
#8343=DERIVED_UNIT((#8338,#8339));
#8344=DERIVED_UNIT((#8340,#8341));
#8345=MEASURE_REPRESENTATION_ITEM('density measure',
POSITIVE_RATIO_MEASURE(7850.),#8343);
#8346=MEASURE_REPRESENTATION_ITEM('density measure',
POSITIVE_RATIO_MEASURE(7850.),#8344);
#8347=PROPERTY_DEFINITION_REPRESENTATION(#8357,#8351);
#8348=PROPERTY_DEFINITION_REPRESENTATION(#8358,#8352);
#8349=PROPERTY_DEFINITION_REPRESENTATION(#8359,#8353);
#8350=PROPERTY_DEFINITION_REPRESENTATION(#8360,#8354);
#8351=REPRESENTATION('material name',(#8355),#13566);
#8352=REPRESENTATION('density',(#8345),#13566);
#8353=REPRESENTATION('material name',(#8356),#13567);
#8354=REPRESENTATION('density',(#8346),#13567);
#8355=DESCRIPTIVE_REPRESENTATION_ITEM('Steel','Steel');
#8356=DESCRIPTIVE_REPRESENTATION_ITEM('Steel','Steel');
#8357=PROPERTY_DEFINITION('material property','material name',#13586);
#8358=PROPERTY_DEFINITION('material property','density of part',#13586);
#8359=PROPERTY_DEFINITION('material property','material name',#13587);
#8360=PROPERTY_DEFINITION('material property','density of part',#13587);
#8361=AXIS2_PLACEMENT_3D('',#11082,#8929,#8930);
#8362=AXIS2_PLACEMENT_3D('',#11083,#8931,#8932);
#8363=AXIS2_PLACEMENT_3D('',#11175,#8934,#8935);
#8364=AXIS2_PLACEMENT_3D('',#11182,#8938,#8939);
#8365=AXIS2_PLACEMENT_3D('',#11186,#8941,#8942);
#8366=AXIS2_PLACEMENT_3D('',#11190,#8944,#8945);
#8367=AXIS2_PLACEMENT_3D('',#11194,#8947,#8948);
#8368=AXIS2_PLACEMENT_3D('',#11198,#8950,#8951);
#8369=AXIS2_PLACEMENT_3D('',#11202,#8953,#8954);
#8370=AXIS2_PLACEMENT_3D('',#11217,#8958,#8959);
#8371=AXIS2_PLACEMENT_3D('',#11221,#8961,#8962);
#8372=AXIS2_PLACEMENT_3D('',#11227,#8965,#8966);
#8373=AXIS2_PLACEMENT_3D('',#11233,#8969,#8970);
#8374=AXIS2_PLACEMENT_3D('',#11269,#8973,#8974);
#8375=AXIS2_PLACEMENT_3D('',#11278,#8979,#8980);
#8376=AXIS2_PLACEMENT_3D('',#11287,#8985,#8986);
#8377=AXIS2_PLACEMENT_3D('',#11296,#8991,#8992);
#8378=AXIS2_PLACEMENT_3D('',#11305,#8997,#8998);
#8379=AXIS2_PLACEMENT_3D('',#11314,#9003,#9004);
#8380=AXIS2_PLACEMENT_3D('',#11323,#9009,#9010);
#8381=AXIS2_PLACEMENT_3D('',#11332,#9015,#9016);
#8382=AXIS2_PLACEMENT_3D('',#11341,#9021,#9022);
#8383=AXIS2_PLACEMENT_3D('',#11350,#9027,#9028);
#8384=AXIS2_PLACEMENT_3D('',#11359,#9033,#9034);
#8385=AXIS2_PLACEMENT_3D('',#11368,#9039,#9040);
#8386=AXIS2_PLACEMENT_3D('',#11377,#9045,#9046);
#8387=AXIS2_PLACEMENT_3D('',#11386,#9051,#9052);
#8388=AXIS2_PLACEMENT_3D('',#11395,#9057,#9058);
#8389=AXIS2_PLACEMENT_3D('',#11403,#9063,#9064);
#8390=AXIS2_PLACEMENT_3D('',#11412,#9069,#9070);
#8391=AXIS2_PLACEMENT_3D('',#11421,#9075,#9076);
#8392=AXIS2_PLACEMENT_3D('',#11429,#9081,#9082);
#8393=AXIS2_PLACEMENT_3D('',#11438,#9087,#9088);
#8394=AXIS2_PLACEMENT_3D('',#11447,#9093,#9094);
#8395=AXIS2_PLACEMENT_3D('',#11455,#9099,#9100);
#8396=AXIS2_PLACEMENT_3D('',#11461,#9104,#9105);
#8397=AXIS2_PLACEMENT_3D('',#11465,#9108,#9109);
#8398=AXIS2_PLACEMENT_3D('',#11471,#9113,#9114);
#8399=AXIS2_PLACEMENT_3D('',#11477,#9118,#9119);
#8400=AXIS2_PLACEMENT_3D('',#11483,#9123,#9124);
#8401=AXIS2_PLACEMENT_3D('',#11501,#9136,#9137);
#8402=AXIS2_PLACEMENT_3D('',#11505,#9140,#9141);
#8403=AXIS2_PLACEMENT_3D('',#11509,#9144,#9145);
#8404=AXIS2_PLACEMENT_3D('',#11513,#9148,#9149);
#8405=AXIS2_PLACEMENT_3D('',#11517,#9152,#9153);
#8406=AXIS2_PLACEMENT_3D('',#11523,#9157,#9158);
#8407=AXIS2_PLACEMENT_3D('',#11529,#9162,#9163);
#8408=AXIS2_PLACEMENT_3D('',#11535,#9167,#9168);
#8409=AXIS2_PLACEMENT_3D('',#11541,#9172,#9173);
#8410=AXIS2_PLACEMENT_3D('',#11550,#9178,#9179);
#8411=AXIS2_PLACEMENT_3D('',#11558,#9184,#9185);
#8412=AXIS2_PLACEMENT_3D('',#11567,#9190,#9191);
#8413=AXIS2_PLACEMENT_3D('',#11576,#9196,#9197);
#8414=AXIS2_PLACEMENT_3D('',#11584,#9202,#9203);
#8415=AXIS2_PLACEMENT_3D('',#11593,#9208,#9209);
#8416=AXIS2_PLACEMENT_3D('',#11602,#9214,#9215);
#8417=AXIS2_PLACEMENT_3D('',#11610,#9220,#9221);
#8418=AXIS2_PLACEMENT_3D('',#11619,#9226,#9227);
#8419=AXIS2_PLACEMENT_3D('',#11632,#9236,#9237);
#8420=AXIS2_PLACEMENT_3D('',#11636,#9240,#9241);
#8421=AXIS2_PLACEMENT_3D('',#11652,#9252,#9253);
#8422=AXIS2_PLACEMENT_3D('',#11656,#9256,#9257);
#8423=AXIS2_PLACEMENT_3D('',#11658,#9259,#9260);
#8424=AXIS2_PLACEMENT_3D('',#11660,#9262,#9263);
#8425=AXIS2_PLACEMENT_3D('',#11662,#9265,#9266);
#8426=AXIS2_PLACEMENT_3D('',#11668,#9270,#9271);
#8427=AXIS2_PLACEMENT_3D('',#11684,#9282,#9283);
#8428=AXIS2_PLACEMENT_3D('',#11688,#9286,#9287);
#8429=AXIS2_PLACEMENT_3D('',#11692,#9290,#9291);
#8430=AXIS2_PLACEMENT_3D('',#11696,#9294,#9295);
#8431=AXIS2_PLACEMENT_3D('',#11702,#9299,#9300);
#8432=AXIS2_PLACEMENT_3D('',#11718,#9311,#9312);
#8433=AXIS2_PLACEMENT_3D('',#11722,#9315,#9316);
#8434=AXIS2_PLACEMENT_3D('',#11726,#9319,#9320);
#8435=AXIS2_PLACEMENT_3D('',#11730,#9323,#9324);
#8436=AXIS2_PLACEMENT_3D('',#11737,#9330,#9331);
#8437=AXIS2_PLACEMENT_3D('',#11741,#9334,#9335);
#8438=AXIS2_PLACEMENT_3D('',#11748,#9341,#9342);
#8439=AXIS2_PLACEMENT_3D('',#11749,#9343,#9344);
#8440=AXIS2_PLACEMENT_3D('',#11750,#9345,#9346);
#8441=AXIS2_PLACEMENT_3D('',#11752,#9348,#9349);
#8442=AXIS2_PLACEMENT_3D('',#11759,#9355,#9356);
#8443=AXIS2_PLACEMENT_3D('',#11760,#9357,#9358);
#8444=AXIS2_PLACEMENT_3D('',#11766,#9362,#9363);
#8445=AXIS2_PLACEMENT_3D('',#11772,#9369,#9370);
#8446=AXIS2_PLACEMENT_3D('',#11773,#9371,#9372);
#8447=AXIS2_PLACEMENT_3D('',#11780,#9378,#9379);
#8448=AXIS2_PLACEMENT_3D('',#11781,#9380,#9381);
#8449=AXIS2_PLACEMENT_3D('',#11785,#9384,#9385);
#8450=AXIS2_PLACEMENT_3D('',#11791,#9391,#9392);
#8451=AXIS2_PLACEMENT_3D('',#11793,#9394,#9395);
#8452=AXIS2_PLACEMENT_3D('',#11795,#9397,#9398);
#8453=AXIS2_PLACEMENT_3D('',#11797,#9400,#9401);
#8454=AXIS2_PLACEMENT_3D('',#11799,#9403,#9404);
#8455=AXIS2_PLACEMENT_3D('',#11801,#9406,#9407);
#8456=AXIS2_PLACEMENT_3D('',#11803,#9409,#9410);
#8457=AXIS2_PLACEMENT_3D('',#11805,#9412,#9413);
#8458=AXIS2_PLACEMENT_3D('',#11809,#9417,#9418);
#8459=AXIS2_PLACEMENT_3D('',#11818,#9423,#9424);
#8460=AXIS2_PLACEMENT_3D('',#11824,#9428,#9429);
#8461=AXIS2_PLACEMENT_3D('',#11828,#9432,#9433);
#8462=AXIS2_PLACEMENT_3D('',#11832,#9435,#9436);
#8463=AXIS2_PLACEMENT_3D('',#11840,#9440,#9441);
#8464=AXIS2_PLACEMENT_3D('',#11848,#9445,#9446);
#8465=AXIS2_PLACEMENT_3D('',#11852,#9448,#9449);
#8466=AXIS2_PLACEMENT_3D('',#11860,#9453,#9454);
#8467=AXIS2_PLACEMENT_3D('',#11868,#9458,#9459);
#8468=AXIS2_PLACEMENT_3D('',#11888,#9470,#9471);
#8469=AXIS2_PLACEMENT_3D('',#11893,#9473,#9474);
#8470=AXIS2_PLACEMENT_3D('',#11901,#9478,#9479);
#8471=AXIS2_PLACEMENT_3D('',#11909,#9483,#9484);
#8472=AXIS2_PLACEMENT_3D('',#11917,#9488,#9489);
#8473=AXIS2_PLACEMENT_3D('',#11921,#9491,#9492);
#8474=AXIS2_PLACEMENT_3D('',#11929,#9496,#9497);
#8475=AXIS2_PLACEMENT_3D('',#11937,#9501,#9502);
#8476=AXIS2_PLACEMENT_3D('',#11944,#9506,#9507);
#8477=AXIS2_PLACEMENT_3D('',#11945,#9508,#9509);
#8478=AXIS2_PLACEMENT_3D('',#11948,#9510,#9511);
#8479=AXIS2_PLACEMENT_3D('',#11951,#9514,#9515);
#8480=AXIS2_PLACEMENT_3D('',#11956,#9518,#9519);
#8481=AXIS2_PLACEMENT_3D('',#11960,#9521,#9522);
#8482=AXIS2_PLACEMENT_3D('',#11964,#9524,#9525);
#8483=AXIS2_PLACEMENT_3D('',#11968,#9527,#9528);
#8484=AXIS2_PLACEMENT_3D('',#11972,#9530,#9531);
#8485=AXIS2_PLACEMENT_3D('',#11983,#9537,#9538);
#8486=AXIS2_PLACEMENT_3D('',#11989,#9541,#9542);
#8487=AXIS2_PLACEMENT_3D('',#11995,#9545,#9546);
#8488=AXIS2_PLACEMENT_3D('',#12003,#9550,#9551);
#8489=AXIS2_PLACEMENT_3D('',#12005,#9553,#9554);
#8490=AXIS2_PLACEMENT_3D('',#12007,#9556,#9557);
#8491=AXIS2_PLACEMENT_3D('',#12016,#9562,#9563);
#8492=AXIS2_PLACEMENT_3D('',#12022,#9567,#9568);
#8493=AXIS2_PLACEMENT_3D('',#12028,#9572,#9573);
#8494=AXIS2_PLACEMENT_3D('',#12031,#9576,#9577);
#8495=AXIS2_PLACEMENT_3D('',#12034,#9580,#9581);
#8496=AXIS2_PLACEMENT_3D('',#12036,#9582,#9583);
#8497=AXIS2_PLACEMENT_3D('',#12044,#9587,#9588);
#8498=AXIS2_PLACEMENT_3D('',#12052,#9592,#9593);
#8499=AXIS2_PLACEMENT_3D('',#12059,#9597,#9598);
#8500=AXIS2_PLACEMENT_3D('',#12061,#9599,#9600);
#8501=AXIS2_PLACEMENT_3D('',#12062,#9601,#9602);
#8502=AXIS2_PLACEMENT_3D('',#12064,#9603,#9604);
#8503=AXIS2_PLACEMENT_3D('',#12067,#9606,#9607);
#8504=AXIS2_PLACEMENT_3D('',#12068,#9608,#9609);
#8505=AXIS2_PLACEMENT_3D('',#12069,#9610,#9611);
#8506=AXIS2_PLACEMENT_3D('',#12071,#9612,#9613);
#8507=AXIS2_PLACEMENT_3D('',#12074,#9615,#9616);
#8508=AXIS2_PLACEMENT_3D('',#12075,#9617,#9618);
#8509=AXIS2_PLACEMENT_3D('',#12076,#9619,#9620);
#8510=AXIS2_PLACEMENT_3D('',#12078,#9621,#9622);
#8511=AXIS2_PLACEMENT_3D('',#12081,#9624,#9625);
#8512=AXIS2_PLACEMENT_3D('',#12082,#9626,#9627);
#8513=AXIS2_PLACEMENT_3D('',#12083,#9628,#9629);
#8514=AXIS2_PLACEMENT_3D('',#12085,#9630,#9631);
#8515=AXIS2_PLACEMENT_3D('',#12088,#9633,#9634);
#8516=AXIS2_PLACEMENT_3D('',#12089,#9635,#9636);
#8517=AXIS2_PLACEMENT_3D('',#12090,#9637,#9638);
#8518=AXIS2_PLACEMENT_3D('',#12093,#9639,#9640);
#8519=AXIS2_PLACEMENT_3D('',#12097,#9642,#9643);
#8520=AXIS2_PLACEMENT_3D('',#12101,#9645,#9646);
#8521=AXIS2_PLACEMENT_3D('',#12103,#9648,#9649);
#8522=AXIS2_PLACEMENT_3D('',#12109,#9653,#9654);
#8523=AXIS2_PLACEMENT_3D('',#12115,#9658,#9659);
#8524=AXIS2_PLACEMENT_3D('',#12124,#9665,#9666);
#8525=AXIS2_PLACEMENT_3D('',#12130,#9670,#9671);
#8526=AXIS2_PLACEMENT_3D('',#12133,#9672,#9673);
#8527=AXIS2_PLACEMENT_3D('',#12137,#9675,#9676);
#8528=AXIS2_PLACEMENT_3D('',#12139,#9678,#9679);
#8529=AXIS2_PLACEMENT_3D('',#12143,#9681,#9682);
#8530=AXIS2_PLACEMENT_3D('',#12147,#9684,#9685);
#8531=AXIS2_PLACEMENT_3D('',#12155,#9689,#9690);
#8532=AXIS2_PLACEMENT_3D('',#12161,#9693,#9694);
#8533=AXIS2_PLACEMENT_3D('',#12165,#9697,#9698);
#8534=AXIS2_PLACEMENT_3D('',#12169,#9701,#9702);
#8535=AXIS2_PLACEMENT_3D('',#12173,#9705,#9706);
#8536=AXIS2_PLACEMENT_3D('',#12175,#9707,#9708);
#8537=AXIS2_PLACEMENT_3D('',#12179,#9710,#9711);
#8538=AXIS2_PLACEMENT_3D('',#12183,#9713,#9714);
#8539=AXIS2_PLACEMENT_3D('',#12186,#9716,#9717);
#8540=AXIS2_PLACEMENT_3D('',#12190,#9719,#9720);
#8541=AXIS2_PLACEMENT_3D('',#12196,#9723,#9724);
#8542=AXIS2_PLACEMENT_3D('',#12202,#9727,#9728);
#8543=AXIS2_PLACEMENT_3D('',#12208,#9731,#9732);
#8544=AXIS2_PLACEMENT_3D('',#12212,#9735,#9736);
#8545=AXIS2_PLACEMENT_3D('',#12214,#9738,#9739);
#8546=AXIS2_PLACEMENT_3D('',#12216,#9740,#9741);
#8547=AXIS2_PLACEMENT_3D('',#12218,#9743,#9744);
#8548=AXIS2_PLACEMENT_3D('',#12224,#9747,#9748);
#8549=AXIS2_PLACEMENT_3D('',#12229,#9751,#9752);
#8550=AXIS2_PLACEMENT_3D('',#12235,#9755,#9756);
#8551=AXIS2_PLACEMENT_3D('',#12239,#9759,#9760);
#8552=AXIS2_PLACEMENT_3D('',#12241,#9762,#9763);
#8553=AXIS2_PLACEMENT_3D('',#12243,#9765,#9766);
#8554=AXIS2_PLACEMENT_3D('',#12246,#9768,#9769);
#8555=AXIS2_PLACEMENT_3D('',#12247,#9770,#9771);
#8556=AXIS2_PLACEMENT_3D('',#12249,#9773,#9774);
#8557=AXIS2_PLACEMENT_3D('',#12251,#9776,#9777);
#8558=AXIS2_PLACEMENT_3D('',#12274,#9790,#9791);
#8559=AXIS2_PLACEMENT_3D('',#12275,#9792,#9793);
#8560=AXIS2_PLACEMENT_3D('',#12281,#9797,#9798);
#8561=AXIS2_PLACEMENT_3D('',#12284,#9800,#9801);
#8562=AXIS2_PLACEMENT_3D('',#12286,#9802,#9803);
#8563=AXIS2_PLACEMENT_3D('',#12288,#9804,#9805);
#8564=AXIS2_PLACEMENT_3D('',#12289,#9806,#9807);
#8565=AXIS2_PLACEMENT_3D('',#12292,#9810,#9811);
#8566=AXIS2_PLACEMENT_3D('',#12294,#9813,#9814);
#8567=AXIS2_PLACEMENT_3D('',#12296,#9816,#9817);
#8568=AXIS2_PLACEMENT_3D('',#12299,#9820,#9821);
#8569=AXIS2_PLACEMENT_3D('',#12301,#9823,#9824);
#8570=AXIS2_PLACEMENT_3D('',#12302,#9825,#9826);
#8571=AXIS2_PLACEMENT_3D('',#12305,#9829,#9830);
#8572=AXIS2_PLACEMENT_3D('',#12307,#9832,#9833);
#8573=AXIS2_PLACEMENT_3D('',#12308,#9834,#9835);
#8574=AXIS2_PLACEMENT_3D('',#12309,#9836,#9837);
#8575=AXIS2_PLACEMENT_3D('',#12312,#9840,#9841);
#8576=AXIS2_PLACEMENT_3D('',#12315,#9844,#9845);
#8577=AXIS2_PLACEMENT_3D('',#12318,#9848,#9849);
#8578=AXIS2_PLACEMENT_3D('',#12321,#9852,#9853);
#8579=AXIS2_PLACEMENT_3D('',#12322,#9854,#9855);
#8580=AXIS2_PLACEMENT_3D('',#12324,#9857,#9858);
#8581=AXIS2_PLACEMENT_3D('',#12325,#9859,#9860);
#8582=AXIS2_PLACEMENT_3D('',#12327,#9862,#9863);
#8583=AXIS2_PLACEMENT_3D('',#12328,#9864,#9865);
#8584=AXIS2_PLACEMENT_3D('',#12330,#9867,#9868);
#8585=AXIS2_PLACEMENT_3D('',#12331,#9869,#9870);
#8586=AXIS2_PLACEMENT_3D('',#12333,#9872,#9873);
#8587=AXIS2_PLACEMENT_3D('',#12334,#9874,#9875);
#8588=AXIS2_PLACEMENT_3D('',#12337,#9877,#9878);
#8589=AXIS2_PLACEMENT_3D('',#12338,#9879,#9880);
#8590=AXIS2_PLACEMENT_3D('',#12339,#9881,#9882);
#8591=AXIS2_PLACEMENT_3D('',#12342,#9884,#9885);
#8592=AXIS2_PLACEMENT_3D('',#12343,#9886,#9887);
#8593=AXIS2_PLACEMENT_3D('',#12344,#9888,#9889);
#8594=AXIS2_PLACEMENT_3D('',#12347,#9891,#9892);
#8595=AXIS2_PLACEMENT_3D('',#12348,#9893,#9894);
#8596=AXIS2_PLACEMENT_3D('',#12349,#9895,#9896);
#8597=AXIS2_PLACEMENT_3D('',#12351,#9897,#9898);
#8598=AXIS2_PLACEMENT_3D('',#12354,#9900,#9901);
#8599=AXIS2_PLACEMENT_3D('',#12355,#9902,#9903);
#8600=AXIS2_PLACEMENT_3D('',#12356,#9904,#9905);
#8601=AXIS2_PLACEMENT_3D('',#12358,#9906,#9907);
#8602=AXIS2_PLACEMENT_3D('',#12361,#9909,#9910);
#8603=AXIS2_PLACEMENT_3D('',#12362,#9911,#9912);
#8604=AXIS2_PLACEMENT_3D('',#12363,#9913,#9914);
#8605=AXIS2_PLACEMENT_3D('',#12365,#9915,#9916);
#8606=AXIS2_PLACEMENT_3D('',#12368,#9918,#9919);
#8607=AXIS2_PLACEMENT_3D('',#12369,#9920,#9921);
#8608=AXIS2_PLACEMENT_3D('',#12370,#9922,#9923);
#8609=AXIS2_PLACEMENT_3D('',#12372,#9924,#9925);
#8610=AXIS2_PLACEMENT_3D('',#12375,#9927,#9928);
#8611=AXIS2_PLACEMENT_3D('',#12376,#9929,#9930);
#8612=AXIS2_PLACEMENT_3D('',#12377,#9931,#9932);
#8613=AXIS2_PLACEMENT_3D('',#12379,#9933,#9934);
#8614=AXIS2_PLACEMENT_3D('',#12382,#9936,#9937);
#8615=AXIS2_PLACEMENT_3D('',#12383,#9938,#9939);
#8616=AXIS2_PLACEMENT_3D('',#12384,#9940,#9941);
#8617=AXIS2_PLACEMENT_3D('',#12386,#9942,#9943);
#8618=AXIS2_PLACEMENT_3D('',#12389,#9945,#9946);
#8619=AXIS2_PLACEMENT_3D('',#12390,#9947,#9948);
#8620=AXIS2_PLACEMENT_3D('',#12391,#9949,#9950);
#8621=AXIS2_PLACEMENT_3D('',#12393,#9951,#9952);
#8622=AXIS2_PLACEMENT_3D('',#12396,#9954,#9955);
#8623=AXIS2_PLACEMENT_3D('',#12397,#9956,#9957);
#8624=AXIS2_PLACEMENT_3D('',#12398,#9958,#9959);
#8625=AXIS2_PLACEMENT_3D('',#12400,#9960,#9961);
#8626=AXIS2_PLACEMENT_3D('',#12403,#9963,#9964);
#8627=AXIS2_PLACEMENT_3D('',#12404,#9965,#9966);
#8628=AXIS2_PLACEMENT_3D('',#12405,#9967,#9968);
#8629=AXIS2_PLACEMENT_3D('',#12408,#9971,#9972);
#8630=AXIS2_PLACEMENT_3D('',#12410,#9974,#9975);
#8631=AXIS2_PLACEMENT_3D('',#12411,#9976,#9977);
#8632=AXIS2_PLACEMENT_3D('',#12414,#9980,#9981);
#8633=AXIS2_PLACEMENT_3D('',#12416,#9983,#9984);
#8634=AXIS2_PLACEMENT_3D('',#12419,#9987,#9988);
#8635=AXIS2_PLACEMENT_3D('',#12421,#9990,#9991);
#8636=AXIS2_PLACEMENT_3D('',#12422,#9992,#9993);
#8637=AXIS2_PLACEMENT_3D('',#12425,#9996,#9997);
#8638=AXIS2_PLACEMENT_3D('',#12427,#9999,#10000);
#8639=AXIS2_PLACEMENT_3D('',#12433,#10004,#10005);
#8640=AXIS2_PLACEMENT_3D('',#12470,#10026,#10027);
#8641=AXIS2_PLACEMENT_3D('',#12471,#10028,#10029);
#8642=AXIS2_PLACEMENT_3D('',#12475,#10032,#10033);
#8643=AXIS2_PLACEMENT_3D('',#12485,#10039,#10040);
#8644=AXIS2_PLACEMENT_3D('',#12495,#10046,#10047);
#8645=AXIS2_PLACEMENT_3D('',#12499,#10050,#10051);
#8646=AXIS2_PLACEMENT_3D('',#12509,#10057,#10058);
#8647=AXIS2_PLACEMENT_3D('',#12513,#10061,#10062);
#8648=AXIS2_PLACEMENT_3D('',#12517,#10065,#10066);
#8649=AXIS2_PLACEMENT_3D('',#12527,#10072,#10073);
#8650=AXIS2_PLACEMENT_3D('',#12533,#10077,#10078);
#8651=AXIS2_PLACEMENT_3D('',#12542,#10083,#10084);
#8652=AXIS2_PLACEMENT_3D('',#12548,#10088,#10089);
#8653=AXIS2_PLACEMENT_3D('',#12552,#10092,#10093);
#8654=AXIS2_PLACEMENT_3D('',#12561,#10098,#10099);
#8655=AXIS2_PLACEMENT_3D('',#12569,#10104,#10105);
#8656=AXIS2_PLACEMENT_3D('',#12573,#10108,#10109);
#8657=AXIS2_PLACEMENT_3D('',#12583,#10115,#10116);
#8658=AXIS2_PLACEMENT_3D('',#12588,#10120,#10121);
#8659=AXIS2_PLACEMENT_3D('',#12595,#10126,#10127);
#8660=AXIS2_PLACEMENT_3D('',#12598,#10130,#10131);
#8661=AXIS2_PLACEMENT_3D('',#12600,#10133,#10134);
#8662=AXIS2_PLACEMENT_3D('',#12602,#10136,#10137);
#8663=AXIS2_PLACEMENT_3D('',#12603,#10138,#10139);
#8664=AXIS2_PLACEMENT_3D('',#12609,#10143,#10144);
#8665=AXIS2_PLACEMENT_3D('',#12619,#10150,#10151);
#8666=AXIS2_PLACEMENT_3D('',#12623,#10154,#10155);
#8667=AXIS2_PLACEMENT_3D('',#12631,#10160,#10161);
#8668=AXIS2_PLACEMENT_3D('',#12640,#10166,#10167);
#8669=AXIS2_PLACEMENT_3D('',#12646,#10171,#10172);
#8670=AXIS2_PLACEMENT_3D('',#12650,#10175,#10176);
#8671=AXIS2_PLACEMENT_3D('',#12656,#10180,#10181);
#8672=AXIS2_PLACEMENT_3D('',#12661,#10185,#10186);
#8673=AXIS2_PLACEMENT_3D('',#12669,#10191,#10192);
#8674=AXIS2_PLACEMENT_3D('',#12674,#10196,#10197);
#8675=AXIS2_PLACEMENT_3D('',#12678,#10200,#10201);
#8676=AXIS2_PLACEMENT_3D('',#12682,#10204,#10205);
#8677=AXIS2_PLACEMENT_3D('',#12684,#10207,#10208);
#8678=AXIS2_PLACEMENT_3D('',#12686,#10210,#10211);
#8679=AXIS2_PLACEMENT_3D('',#12688,#10213,#10214);
#8680=AXIS2_PLACEMENT_3D('',#12689,#10215,#10216);
#8681=AXIS2_PLACEMENT_3D('',#12698,#10221,#10222);
#8682=AXIS2_PLACEMENT_3D('',#12704,#10226,#10227);
#8683=AXIS2_PLACEMENT_3D('',#12708,#10230,#10231);
#8684=AXIS2_PLACEMENT_3D('',#12717,#10236,#10237);
#8685=AXIS2_PLACEMENT_3D('',#12722,#10241,#10242);
#8686=AXIS2_PLACEMENT_3D('',#12730,#10247,#10248);
#8687=AXIS2_PLACEMENT_3D('',#12737,#10253,#10254);
#8688=AXIS2_PLACEMENT_3D('',#12741,#10257,#10258);
#8689=AXIS2_PLACEMENT_3D('',#12746,#10262,#10263);
#8690=AXIS2_PLACEMENT_3D('',#12748,#10265,#10266);
#8691=AXIS2_PLACEMENT_3D('',#12750,#10268,#10269);
#8692=AXIS2_PLACEMENT_3D('',#12752,#10271,#10272);
#8693=AXIS2_PLACEMENT_3D('',#12753,#10273,#10274);
#8694=AXIS2_PLACEMENT_3D('',#12761,#10279,#10280);
#8695=AXIS2_PLACEMENT_3D('',#12770,#10285,#10286);
#8696=AXIS2_PLACEMENT_3D('',#12776,#10290,#10291);
#8697=AXIS2_PLACEMENT_3D('',#12780,#10294,#10295);
#8698=AXIS2_PLACEMENT_3D('',#12786,#10299,#10300);
#8699=AXIS2_PLACEMENT_3D('',#12792,#10304,#10305);
#8700=AXIS2_PLACEMENT_3D('',#12796,#10308,#10309);
#8701=AXIS2_PLACEMENT_3D('',#12806,#10315,#10316);
#8702=AXIS2_PLACEMENT_3D('',#12809,#10319,#10320);
#8703=AXIS2_PLACEMENT_3D('',#12812,#10323,#10324);
#8704=AXIS2_PLACEMENT_3D('',#12814,#10326,#10327);
#8705=AXIS2_PLACEMENT_3D('',#12816,#10329,#10330);
#8706=AXIS2_PLACEMENT_3D('',#12818,#10332,#10333);
#8707=AXIS2_PLACEMENT_3D('',#12819,#10334,#10335);
#8708=AXIS2_PLACEMENT_3D('',#12820,#10336,#10337);
#8709=AXIS2_PLACEMENT_3D('',#12821,#10338,#10339);
#8710=AXIS2_PLACEMENT_3D('',#12843,#10351,#10352);
#8711=AXIS2_PLACEMENT_3D('',#12845,#10354,#10355);
#8712=AXIS2_PLACEMENT_3D('',#12856,#10361,#10362);
#8713=AXIS2_PLACEMENT_3D('',#12862,#10366,#10367);
#8714=AXIS2_PLACEMENT_3D('',#12874,#10374,#10375);
#8715=AXIS2_PLACEMENT_3D('',#12880,#10379,#10380);
#8716=AXIS2_PLACEMENT_3D('',#12898,#10390,#10391);
#8717=AXIS2_PLACEMENT_3D('',#12907,#10397,#10398);
#8718=AXIS2_PLACEMENT_3D('',#12911,#10401,#10402);
#8719=AXIS2_PLACEMENT_3D('',#12915,#10405,#10406);
#8720=AXIS2_PLACEMENT_3D('',#12919,#10409,#10410);
#8721=AXIS2_PLACEMENT_3D('',#12921,#10412,#10413);
#8722=AXIS2_PLACEMENT_3D('',#12925,#10416,#10417);
#8723=AXIS2_PLACEMENT_3D('',#12927,#10419,#10420);
#8724=AXIS2_PLACEMENT_3D('',#12928,#10421,#10422);
#8725=AXIS2_PLACEMENT_3D('',#12938,#10428,#10429);
#8726=AXIS2_PLACEMENT_3D('',#12946,#10434,#10435);
#8727=AXIS2_PLACEMENT_3D('',#12958,#10442,#10443);
#8728=AXIS2_PLACEMENT_3D('',#12964,#10447,#10448);
#8729=AXIS2_PLACEMENT_3D('',#12972,#10453,#10454);
#8730=AXIS2_PLACEMENT_3D('',#12976,#10457,#10458);
#8731=AXIS2_PLACEMENT_3D('',#12980,#10461,#10462);
#8732=AXIS2_PLACEMENT_3D('',#12993,#10470,#10471);
#8733=AXIS2_PLACEMENT_3D('',#12999,#10475,#10476);
#8734=AXIS2_PLACEMENT_3D('',#13006,#10481,#10482);
#8735=AXIS2_PLACEMENT_3D('',#13007,#10483,#10484);
#8736=AXIS2_PLACEMENT_3D('',#13011,#10487,#10488);
#8737=AXIS2_PLACEMENT_3D('',#13013,#10490,#10491);
#8738=AXIS2_PLACEMENT_3D('',#13014,#10492,#10493);
#8739=AXIS2_PLACEMENT_3D('',#13023,#10498,#10499);
#8740=AXIS2_PLACEMENT_3D('',#13035,#10506,#10507);
#8741=AXIS2_PLACEMENT_3D('',#13041,#10511,#10512);
#8742=AXIS2_PLACEMENT_3D('',#13049,#10517,#10518);
#8743=AXIS2_PLACEMENT_3D('',#13055,#10522,#10523);
#8744=AXIS2_PLACEMENT_3D('',#13059,#10526,#10527);
#8745=AXIS2_PLACEMENT_3D('',#13075,#10536,#10537);
#8746=AXIS2_PLACEMENT_3D('',#13081,#10541,#10542);
#8747=AXIS2_PLACEMENT_3D('',#13088,#10547,#10548);
#8748=AXIS2_PLACEMENT_3D('',#13090,#10550,#10551);
#8749=AXIS2_PLACEMENT_3D('',#13094,#10554,#10555);
#8750=AXIS2_PLACEMENT_3D('',#13096,#10557,#10558);
#8751=AXIS2_PLACEMENT_3D('',#13097,#10559,#10560);
#8752=AXIS2_PLACEMENT_3D('',#13103,#10564,#10565);
#8753=AXIS2_PLACEMENT_3D('',#13112,#10571,#10572);
#8754=AXIS2_PLACEMENT_3D('',#13120,#10577,#10578);
#8755=AXIS2_PLACEMENT_3D('',#13128,#10583,#10584);
#8756=AXIS2_PLACEMENT_3D('',#13139,#10590,#10591);
#8757=AXIS2_PLACEMENT_3D('',#13145,#10595,#10596);
#8758=AXIS2_PLACEMENT_3D('',#13157,#10603,#10604);
#8759=AXIS2_PLACEMENT_3D('',#13160,#10607,#10608);
#8760=AXIS2_PLACEMENT_3D('',#13172,#10616,#10617);
#8761=AXIS2_PLACEMENT_3D('',#13179,#10622,#10623);
#8762=AXIS2_PLACEMENT_3D('',#13183,#10626,#10627);
#8763=AXIS2_PLACEMENT_3D('',#13187,#10630,#10631);
#8764=AXIS2_PLACEMENT_3D('',#13189,#10633,#10634);
#8765=AXIS2_PLACEMENT_3D('',#13190,#10635,#10636);
#8766=AXIS2_PLACEMENT_3D('',#13194,#10639,#10640);
#8767=AXIS2_PLACEMENT_3D('',#13196,#10642,#10643);
#8768=AXIS2_PLACEMENT_3D('',#13197,#10644,#10645);
#8769=AXIS2_PLACEMENT_3D('',#13204,#10650,#10651);
#8770=AXIS2_PLACEMENT_3D('',#13208,#10654,#10655);
#8771=AXIS2_PLACEMENT_3D('',#13210,#10657,#10658);
#8772=AXIS2_PLACEMENT_3D('',#13212,#10660,#10661);
#8773=AXIS2_PLACEMENT_3D('',#13216,#10664,#10665);
#8774=AXIS2_PLACEMENT_3D('',#13218,#10667,#10668);
#8775=AXIS2_PLACEMENT_3D('',#13221,#10671,#10672);
#8776=AXIS2_PLACEMENT_3D('',#13225,#10675,#10676);
#8777=AXIS2_PLACEMENT_3D('',#13227,#10678,#10679);
#8778=AXIS2_PLACEMENT_3D('',#13229,#10681,#10682);
#8779=AXIS2_PLACEMENT_3D('',#13230,#10683,#10684);
#8780=AXIS2_PLACEMENT_3D('',#13231,#10685,#10686);
#8781=AXIS2_PLACEMENT_3D('',#13232,#10687,#10688);
#8782=AXIS2_PLACEMENT_3D('',#13236,#10690,#10691);
#8783=AXIS2_PLACEMENT_3D('',#13239,#10693,#10694);
#8784=AXIS2_PLACEMENT_3D('',#13240,#10695,#10696);
#8785=AXIS2_PLACEMENT_3D('',#13246,#10700,#10701);
#8786=AXIS2_PLACEMENT_3D('',#13249,#10703,#10704);
#8787=AXIS2_PLACEMENT_3D('',#13250,#10705,#10706);
#8788=AXIS2_PLACEMENT_3D('',#13254,#10709,#10710);
#8789=AXIS2_PLACEMENT_3D('',#13260,#10714,#10715);
#8790=AXIS2_PLACEMENT_3D('',#13262,#10716,#10717);
#8791=AXIS2_PLACEMENT_3D('',#13265,#10719,#10720);
#8792=AXIS2_PLACEMENT_3D('',#13266,#10721,#10722);
#8793=AXIS2_PLACEMENT_3D('',#13268,#10723,#10724);
#8794=AXIS2_PLACEMENT_3D('',#13271,#10726,#10727);
#8795=AXIS2_PLACEMENT_3D('',#13272,#10728,#10729);
#8796=AXIS2_PLACEMENT_3D('',#13273,#10730,#10731);
#8797=AXIS2_PLACEMENT_3D('',#13275,#10732,#10733);
#8798=AXIS2_PLACEMENT_3D('',#13277,#10735,#10736);
#8799=AXIS2_PLACEMENT_3D('',#13281,#10739,#10740);
#8800=AXIS2_PLACEMENT_3D('',#13285,#10742,#10743);
#8801=AXIS2_PLACEMENT_3D('',#13287,#10745,#10746);
#8802=AXIS2_PLACEMENT_3D('',#13291,#10749,#10750);
#8803=AXIS2_PLACEMENT_3D('',#13295,#10752,#10753);
#8804=AXIS2_PLACEMENT_3D('',#13297,#10755,#10756);
#8805=AXIS2_PLACEMENT_3D('',#13301,#10759,#10760);
#8806=AXIS2_PLACEMENT_3D('',#13303,#10761,#10762);
#8807=AXIS2_PLACEMENT_3D('',#13305,#10764,#10765);
#8808=AXIS2_PLACEMENT_3D('',#13309,#10768,#10769);
#8809=AXIS2_PLACEMENT_3D('',#13311,#10771,#10772);
#8810=AXIS2_PLACEMENT_3D('',#13315,#10775,#10776);
#8811=AXIS2_PLACEMENT_3D('',#13317,#10778,#10779);
#8812=AXIS2_PLACEMENT_3D('',#13321,#10782,#10783);
#8813=AXIS2_PLACEMENT_3D('',#13323,#10785,#10786);
#8814=AXIS2_PLACEMENT_3D('',#13327,#10789,#10790);
#8815=AXIS2_PLACEMENT_3D('',#13329,#10792,#10793);
#8816=AXIS2_PLACEMENT_3D('',#13330,#10794,#10795);
#8817=AXIS2_PLACEMENT_3D('',#13331,#10796,#10797);
#8818=AXIS2_PLACEMENT_3D('',#13332,#10798,#10799);
#8819=AXIS2_PLACEMENT_3D('',#13338,#10803,#10804);
#8820=AXIS2_PLACEMENT_3D('',#13342,#10807,#10808);
#8821=AXIS2_PLACEMENT_3D('',#13344,#10809,#10810);
#8822=AXIS2_PLACEMENT_3D('',#13351,#10814,#10815);
#8823=AXIS2_PLACEMENT_3D('',#13355,#10817,#10818);
#8824=AXIS2_PLACEMENT_3D('',#13362,#10822,#10823);
#8825=AXIS2_PLACEMENT_3D('',#13364,#10824,#10825);
#8826=AXIS2_PLACEMENT_3D('',#13365,#10826,#10827);
#8827=AXIS2_PLACEMENT_3D('',#13368,#10830,#10831);
#8828=AXIS2_PLACEMENT_3D('',#13370,#10833,#10834);
#8829=AXIS2_PLACEMENT_3D('',#13373,#10837,#10838);
#8830=AXIS2_PLACEMENT_3D('',#13375,#10840,#10841);
#8831=AXIS2_PLACEMENT_3D('',#13378,#10844,#10845);
#8832=AXIS2_PLACEMENT_3D('',#13380,#10847,#10848);
#8833=AXIS2_PLACEMENT_3D('',#13383,#10851,#10852);
#8834=AXIS2_PLACEMENT_3D('',#13385,#10854,#10855);
#8835=AXIS2_PLACEMENT_3D('',#13388,#10858,#10859);
#8836=AXIS2_PLACEMENT_3D('',#13390,#10861,#10862);
#8837=AXIS2_PLACEMENT_3D('',#13391,#10863,#10864);
#8838=AXIS2_PLACEMENT_3D('',#13393,#10866,#10867);
#8839=AXIS2_PLACEMENT_3D('',#13394,#10868,#10869);
#8840=AXIS2_PLACEMENT_3D('',#13395,#10870,#10871);
#8841=AXIS2_PLACEMENT_3D('',#13397,#10873,#10874);
#8842=AXIS2_PLACEMENT_3D('',#13398,#10875,#10876);
#8843=AXIS2_PLACEMENT_3D('',#13400,#10878,#10879);
#8844=AXIS2_PLACEMENT_3D('',#13403,#10881,#10882);
#8845=AXIS2_PLACEMENT_3D('',#13404,#10883,#10884);
#8846=AXIS2_PLACEMENT_3D('',#13407,#10886,#10887);
#8847=AXIS2_PLACEMENT_3D('',#13408,#10888,#10889);
#8848=AXIS2_PLACEMENT_3D('',#13410,#10891,#10892);
#8849=AXIS2_PLACEMENT_3D('',#13412,#10894,#10895);
#8850=AXIS2_PLACEMENT_3D('',#13413,#10896,#10897);
#8851=AXIS2_PLACEMENT_3D('',#13414,#10898,#10899);
#8852=AXIS2_PLACEMENT_3D('',#13416,#10901,#10902);
#8853=AXIS2_PLACEMENT_3D('',#13417,#10903,#10904);
#8854=AXIS2_PLACEMENT_3D('',#13418,#10905,#10906);
#8855=AXIS2_PLACEMENT_3D('',#13419,#10907,#10908);
#8856=AXIS2_PLACEMENT_3D('',#13420,#10909,#10910);
#8857=AXIS2_PLACEMENT_3D('',#13421,#10911,#10912);
#8858=AXIS2_PLACEMENT_3D('',#13422,#10913,#10914);
#8859=AXIS2_PLACEMENT_3D('',#13423,#10915,#10916);
#8860=AXIS2_PLACEMENT_3D('',#13424,#10917,#10918);
#8861=AXIS2_PLACEMENT_3D('',#13425,#10919,#10920);
#8862=AXIS2_PLACEMENT_3D('',#13427,#10921,#10922);
#8863=AXIS2_PLACEMENT_3D('',#13428,#10923,#10924);
#8864=AXIS2_PLACEMENT_3D('',#13430,#10925,#10926);
#8865=AXIS2_PLACEMENT_3D('',#13431,#10927,#10928);
#8866=AXIS2_PLACEMENT_3D('',#13433,#10929,#10930);
#8867=AXIS2_PLACEMENT_3D('',#13434,#10931,#10932);
#8868=AXIS2_PLACEMENT_3D('',#13436,#10933,#10934);
#8869=AXIS2_PLACEMENT_3D('',#13438,#10935,#10936);
#8870=AXIS2_PLACEMENT_3D('',#13439,#10937,#10938);
#8871=AXIS2_PLACEMENT_3D('',#13441,#10939,#10940);
#8872=AXIS2_PLACEMENT_3D('',#13443,#10941,#10942);
#8873=AXIS2_PLACEMENT_3D('',#13444,#10943,#10944);
#8874=AXIS2_PLACEMENT_3D('',#13446,#10945,#10946);
#8875=AXIS2_PLACEMENT_3D('',#13448,#10947,#10948);
#8876=AXIS2_PLACEMENT_3D('',#13449,#10949,#10950);
#8877=AXIS2_PLACEMENT_3D('',#13451,#10951,#10952);
#8878=AXIS2_PLACEMENT_3D('',#13454,#10954,#10955);
#8879=AXIS2_PLACEMENT_3D('',#13455,#10956,#10957);
#8880=AXIS2_PLACEMENT_3D('',#13457,#10959,#10960);
#8881=AXIS2_PLACEMENT_3D('',#13460,#10962,#10963);
#8882=AXIS2_PLACEMENT_3D('',#13461,#10964,#10965);
#8883=AXIS2_PLACEMENT_3D('',#13463,#10967,#10968);
#8884=AXIS2_PLACEMENT_3D('',#13466,#10970,#10971);
#8885=AXIS2_PLACEMENT_3D('',#13467,#10972,#10973);
#8886=AXIS2_PLACEMENT_3D('',#13469,#10975,#10976);
#8887=AXIS2_PLACEMENT_3D('',#13472,#10978,#10979);
#8888=AXIS2_PLACEMENT_3D('',#13473,#10980,#10981);
#8889=AXIS2_PLACEMENT_3D('',#13482,#10986,#10987);
#8890=AXIS2_PLACEMENT_3D('',#13484,#10988,#10989);
#8891=AXIS2_PLACEMENT_3D('',#13486,#10990,#10991);
#8892=AXIS2_PLACEMENT_3D('',#13487,#10992,#10993);
#8893=AXIS2_PLACEMENT_3D('',#13489,#10994,#10995);
#8894=AXIS2_PLACEMENT_3D('',#13491,#10996,#10997);
#8895=AXIS2_PLACEMENT_3D('',#13492,#10998,#10999);
#8896=AXIS2_PLACEMENT_3D('',#13494,#11000,#11001);
#8897=AXIS2_PLACEMENT_3D('',#13496,#11002,#11003);
#8898=AXIS2_PLACEMENT_3D('',#13497,#11004,#11005);
#8899=AXIS2_PLACEMENT_3D('',#13500,#11007,#11008);
#8900=AXIS2_PLACEMENT_3D('',#13501,#11009,#11010);
#8901=AXIS2_PLACEMENT_3D('',#13504,#11012,#11013);
#8902=AXIS2_PLACEMENT_3D('',#13505,#11014,#11015);
#8903=AXIS2_PLACEMENT_3D('',#13508,#11017,#11018);
#8904=AXIS2_PLACEMENT_3D('',#13509,#11019,#11020);
#8905=AXIS2_PLACEMENT_3D('',#13512,#11021,#11022);
#8906=AXIS2_PLACEMENT_3D('',#13513,#11023,#11024);
#8907=AXIS2_PLACEMENT_3D('',#13514,#11025,#11026);
#8908=AXIS2_PLACEMENT_3D('',#13515,#11027,#11028);
#8909=AXIS2_PLACEMENT_3D('',#13518,#11029,#11030);
#8910=AXIS2_PLACEMENT_3D('',#13519,#11031,#11032);
#8911=AXIS2_PLACEMENT_3D('',#13520,#11033,#11034);
#8912=AXIS2_PLACEMENT_3D('',#13521,#11035,#11036);
#8913=AXIS2_PLACEMENT_3D('',#13524,#11037,#11038);
#8914=AXIS2_PLACEMENT_3D('',#13525,#11039,#11040);
#8915=AXIS2_PLACEMENT_3D('',#13526,#11041,#11042);
#8916=AXIS2_PLACEMENT_3D('',#13527,#11043,#11044);
#8917=AXIS2_PLACEMENT_3D('',#13539,#11052,#11053);
#8918=AXIS2_PLACEMENT_3D('',#13545,#11057,#11058);
#8919=AXIS2_PLACEMENT_3D('',#13546,#11059,#11060);
#8920=AXIS2_PLACEMENT_3D('',#13547,#11061,#11062);
#8921=AXIS2_PLACEMENT_3D('',#13548,#11063,#11064);
#8922=AXIS2_PLACEMENT_3D('',#13550,#11065,#11066);
#8923=AXIS2_PLACEMENT_3D('',#13552,#11068,#11069);
#8924=AXIS2_PLACEMENT_3D('',#13556,#11072,#11073);
#8925=AXIS2_PLACEMENT_3D('',#13557,#11074,#11075);
#8926=AXIS2_PLACEMENT_3D('',#13558,#11076,#11077);
#8927=AXIS2_PLACEMENT_3D('',#13559,#11078,#11079);
#8928=AXIS2_PLACEMENT_3D('',#13560,#11080,#11081);
#8929=DIRECTION('axis',(0.,0.,1.));
#8930=DIRECTION('refdir',(1.,0.,0.));
#8931=DIRECTION('axis',(0.,0.,1.));
#8932=DIRECTION('refdir',(1.,0.,0.));
#8933=DIRECTION('',(2.77555756156289E-17,-1.,0.));
#8934=DIRECTION('center_axis',(0.,1.,0.));
#8935=DIRECTION('ref_axis',(0.,0.,1.));
#8936=DIRECTION('',(0.,0.,-1.));
#8937=DIRECTION('',(-1.,0.,0.));
#8938=DIRECTION('center_axis',(0.,-1.,0.));
#8939=DIRECTION('ref_axis',(0.859898877245767,0.,0.510464416890609));
#8940=DIRECTION('',(-0.478852158177065,0.,-0.877895557916297));
#8941=DIRECTION('center_axis',(0.,1.,0.));
#8942=DIRECTION('ref_axis',(-1.,0.,1.56604574843271E-8));
#8943=DIRECTION('',(0.478852130680573,0.,-0.877895572914384));
#8944=DIRECTION('center_axis',(0.,1.,0.));
#8945=DIRECTION('ref_axis',(-0.877895572914384,0.,-0.478852130680573));
#8946=DIRECTION('',(0.478852130680573,0.,0.877895572914385));
#8947=DIRECTION('center_axis',(0.,1.,0.));
#8948=DIRECTION('ref_axis',(0.998791079309513,0.,0.0491566871517843));
#8949=DIRECTION('',(-0.562742488834523,0.,0.826632258782784));
#8950=DIRECTION('center_axis',(0.,-1.,0.));
#8951=DIRECTION('ref_axis',(-0.88395206002207,0.,0.467577539647424));
#8952=DIRECTION('',(-1.,0.,0.));
#8953=DIRECTION('center_axis',(0.,-1.,0.));
#8954=DIRECTION('ref_axis',(0.707106781186549,0.,0.707106781186546));
#8955=DIRECTION('',(0.,0.,1.));
#8956=DIRECTION('',(1.,2.77555756156289E-17,0.));
#8957=DIRECTION('',(0.674696538824115,0.,0.738095238095166));
#8958=DIRECTION('center_axis',(0.,1.,0.));
#8959=DIRECTION('ref_axis',(1.,0.,0.));
#8960=DIRECTION('',(0.674696538824116,0.,-0.738095238095165));
#8961=DIRECTION('center_axis',(0.,1.,0.));
#8962=DIRECTION('ref_axis',(1.,0.,0.));
#8963=DIRECTION('',(0.674696538824117,0.,-0.738095238095164));
#8964=DIRECTION('',(0.674696538824115,0.,0.738095238095166));
#8965=DIRECTION('center_axis',(0.,1.,0.));
#8966=DIRECTION('ref_axis',(1.,0.,0.));
#8967=DIRECTION('',(0.674696538824117,0.,-0.738095238095164));
#8968=DIRECTION('',(0.674696538824115,0.,0.738095238095166));
#8969=DIRECTION('center_axis',(0.,1.,0.));
#8970=DIRECTION('ref_axis',(1.,0.,0.));
#8971=DIRECTION('',(0.674696538824116,0.,-0.738095238095165));
#8972=DIRECTION('',(0.674696538824115,0.,0.738095238095166));
#8973=DIRECTION('center_axis',(0.866025403784439,0.,-0.5));
#8974=DIRECTION('ref_axis',(-0.5,0.,-0.866025403784439));
#8975=DIRECTION('',(0.5,0.,0.866025403784439));
#8976=DIRECTION('',(0.,1.,0.));
#8977=DIRECTION('',(-0.5,0.,-0.866025403784439));
#8978=DIRECTION('',(0.,-1.,0.));
#8979=DIRECTION('center_axis',(0.866025403784439,0.,0.5));
#8980=DIRECTION('ref_axis',(0.5,0.,-0.866025403784439));
#8981=DIRECTION('',(0.5,0.,-0.866025403784439));
#8982=DIRECTION('',(0.,-1.,0.));
#8983=DIRECTION('',(-0.5,0.,0.866025403784439));
#8984=DIRECTION('',(0.,1.,0.));
#8985=DIRECTION('center_axis',(0.866025403784439,0.,0.5));
#8986=DIRECTION('ref_axis',(0.5,0.,-0.866025403784439));
#8987=DIRECTION('',(0.5,0.,-0.866025403784439));
#8988=DIRECTION('',(0.,-1.,0.));
#8989=DIRECTION('',(-0.5,0.,0.866025403784439));
#8990=DIRECTION('',(0.,1.,0.));
#8991=DIRECTION('center_axis',(0.866025403784439,0.,0.5));
#8992=DIRECTION('ref_axis',(0.5,0.,-0.866025403784439));
#8993=DIRECTION('',(0.5,0.,-0.866025403784439));
#8994=DIRECTION('',(0.,-1.,0.));
#8995=DIRECTION('',(-0.5,0.,0.866025403784439));
#8996=DIRECTION('',(0.,1.,0.));
#8997=DIRECTION('center_axis',(0.866025403784439,0.,0.5));
#8998=DIRECTION('ref_axis',(0.5,0.,-0.866025403784439));
#8999=DIRECTION('',(0.5,0.,-0.866025403784439));
#9000=DIRECTION('',(0.,-1.,0.));
#9001=DIRECTION('',(-0.5,0.,0.866025403784439));
#9002=DIRECTION('',(0.,1.,0.));
#9003=DIRECTION('center_axis',(0.866025403784439,0.,0.5));
#9004=DIRECTION('ref_axis',(0.5,0.,-0.866025403784439));
#9005=DIRECTION('',(0.5,0.,-0.866025403784439));
#9006=DIRECTION('',(0.,-1.,0.));
#9007=DIRECTION('',(-0.5,0.,0.866025403784439));
#9008=DIRECTION('',(0.,1.,0.));
#9009=DIRECTION('center_axis',(0.866025403784439,0.,0.5));
#9010=DIRECTION('ref_axis',(0.5,0.,-0.866025403784439));
#9011=DIRECTION('',(0.5,0.,-0.866025403784439));
#9012=DIRECTION('',(0.,-1.,0.));
#9013=DIRECTION('',(-0.5,0.,0.866025403784439));
#9014=DIRECTION('',(0.,1.,0.));
#9015=DIRECTION('center_axis',(0.866025403784439,0.,-0.5));
#9016=DIRECTION('ref_axis',(-0.5,0.,-0.866025403784439));
#9017=DIRECTION('',(0.5,0.,0.866025403784439));
#9018=DIRECTION('',(0.,1.,0.));
#9019=DIRECTION('',(-0.5,0.,-0.866025403784439));
#9020=DIRECTION('',(0.,-1.,0.));
#9021=DIRECTION('center_axis',(0.866025403784439,0.,-0.5));
#9022=DIRECTION('ref_axis',(-0.5,0.,-0.866025403784439));
#9023=DIRECTION('',(0.5,0.,0.866025403784439));
#9024=DIRECTION('',(0.,1.,0.));
#9025=DIRECTION('',(-0.5,0.,-0.866025403784439));
#9026=DIRECTION('',(0.,-1.,0.));
#9027=DIRECTION('center_axis',(0.866025403784439,0.,-0.5));
#9028=DIRECTION('ref_axis',(-0.5,0.,-0.866025403784439));
#9029=DIRECTION('',(0.5,0.,0.866025403784439));
#9030=DIRECTION('',(0.,1.,0.));
#9031=DIRECTION('',(-0.5,0.,-0.866025403784439));
#9032=DIRECTION('',(0.,-1.,0.));
#9033=DIRECTION('center_axis',(0.866025403784439,0.,-0.5));
#9034=DIRECTION('ref_axis',(-0.5,0.,-0.866025403784439));
#9035=DIRECTION('',(0.5,0.,0.866025403784439));
#9036=DIRECTION('',(0.,1.,0.));
#9037=DIRECTION('',(-0.5,0.,-0.866025403784439));
#9038=DIRECTION('',(0.,-1.,0.));
#9039=DIRECTION('center_axis',(0.866025403784439,0.,-0.5));
#9040=DIRECTION('ref_axis',(-0.5,0.,-0.866025403784439));
#9041=DIRECTION('',(0.5,0.,0.866025403784439));
#9042=DIRECTION('',(0.,1.,0.));
#9043=DIRECTION('',(-0.5,0.,-0.866025403784439));
#9044=DIRECTION('',(0.,-1.,0.));
#9045=DIRECTION('center_axis',(1.,2.77555756156289E-17,0.));
#9046=DIRECTION('ref_axis',(-2.77555756156289E-17,1.,-5.45698835941231E-17));
#9047=DIRECTION('',(-1.24126706922511E-17,0.447213592834357,0.894427192332716));
#9048=DIRECTION('',(0.,0.,1.));
#9049=DIRECTION('',(1.24126706922511E-17,-0.447213592834357,-0.894427192332717));
#9050=DIRECTION('',(0.,0.,1.));
#9051=DIRECTION('center_axis',(1.,2.77555756156289E-17,0.));
#9052=DIRECTION('ref_axis',(-2.77555756156289E-17,1.,-5.45698835941231E-17));
#9053=DIRECTION('',(-1.24126706922511E-17,0.447213592834357,0.894427192332716));
#9054=DIRECTION('',(0.,0.,1.));
#9055=DIRECTION('',(1.24126706922511E-17,-0.447213592834357,-0.894427192332717));
#9056=DIRECTION('',(0.,0.,1.));
#9057=DIRECTION('center_axis',(1.,2.77555756156289E-17,0.));
#9058=DIRECTION('ref_axis',(-2.77555756156289E-17,1.,-5.45698835941231E-17));
#9059=DIRECTION('',(1.24126707662364E-17,-0.447213595499958,0.894427190999916));
#9060=DIRECTION('',(0.,0.,1.));
#9061=DIRECTION('',(-1.24126700757071E-17,0.447213570621018,-0.894427203439385));
#9062=DIRECTION('',(0.,0.,1.));
#9063=DIRECTION('center_axis',(1.,2.77555756156289E-17,-1.5419764230905E-17));
#9064=DIRECTION('ref_axis',(-2.77555756156289E-17,1.,-5.45698835941231E-17));
#9065=DIRECTION('',(-1.3791857352297E-18,-0.447213592834357,-0.894427192332717));
#9066=DIRECTION('',(1.5419764230905E-17,0.,1.));
#9067=DIRECTION('',(1.37918573522968E-18,0.447213592834357,0.894427192332716));
#9068=DIRECTION('',(1.5419764230905E-17,0.,1.));
#9069=DIRECTION('center_axis',(1.,2.77555756156289E-17,-1.5419764230905E-17));
#9070=DIRECTION('ref_axis',(-2.77555756156289E-17,1.,-5.45698835941231E-17));
#9071=DIRECTION('',(-2.62045266744501E-17,0.447213570621018,-0.894427203439385));
#9072=DIRECTION('',(1.5419764230905E-17,0.,1.));
#9073=DIRECTION('',(2.62045271731657E-17,-0.447213595499958,0.894427190999916));
#9074=DIRECTION('',(1.5419764230905E-17,0.,1.));
#9075=DIRECTION('center_axis',(1.,2.77555756156289E-17,-1.5419764230905E-17));
#9076=DIRECTION('ref_axis',(-2.77555756156289E-17,1.,-5.45698835941231E-17));
#9077=DIRECTION('',(-1.3791857352297E-18,-0.447213592834357,-0.894427192332717));
#9078=DIRECTION('',(1.5419764230905E-17,0.,1.));
#9079=DIRECTION('',(1.37918573522968E-18,0.447213592834357,0.894427192332716));
#9080=DIRECTION('',(1.5419764230905E-17,0.,1.));
#9081=DIRECTION('center_axis',(1.,2.77555756156289E-17,-1.5419764230905E-17));
#9082=DIRECTION('ref_axis',(-2.77555756156289E-17,1.,-5.45698835941231E-17));
#9083=DIRECTION('',(1.37918573522968E-18,0.447213592834357,0.894427192332716));
#9084=DIRECTION('',(1.5419764230905E-17,0.,1.));
#9085=DIRECTION('',(-1.3791857352297E-18,-0.447213592834357,-0.894427192332717));
#9086=DIRECTION('',(1.5419764230905E-17,0.,1.));
#9087=DIRECTION('center_axis',(1.,2.77555756156289E-17,-1.5419764230905E-17));
#9088=DIRECTION('ref_axis',(-2.77555756156289E-17,1.,-5.45698835941231E-17));
#9089=DIRECTION('',(1.37918573522968E-18,0.447213592834357,0.894427192332716));
#9090=DIRECTION('',(1.5419764230905E-17,0.,1.));
#9091=DIRECTION('',(-1.3791857352297E-18,-0.447213592834357,-0.894427192332717));
#9092=DIRECTION('',(1.5419764230905E-17,0.,1.));
#9093=DIRECTION('center_axis',(1.,2.77555756156289E-17,-1.5419764230905E-17));
#9094=DIRECTION('ref_axis',(-2.77555756156289E-17,1.,-5.45698835941231E-17));
#9095=DIRECTION('',(2.62045271731657E-17,-0.447213595499958,0.894427190999916));
#9096=DIRECTION('',(1.5419764230905E-17,0.,1.));
#9097=DIRECTION('',(-2.6204799844271E-17,0.447227198077442,-0.894420389581879));
#9098=DIRECTION('',(1.5419764230905E-17,0.,1.));
#9099=DIRECTION('center_axis',(0.,-0.894427190999916,-0.447213595499958));
#9100=DIRECTION('ref_axis',(0.,-0.447213595499958,0.894427190999916));
#9101=DIRECTION('',(-1.,0.,0.));
#9102=DIRECTION('',(0.,-0.447213595499958,0.894427190999916));
#9103=DIRECTION('',(-1.,0.,0.));
#9104=DIRECTION('center_axis',(0.,-0.894427192332716,0.447213592834357));
#9105=DIRECTION('ref_axis',(0.,0.447213592834357,0.894427192332716));
#9106=DIRECTION('',(-1.,0.,0.));
#9107=DIRECTION('',(0.,0.447213592834357,0.894427192332716));
#9108=DIRECTION('center_axis',(0.,-0.894427192332716,0.447213592834357));
#9109=DIRECTION('ref_axis',(0.,0.447213592834357,0.894427192332716));
#9110=DIRECTION('',(-1.,0.,0.));
#9111=DIRECTION('',(0.,0.447213592834357,0.894427192332716));
#9112=DIRECTION('',(-1.,0.,0.));
#9113=DIRECTION('center_axis',(0.,0.894427192332717,-0.447213592834357));
#9114=DIRECTION('ref_axis',(0.,-0.447213592834357,-0.894427192332717));
#9115=DIRECTION('',(-1.,0.,0.));
#9116=DIRECTION('',(0.,-0.447213592834357,-0.894427192332717));
#9117=DIRECTION('',(-1.,0.,0.));
#9118=DIRECTION('center_axis',(0.,0.894427192332717,-0.447213592834357));
#9119=DIRECTION('ref_axis',(0.,-0.447213592834357,-0.894427192332717));
#9120=DIRECTION('',(-1.,0.,0.));
#9121=DIRECTION('',(0.,-0.447213592834357,-0.894427192332717));
#9122=DIRECTION('',(-1.,0.,0.));
#9123=DIRECTION('center_axis',(0.,1.,0.));
#9124=DIRECTION('ref_axis',(0.,0.,-1.));
#9125=DIRECTION('',(0.,0.,-1.));
#9126=DIRECTION('',(0.,0.,-1.));
#9127=DIRECTION('',(-1.,0.,0.));
#9128=DIRECTION('',(-1.,0.,0.));
#9129=DIRECTION('',(0.,0.,-1.));
#9130=DIRECTION('',(-1.,0.,0.));
#9131=DIRECTION('',(-1.,0.,0.));
#9132=DIRECTION('',(0.,0.,-1.));
#9133=DIRECTION('',(-1.,0.,0.));
#9134=DIRECTION('',(-1.,0.,0.));
#9135=DIRECTION('',(0.,0.,-1.));
#9136=DIRECTION('center_axis',(0.,0.894427192332717,-0.447213592834357));
#9137=DIRECTION('ref_axis',(0.,-0.447213592834357,-0.894427192332717));
#9138=DIRECTION('',(-1.,0.,0.));
#9139=DIRECTION('',(0.,-0.447213592834357,-0.894427192332717));
#9140=DIRECTION('center_axis',(0.,0.894427192332717,-0.447213592834357));
#9141=DIRECTION('ref_axis',(0.,-0.447213592834357,-0.894427192332717));
#9142=DIRECTION('',(-1.,0.,0.));
#9143=DIRECTION('',(0.,-0.447213592834357,-0.894427192332717));
#9144=DIRECTION('center_axis',(0.,-0.894427190999916,-0.447213595499958));
#9145=DIRECTION('ref_axis',(0.,-0.447213595499958,0.894427190999916));
#9146=DIRECTION('',(-1.,0.,0.));
#9147=DIRECTION('',(0.,-0.447213595499958,0.894427190999916));
#9148=DIRECTION('center_axis',(0.,-0.894427192332716,0.447213592834357));
#9149=DIRECTION('ref_axis',(0.,0.447213592834357,0.894427192332716));
#9150=DIRECTION('',(0.,0.447213592834357,0.894427192332716));
#9151=DIRECTION('',(-1.,0.,0.));
#9152=DIRECTION('center_axis',(0.,-0.894427190999916,-0.447213595499958));
#9153=DIRECTION('ref_axis',(0.,-0.447213595499958,0.894427190999916));
#9154=DIRECTION('',(-1.,0.,0.));
#9155=DIRECTION('',(0.,-0.447213595499958,0.894427190999916));
#9156=DIRECTION('',(-1.,0.,0.));
#9157=DIRECTION('center_axis',(0.,0.894427192332717,-0.447213592834357));
#9158=DIRECTION('ref_axis',(0.,-0.447213592834357,-0.894427192332717));
#9159=DIRECTION('',(-1.,0.,0.));
#9160=DIRECTION('',(0.,-0.447213592834357,-0.894427192332717));
#9161=DIRECTION('',(-1.,0.,0.));
#9162=DIRECTION('center_axis',(0.,-0.894427192332716,0.447213592834357));
#9163=DIRECTION('ref_axis',(0.,0.447213592834357,0.894427192332716));
#9164=DIRECTION('',(-1.,0.,0.));
#9165=DIRECTION('',(0.,0.447213592834357,0.894427192332716));
#9166=DIRECTION('',(-1.,0.,0.));
#9167=DIRECTION('center_axis',(0.,0.894420389581879,0.447227198077442));
#9168=DIRECTION('ref_axis',(0.,0.447227198077442,-0.894420389581879));
#9169=DIRECTION('',(-1.,0.,0.));
#9170=DIRECTION('',(0.,0.447227198077442,-0.894420389581879));
#9171=DIRECTION('',(-1.,0.,0.));
#9172=DIRECTION('center_axis',(1.,0.,0.));
#9173=DIRECTION('ref_axis',(0.,1.,0.));
#9174=DIRECTION('',(0.,0.447213595499958,0.894427190999916));
#9175=DIRECTION('',(0.,0.,1.));
#9176=DIRECTION('',(0.,-0.447213595499958,-0.894427190999916));
#9177=DIRECTION('',(0.,0.,1.));
#9178=DIRECTION('center_axis',(1.,0.,0.));
#9179=DIRECTION('ref_axis',(0.,1.,0.));
#9180=DIRECTION('',(0.,-0.447213483100485,0.894427247199644));
#9181=DIRECTION('',(0.,0.,1.));
#9182=DIRECTION('',(0.,0.447213483100485,-0.894427247199644));
#9183=DIRECTION('',(0.,0.,1.));
#9184=DIRECTION('center_axis',(1.,0.,0.));
#9185=DIRECTION('ref_axis',(0.,1.,0.));
#9186=DIRECTION('',(0.,0.447213595499958,0.894427190999916));
#9187=DIRECTION('',(0.,0.,1.));
#9188=DIRECTION('',(0.,-0.447213595499958,-0.894427190999916));
#9189=DIRECTION('',(0.,0.,1.));
#9190=DIRECTION('center_axis',(1.,0.,0.));
#9191=DIRECTION('ref_axis',(0.,1.,0.));
#9192=DIRECTION('',(0.,0.447213595499958,0.894427190999916));
#9193=DIRECTION('',(0.,0.,1.));
#9194=DIRECTION('',(0.,-0.447213595499958,-0.894427190999916));
#9195=DIRECTION('',(0.,0.,1.));
#9196=DIRECTION('center_axis',(1.,0.,0.));
#9197=DIRECTION('ref_axis',(0.,1.,0.));
#9198=DIRECTION('',(0.,-0.447213483100485,0.894427247199644));
#9199=DIRECTION('',(0.,0.,1.));
#9200=DIRECTION('',(0.,0.447213483100485,-0.894427247199644));
#9201=DIRECTION('',(0.,0.,1.));
#9202=DIRECTION('center_axis',(1.,0.,0.));
#9203=DIRECTION('ref_axis',(0.,1.,0.));
#9204=DIRECTION('',(0.,0.447213595499958,0.894427190999916));
#9205=DIRECTION('',(0.,0.,1.));
#9206=DIRECTION('',(0.,-0.447213595499958,-0.894427190999916));
#9207=DIRECTION('',(0.,0.,1.));
#9208=DIRECTION('center_axis',(1.,0.,0.));
#9209=DIRECTION('ref_axis',(0.,1.,0.));
#9210=DIRECTION('',(0.,0.447213595499958,0.894427190999916));
#9211=DIRECTION('',(0.,0.,1.));
#9212=DIRECTION('',(0.,-0.447213595499958,-0.894427190999916));
#9213=DIRECTION('',(0.,0.,1.));
#9214=DIRECTION('center_axis',(1.,0.,0.));
#9215=DIRECTION('ref_axis',(0.,1.,0.));
#9216=DIRECTION('',(0.,-0.447213483100485,0.894427247199644));
#9217=DIRECTION('',(0.,0.,1.));
#9218=DIRECTION('',(0.,0.447213483100485,-0.894427247199644));
#9219=DIRECTION('',(0.,0.,1.));
#9220=DIRECTION('center_axis',(1.,0.,0.));
#9221=DIRECTION('ref_axis',(0.,1.,0.));
#9222=DIRECTION('',(0.,0.447213595499958,0.894427190999916));
#9223=DIRECTION('',(0.,0.,1.));
#9224=DIRECTION('',(0.,-0.447213595499958,-0.894427190999916));
#9225=DIRECTION('',(0.,0.,1.));
#9226=DIRECTION('center_axis',(0.,-1.,0.));
#9227=DIRECTION('ref_axis',(0.,0.,1.));
#9228=DIRECTION('',(0.,0.,1.));
#9229=DIRECTION('',(-1.,0.,0.));
#9230=DIRECTION('',(-1.,0.,0.));
#9231=DIRECTION('',(0.,0.,1.));
#9232=DIRECTION('',(-1.,0.,0.));
#9233=DIRECTION('',(-1.,0.,0.));
#9234=DIRECTION('',(0.,0.,1.));
#9235=DIRECTION('',(0.,0.,1.));
#9236=DIRECTION('center_axis',(0.,-0.894427190999916,0.447213595499958));
#9237=DIRECTION('ref_axis',(0.,0.447213595499958,0.894427190999916));
#9238=DIRECTION('',(-1.,0.,0.));
#9239=DIRECTION('',(0.,0.447213595499958,0.894427190999916));
#9240=DIRECTION('center_axis',(0.,1.,0.));
#9241=DIRECTION('ref_axis',(0.,0.,-1.));
#9242=DIRECTION('',(0.,0.,-1.));
#9243=DIRECTION('',(0.,0.,-1.));
#9244=DIRECTION('',(-1.,0.,0.));
#9245=DIRECTION('',(0.,0.,-1.));
#9246=DIRECTION('',(-1.,0.,0.));
#9247=DIRECTION('',(-1.,0.,0.));
#9248=DIRECTION('',(0.,0.,-1.));
#9249=DIRECTION('',(-1.,0.,0.));
#9250=DIRECTION('',(-1.,0.,0.));
#9251=DIRECTION('',(0.,0.,-1.));
#9252=DIRECTION('center_axis',(0.,-0.894427247199644,-0.447213483100485));
#9253=DIRECTION('ref_axis',(0.,-0.447213483100485,0.894427247199644));
#9254=DIRECTION('',(-1.,0.,0.));
#9255=DIRECTION('',(0.,-0.447213483100485,0.894427247199644));
#9256=DIRECTION('center_axis',(0.,-0.894427190999916,0.447213595499958));
#9257=DIRECTION('ref_axis',(0.,0.447213595499958,0.894427190999916));
#9258=DIRECTION('',(0.,0.447213595499958,0.894427190999916));
#9259=DIRECTION('center_axis',(0.,0.894427190999916,-0.447213595499958));
#9260=DIRECTION('ref_axis',(0.,-0.447213595499958,-0.894427190999916));
#9261=DIRECTION('',(0.,-0.447213595499958,-0.894427190999916));
#9262=DIRECTION('center_axis',(0.,0.894427190999916,-0.447213595499958));
#9263=DIRECTION('ref_axis',(0.,-0.447213595499958,-0.894427190999916));
#9264=DIRECTION('',(0.,-0.447213595499958,-0.894427190999916));
#9265=DIRECTION('center_axis',(0.,-0.894427190999916,0.447213595499958));
#9266=DIRECTION('ref_axis',(0.,0.447213595499958,0.894427190999916));
#9267=DIRECTION('',(-1.,0.,0.));
#9268=DIRECTION('',(0.,0.447213595499958,0.894427190999916));
#9269=DIRECTION('',(-1.,0.,0.));
#9270=DIRECTION('center_axis',(0.,1.,0.));
#9271=DIRECTION('ref_axis',(0.,0.,-1.));
#9272=DIRECTION('',(0.,0.,-1.));
#9273=DIRECTION('',(0.,0.,-1.));
#9274=DIRECTION('',(-1.,0.,0.));
#9275=DIRECTION('',(0.,0.,-1.));
#9276=DIRECTION('',(-1.,0.,0.));
#9277=DIRECTION('',(-1.,0.,0.));
#9278=DIRECTION('',(0.,0.,-1.));
#9279=DIRECTION('',(-1.,0.,0.));
#9280=DIRECTION('',(-1.,0.,0.));
#9281=DIRECTION('',(0.,0.,-1.));
#9282=DIRECTION('center_axis',(0.,-0.894427190999916,0.447213595499958));
#9283=DIRECTION('ref_axis',(0.,0.447213595499958,0.894427190999916));
#9284=DIRECTION('',(0.,0.447213595499958,0.894427190999916));
#9285=DIRECTION('',(-1.,0.,0.));
#9286=DIRECTION('center_axis',(0.,0.894427190999916,-0.447213595499958));
#9287=DIRECTION('ref_axis',(0.,-0.447213595499958,-0.894427190999916));
#9288=DIRECTION('',(-1.,0.,0.));
#9289=DIRECTION('',(0.,-0.447213595499958,-0.894427190999916));
#9290=DIRECTION('center_axis',(0.,0.894427190999916,-0.447213595499958));
#9291=DIRECTION('ref_axis',(0.,-0.447213595499958,-0.894427190999916));
#9292=DIRECTION('',(-1.,0.,0.));
#9293=DIRECTION('',(0.,-0.447213595499958,-0.894427190999916));
#9294=DIRECTION('center_axis',(0.,-0.894427190999916,0.447213595499958));
#9295=DIRECTION('ref_axis',(0.,0.447213595499958,0.894427190999916));
#9296=DIRECTION('',(-1.,0.,0.));
#9297=DIRECTION('',(0.,0.447213595499958,0.894427190999916));
#9298=DIRECTION('',(-1.,0.,0.));
#9299=DIRECTION('center_axis',(0.,1.,0.));
#9300=DIRECTION('ref_axis',(0.,0.,-1.));
#9301=DIRECTION('',(0.,0.,-1.));
#9302=DIRECTION('',(0.,0.,-1.));
#9303=DIRECTION('',(-1.,0.,0.));
#9304=DIRECTION('',(0.,0.,-1.));
#9305=DIRECTION('',(-1.,0.,0.));
#9306=DIRECTION('',(-1.,0.,0.));
#9307=DIRECTION('',(0.,0.,-1.));
#9308=DIRECTION('',(-1.,0.,0.));
#9309=DIRECTION('',(-1.,0.,0.));
#9310=DIRECTION('',(0.,0.,-1.));
#9311=DIRECTION('center_axis',(0.,-0.894427190999916,0.447213595499958));
#9312=DIRECTION('ref_axis',(0.,0.447213595499958,0.894427190999916));
#9313=DIRECTION('',(0.,0.447213595499958,0.894427190999916));
#9314=DIRECTION('',(-1.,0.,0.));
#9315=DIRECTION('center_axis',(0.,0.894427247199644,0.447213483100485));
#9316=DIRECTION('ref_axis',(0.,0.447213483100485,-0.894427247199644));
#9317=DIRECTION('',(0.,0.447213483100485,-0.894427247199644));
#9318=DIRECTION('',(-1.,0.,0.));
#9319=DIRECTION('center_axis',(0.,0.894427190999916,-0.447213595499958));
#9320=DIRECTION('ref_axis',(0.,-0.447213595499958,-0.894427190999916));
#9321=DIRECTION('',(-1.,0.,0.));
#9322=DIRECTION('',(0.,-0.447213595499958,-0.894427190999916));
#9323=DIRECTION('center_axis',(0.,-1.,0.));
#9324=DIRECTION('ref_axis',(0.,0.,1.));
#9325=DIRECTION('',(0.,0.,1.));
#9326=DIRECTION('',(-1.,0.,0.));
#9327=DIRECTION('',(0.,0.,1.));
#9328=DIRECTION('',(0.,0.,1.));
#9329=DIRECTION('',(0.,0.,1.));
#9330=DIRECTION('center_axis',(0.,0.894427203439386,0.447213570621018));
#9331=DIRECTION('ref_axis',(0.,0.447213570621018,-0.894427203439385));
#9332=DIRECTION('',(-1.,0.,0.));
#9333=DIRECTION('',(0.,0.447213570621018,-0.894427203439385));
#9334=DIRECTION('center_axis',(0.,-1.,0.));
#9335=DIRECTION('ref_axis',(0.,0.,1.));
#9336=DIRECTION('',(0.,0.,1.));
#9337=DIRECTION('',(-1.,0.,0.));
#9338=DIRECTION('',(0.,0.,1.));
#9339=DIRECTION('',(0.,0.,1.));
#9340=DIRECTION('',(0.,0.,1.));
#9341=DIRECTION('center_axis',(-1.,0.,0.));
#9342=DIRECTION('ref_axis',(0.,0.,1.));
#9343=DIRECTION('center_axis',(-1.,0.,0.));
#9344=DIRECTION('ref_axis',(0.,0.,1.));
#9345=DIRECTION('center_axis',(0.,-0.894427247199644,-0.447213483100485));
#9346=DIRECTION('ref_axis',(0.,-0.447213483100485,0.894427247199644));
#9347=DIRECTION('',(0.,-0.447213483100485,0.894427247199644));
#9348=DIRECTION('center_axis',(0.,-1.,0.));
#9349=DIRECTION('ref_axis',(0.,0.,1.));
#9350=DIRECTION('',(0.,0.,1.));
#9351=DIRECTION('',(0.,0.,1.));
#9352=DIRECTION('',(-1.,0.,0.));
#9353=DIRECTION('',(0.,0.,1.));
#9354=DIRECTION('',(0.,0.,1.));
#9355=DIRECTION('center_axis',(-1.,0.,0.));
#9356=DIRECTION('ref_axis',(0.,0.,1.));
#9357=DIRECTION('center_axis',(0.,0.894427192332717,-0.447213592834357));
#9358=DIRECTION('ref_axis',(0.,-0.447213592834357,-0.894427192332717));
#9359=DIRECTION('',(-1.,0.,0.));
#9360=DIRECTION('',(0.,-0.447213592834357,-0.894427192332717));
#9361=DIRECTION('',(-1.,0.,0.));
#9362=DIRECTION('center_axis',(0.,1.,0.));
#9363=DIRECTION('ref_axis',(0.,0.,-1.));
#9364=DIRECTION('',(0.,0.,-1.));
#9365=DIRECTION('',(0.,0.,-1.));
#9366=DIRECTION('',(0.,0.,-1.));
#9367=DIRECTION('',(0.,0.,-1.));
#9368=DIRECTION('',(0.,0.,-1.));
#9369=DIRECTION('center_axis',(-1.,0.,0.));
#9370=DIRECTION('ref_axis',(0.,0.,1.));
#9371=DIRECTION('center_axis',(0.,-1.,0.));
#9372=DIRECTION('ref_axis',(0.,0.,1.));
#9373=DIRECTION('',(0.,0.,1.));
#9374=DIRECTION('',(-1.,0.,0.));
#9375=DIRECTION('',(0.,0.,1.));
#9376=DIRECTION('',(0.,0.,1.));
#9377=DIRECTION('',(0.,0.,1.));
#9378=DIRECTION('center_axis',(-1.,0.,0.));
#9379=DIRECTION('ref_axis',(0.,0.,1.));
#9380=DIRECTION('center_axis',(0.,-0.894427192332716,0.447213592834357));
#9381=DIRECTION('ref_axis',(0.,0.447213592834357,0.894427192332716));
#9382=DIRECTION('',(-1.,0.,0.));
#9383=DIRECTION('',(0.,0.447213592834357,0.894427192332716));
#9384=DIRECTION('center_axis',(0.,1.,0.));
#9385=DIRECTION('ref_axis',(0.,0.,-1.));
#9386=DIRECTION('',(0.,0.,-1.));
#9387=DIRECTION('',(0.,0.,-1.));
#9388=DIRECTION('',(0.,0.,-1.));
#9389=DIRECTION('',(0.,0.,-1.));
#9390=DIRECTION('',(0.,0.,-1.));
#9391=DIRECTION('center_axis',(-1.,0.,0.));
#9392=DIRECTION('ref_axis',(0.,0.,1.));
#9393=DIRECTION('',(0.,0.,1.));
#9394=DIRECTION('center_axis',(0.,0.894427203439385,0.447213570621018));
#9395=DIRECTION('ref_axis',(0.,0.447213570621018,-0.894427203439385));
#9396=DIRECTION('',(0.,0.447213570621018,-0.894427203439385));
#9397=DIRECTION('center_axis',(0.,-0.894427247199644,-0.447213483100485));
#9398=DIRECTION('ref_axis',(0.,-0.447213483100485,0.894427247199644));
#9399=DIRECTION('',(0.,-0.447213483100485,0.894427247199644));
#9400=DIRECTION('center_axis',(0.,0.894427247199644,0.447213483100485));
#9401=DIRECTION('ref_axis',(0.,0.447213483100485,-0.894427247199644));
#9402=DIRECTION('',(0.,0.447213483100485,-0.894427247199644));
#9403=DIRECTION('center_axis',(0.,0.894427247199644,0.447213483100485));
#9404=DIRECTION('ref_axis',(0.,0.447213483100485,-0.894427247199644));
#9405=DIRECTION('',(0.,0.447213483100485,-0.894427247199644));
#9406=DIRECTION('center_axis',(0.,0.894427190999916,-0.447213595499958));
#9407=DIRECTION('ref_axis',(0.,-0.447213595499958,-0.894427190999916));
#9408=DIRECTION('',(0.,-0.447213595499958,-0.894427190999916));
#9409=DIRECTION('center_axis',(0.,-0.894427192332716,0.447213592834357));
#9410=DIRECTION('ref_axis',(0.,0.447213592834357,0.894427192332716));
#9411=DIRECTION('',(0.,0.447213592834357,0.894427192332716));
#9412=DIRECTION('center_axis',(0.,-1.,0.));
#9413=DIRECTION('ref_axis',(0.,0.,1.));
#9414=DIRECTION('',(0.,0.,1.));
#9415=DIRECTION('',(0.,0.,1.));
#9416=DIRECTION('',(0.,0.,1.));
#9417=DIRECTION('center_axis',(-1.,0.,0.));
#9418=DIRECTION('ref_axis',(0.,1.,0.));
#9419=DIRECTION('',(0.,1.,0.));
#9420=DIRECTION('',(0.,0.,-1.));
#9421=DIRECTION('',(0.,1.,0.));
#9422=DIRECTION('',(0.,0.,-1.));
#9423=DIRECTION('center_axis',(0.,-1.,0.));
#9424=DIRECTION('ref_axis',(-1.,0.,0.));
#9425=DIRECTION('',(-1.,0.,0.));
#9426=DIRECTION('',(0.,0.,-1.));
#9427=DIRECTION('',(-1.,0.,0.));
#9428=DIRECTION('center_axis',(0.,0.,-1.));
#9429=DIRECTION('ref_axis',(-1.,0.,0.));
#9430=DIRECTION('',(0.,-1.,0.));
#9431=DIRECTION('',(1.,0.,0.));
#9432=DIRECTION('center_axis',(0.,0.,1.));
#9433=DIRECTION('ref_axis',(1.,0.,0.));
#9434=DIRECTION('',(1.,0.,0.));
#9435=DIRECTION('center_axis',(0.,0.,-1.));
#9436=DIRECTION('ref_axis',(1.,0.,0.));
#9437=DIRECTION('',(-1.,0.,0.));
#9438=DIRECTION('',(0.,1.,0.));
#9439=DIRECTION('',(1.,0.,0.));
#9440=DIRECTION('center_axis',(0.,0.,-1.));
#9441=DIRECTION('ref_axis',(1.,0.,0.));
#9442=DIRECTION('',(0.,1.,0.));
#9443=DIRECTION('',(1.,0.,0.));
#9444=DIRECTION('',(0.,-1.,0.));
#9445=DIRECTION('center_axis',(0.,0.,-1.));
#9446=DIRECTION('ref_axis',(1.,0.,0.));
#9447=DIRECTION('',(1.,0.,0.));
#9448=DIRECTION('center_axis',(0.,0.,-1.));
#9449=DIRECTION('ref_axis',(1.,0.,0.));
#9450=DIRECTION('',(0.,1.,0.));
#9451=DIRECTION('',(1.,0.,0.));
#9452=DIRECTION('',(0.,-1.,0.));
#9453=DIRECTION('center_axis',(0.,0.,-1.));
#9454=DIRECTION('ref_axis',(1.,0.,0.));
#9455=DIRECTION('',(1.,0.,0.));
#9456=DIRECTION('',(0.,-1.,0.));
#9457=DIRECTION('',(-1.,0.,0.));
#9458=DIRECTION('center_axis',(0.,0.,-1.));
#9459=DIRECTION('ref_axis',(1.,0.,0.));
#9460=DIRECTION('',(1.,0.,0.));
#9461=DIRECTION('',(0.,1.,0.));
#9462=DIRECTION('',(-1.,4.76251662843613E-15,0.));
#9463=DIRECTION('',(4.77395900588819E-15,1.,0.));
#9464=DIRECTION('',(-1.,0.,0.));
#9465=DIRECTION('',(0.,-1.,0.));
#9466=DIRECTION('',(1.,-1.9756059753501E-14,0.));
#9467=DIRECTION('',(-1.91989390682179E-14,-1.,0.));
#9468=DIRECTION('',(-1.,1.9756059753501E-14,0.));
#9469=DIRECTION('',(0.,-1.,0.));
#9470=DIRECTION('center_axis',(0.,0.,-1.));
#9471=DIRECTION('ref_axis',(1.,0.,0.));
#9472=DIRECTION('',(1.,0.,0.));
#9473=DIRECTION('center_axis',(0.,0.,-1.));
#9474=DIRECTION('ref_axis',(1.,0.,0.));
#9475=DIRECTION('',(0.,1.,0.));
#9476=DIRECTION('',(1.,0.,0.));
#9477=DIRECTION('',(0.,-1.,0.));
#9478=DIRECTION('center_axis',(0.,0.,-1.));
#9479=DIRECTION('ref_axis',(1.,0.,0.));
#9480=DIRECTION('',(1.,0.,0.));
#9481=DIRECTION('',(0.,-1.,0.));
#9482=DIRECTION('',(-1.,0.,0.));
#9483=DIRECTION('center_axis',(0.,0.,-1.));
#9484=DIRECTION('ref_axis',(1.,0.,0.));
#9485=DIRECTION('',(0.,-1.,0.));
#9486=DIRECTION('',(-1.,0.,0.));
#9487=DIRECTION('',(0.,1.,0.));
#9488=DIRECTION('center_axis',(0.,0.,-1.));
#9489=DIRECTION('ref_axis',(1.,0.,0.));
#9490=DIRECTION('',(-1.,0.,0.));
#9491=DIRECTION('center_axis',(0.,0.,-1.));
#9492=DIRECTION('ref_axis',(1.,0.,0.));
#9493=DIRECTION('',(0.,-1.,0.));
#9494=DIRECTION('',(-1.,0.,0.));
#9495=DIRECTION('',(0.,1.,0.));
#9496=DIRECTION('center_axis',(0.,0.,-1.));
#9497=DIRECTION('ref_axis',(1.,0.,0.));
#9498=DIRECTION('',(-1.,0.,0.));
#9499=DIRECTION('',(0.,1.,0.));
#9500=DIRECTION('',(1.,0.,0.));
#9501=DIRECTION('center_axis',(0.,0.,-1.));
#9502=DIRECTION('ref_axis',(1.,0.,0.));
#9503=DIRECTION('',(0.,1.,0.));
#9504=DIRECTION('',(1.,0.,0.));
#9505=DIRECTION('',(0.,-1.,0.));
#9506=DIRECTION('center_axis',(0.,0.,-1.));
#9507=DIRECTION('ref_axis',(1.,0.,0.));
#9508=DIRECTION('center_axis',(0.,-1.,0.));
#9509=DIRECTION('ref_axis',(0.707106781186549,0.,0.707106781186546));
#9510=DIRECTION('center_axis',(0.,1.,0.));
#9511=DIRECTION('ref_axis',(0.707106781186549,0.,0.707106781186546));
#9512=DIRECTION('',(0.,1.,0.));
#9513=DIRECTION('',(0.,-1.,0.));
#9514=DIRECTION('center_axis',(0.,-1.,0.));
#9515=DIRECTION('ref_axis',(1.,0.,0.));
#9516=DIRECTION('',(0.,-9.86076131526265E-33,1.));
#9517=DIRECTION('',(-1.,0.,0.));
#9518=DIRECTION('center_axis',(0.,1.,0.));
#9519=DIRECTION('ref_axis',(-0.88395206002207,0.,0.467577539647424));
#9520=DIRECTION('',(0.562742488834523,0.,-0.826632258782784));
#9521=DIRECTION('center_axis',(0.,-1.,0.));
#9522=DIRECTION('ref_axis',(0.998791079309513,0.,0.0491566871517843));
#9523=DIRECTION('',(-0.478852130680573,0.,-0.877895572914385));
#9524=DIRECTION('center_axis',(0.,-1.,0.));
#9525=DIRECTION('ref_axis',(-0.877895572914384,0.,-0.478852130680573));
#9526=DIRECTION('',(-0.478852130680573,0.,0.877895572914384));
#9527=DIRECTION('center_axis',(0.,-1.,0.));
#9528=DIRECTION('ref_axis',(-1.,0.,1.56604574843271E-8));
#9529=DIRECTION('',(0.478852158177065,0.,0.877895557916297));
#9530=DIRECTION('center_axis',(0.,1.,0.));
#9531=DIRECTION('ref_axis',(0.859898877245767,0.,0.510464416890609));
#9532=DIRECTION('',(-1.,0.,0.));
#9533=DIRECTION('',(0.,0.,-1.));
#9534=DIRECTION('',(-1.,0.,0.));
#9535=DIRECTION('',(0.,0.,-1.));
#9536=DIRECTION('',(1.,0.,0.));
#9537=DIRECTION('center_axis',(0.,1.,9.86076131526265E-33));
#9538=DIRECTION('ref_axis',(1.,0.,0.));
#9539=DIRECTION('',(0.674696538824115,-7.27818097078839E-33,0.738095238095166));
#9540=DIRECTION('',(0.674696538824117,7.27818097078837E-33,-0.738095238095164));
#9541=DIRECTION('center_axis',(0.,1.,9.86076131526265E-33));
#9542=DIRECTION('ref_axis',(1.,0.,0.));
#9543=DIRECTION('',(0.674696538824115,-7.27818097078839E-33,0.738095238095166));
#9544=DIRECTION('',(0.674696538824117,7.27818097078837E-33,-0.738095238095164));
#9545=DIRECTION('center_axis',(0.,1.,9.86076131526265E-33));
#9546=DIRECTION('ref_axis',(1.,0.,0.));
#9547=DIRECTION('',(0.674696538824115,-7.27818097078839E-33,0.738095238095166));
#9548=DIRECTION('',(0.674696538824116,7.27818097078838E-33,-0.738095238095165));
#9549=DIRECTION('',(0.674696538824116,7.27818097078838E-33,-0.738095238095165));
#9550=DIRECTION('center_axis',(0.,1.,9.86076131526265E-33));
#9551=DIRECTION('ref_axis',(1.,0.,0.));
#9552=DIRECTION('',(0.674696538824115,-7.27818097078839E-33,0.738095238095166));
#9553=DIRECTION('center_axis',(0.,0.,1.));
#9554=DIRECTION('ref_axis',(0.,-1.,0.));
#9555=DIRECTION('',(0.,1.,0.));
#9556=DIRECTION('center_axis',(0.,0.,1.));
#9557=DIRECTION('ref_axis',(0.,-1.,0.));
#9558=DIRECTION('',(0.,-1.,0.));
#9559=DIRECTION('',(1.,0.,0.));
#9560=DIRECTION('',(0.,1.,0.));
#9561=DIRECTION('',(1.,0.,0.));
#9562=DIRECTION('center_axis',(-0.707106781186547,0.,0.707106781186548));
#9563=DIRECTION('ref_axis',(0.707106781186548,0.,0.707106781186547));
#9564=DIRECTION('',(0.707106781186548,0.,0.707106781186547));
#9565=DIRECTION('',(0.,1.,0.));
#9566=DIRECTION('',(-0.707106781186548,0.,-0.707106781186547));
#9567=DIRECTION('center_axis',(0.707106781186547,0.,0.707106781186548));
#9568=DIRECTION('ref_axis',(0.707106781186548,0.,-0.707106781186547));
#9569=DIRECTION('',(-0.707106781186548,0.,0.707106781186547));
#9570=DIRECTION('',(0.,-1.,0.));
#9571=DIRECTION('',(0.707106781186548,0.,-0.707106781186547));
#9572=DIRECTION('center_axis',(0.,1.,0.));
#9573=DIRECTION('ref_axis',(-1.,0.,0.));
#9574=DIRECTION('',(0.,0.,1.));
#9575=DIRECTION('',(0.,0.,1.));
#9576=DIRECTION('center_axis',(0.,-1.,0.));
#9577=DIRECTION('ref_axis',(1.,0.,0.));
#9578=DIRECTION('',(0.,0.,1.));
#9579=DIRECTION('',(0.,0.,1.));
#9580=DIRECTION('center_axis',(0.,0.,1.));
#9581=DIRECTION('ref_axis',(1.,0.,0.));
#9582=DIRECTION('center_axis',(0.,0.,1.));
#9583=DIRECTION('ref_axis',(1.,0.,0.));
#9584=DIRECTION('',(0.,-1.,0.));
#9585=DIRECTION('',(-1.,0.,0.));
#9586=DIRECTION('',(0.,1.,0.));
#9587=DIRECTION('center_axis',(0.,0.,1.));
#9588=DIRECTION('ref_axis',(1.,0.,0.));
#9589=DIRECTION('',(1.,0.,0.));
#9590=DIRECTION('',(0.,-1.,0.));
#9591=DIRECTION('',(-1.,0.,0.));
#9592=DIRECTION('center_axis',(0.,0.,1.));
#9593=DIRECTION('ref_axis',(1.,0.,0.));
#9594=DIRECTION('',(0.,1.,0.));
#9595=DIRECTION('',(1.,0.,0.));
#9596=DIRECTION('',(0.,-1.,0.));
#9597=DIRECTION('center_axis',(0.,0.,1.));
#9598=DIRECTION('ref_axis',(1.,0.,0.));
#9599=DIRECTION('center_axis',(0.,0.,-1.));
#9600=DIRECTION('ref_axis',(1.,0.,0.));
#9601=DIRECTION('center_axis',(0.,0.,1.));
#9602=DIRECTION('ref_axis',(1.,0.,0.));
#9603=DIRECTION('center_axis',(0.,0.,1.));
#9604=DIRECTION('ref_axis',(1.,0.,0.));
#9605=DIRECTION('',(0.,0.,1.));
#9606=DIRECTION('center_axis',(0.,0.,1.));
#9607=DIRECTION('ref_axis',(1.,0.,0.));
#9608=DIRECTION('center_axis',(0.,0.,-1.));
#9609=DIRECTION('ref_axis',(1.,0.,0.));
#9610=DIRECTION('center_axis',(0.,0.,1.));
#9611=DIRECTION('ref_axis',(1.,0.,0.));
#9612=DIRECTION('center_axis',(0.,0.,1.));
#9613=DIRECTION('ref_axis',(1.,0.,0.));
#9614=DIRECTION('',(0.,0.,1.));
#9615=DIRECTION('center_axis',(0.,0.,1.));
#9616=DIRECTION('ref_axis',(1.,0.,0.));
#9617=DIRECTION('center_axis',(0.,0.,-1.));
#9618=DIRECTION('ref_axis',(1.,0.,0.));
#9619=DIRECTION('center_axis',(0.,0.,1.));
#9620=DIRECTION('ref_axis',(1.,0.,0.));
#9621=DIRECTION('center_axis',(0.,0.,1.));
#9622=DIRECTION('ref_axis',(1.,0.,0.));
#9623=DIRECTION('',(0.,0.,1.));
#9624=DIRECTION('center_axis',(0.,0.,1.));
#9625=DIRECTION('ref_axis',(1.,0.,0.));
#9626=DIRECTION('center_axis',(0.,0.,-1.));
#9627=DIRECTION('ref_axis',(1.,0.,0.));
#9628=DIRECTION('center_axis',(0.,0.,1.));
#9629=DIRECTION('ref_axis',(1.,0.,0.));
#9630=DIRECTION('center_axis',(0.,0.,1.));
#9631=DIRECTION('ref_axis',(1.,0.,0.));
#9632=DIRECTION('',(0.,0.,1.));
#9633=DIRECTION('center_axis',(0.,0.,1.));
#9634=DIRECTION('ref_axis',(1.,0.,0.));
#9635=DIRECTION('center_axis',(0.,0.,-1.));
#9636=DIRECTION('ref_axis',(1.,0.,0.));
#9637=DIRECTION('center_axis',(0.,1.,0.));
#9638=DIRECTION('ref_axis',(-0.707106781186547,0.,0.707106781186547));
#9639=DIRECTION('center_axis',(0.,-1.,0.));
#9640=DIRECTION('ref_axis',(-0.707106781186547,0.,0.707106781186547));
#9641=DIRECTION('',(0.,-1.,0.));
#9642=DIRECTION('center_axis',(0.,1.,0.));
#9643=DIRECTION('ref_axis',(-0.707106781186547,0.,0.707106781186547));
#9644=DIRECTION('',(0.,1.,0.));
#9645=DIRECTION('center_axis',(0.,1.,0.));
#9646=DIRECTION('ref_axis',(-0.707106781186547,0.,0.707106781186547));
#9647=DIRECTION('',(0.,1.,0.));
#9648=DIRECTION('center_axis',(0.,0.,1.));
#9649=DIRECTION('ref_axis',(1.,0.,0.));
#9650=DIRECTION('',(1.,0.,0.));
#9651=DIRECTION('',(0.,1.,0.));
#9652=DIRECTION('',(1.,0.,0.));
#9653=DIRECTION('center_axis',(0.,-1.,0.));
#9654=DIRECTION('ref_axis',(1.,0.,0.));
#9655=DIRECTION('',(0.,0.,-1.));
#9656=DIRECTION('',(-1.,0.,0.));
#9657=DIRECTION('',(0.,0.,1.));
#9658=DIRECTION('center_axis',(1.,0.,0.));
#9659=DIRECTION('ref_axis',(0.,1.,0.));
#9660=DIRECTION('',(0.,0.,1.));
#9661=DIRECTION('',(0.,-1.,0.));
#9662=DIRECTION('',(0.,-1.,0.));
#9663=DIRECTION('',(0.,0.,1.));
#9664=DIRECTION('',(0.,-1.,0.));
#9665=DIRECTION('center_axis',(0.,0.,1.));
#9666=DIRECTION('ref_axis',(1.,0.,0.));
#9667=DIRECTION('',(1.,0.,0.));
#9668=DIRECTION('',(0.,-1.,0.));
#9669=DIRECTION('',(-1.,0.,0.));
#9670=DIRECTION('center_axis',(0.,1.,0.));
#9671=DIRECTION('ref_axis',(0.707106781186547,0.,0.707106781186547));
#9672=DIRECTION('center_axis',(0.,-1.,0.));
#9673=DIRECTION('ref_axis',(0.707106781186547,0.,0.707106781186547));
#9674=DIRECTION('',(0.,-1.,0.));
#9675=DIRECTION('center_axis',(0.,1.,0.));
#9676=DIRECTION('ref_axis',(0.707106781186547,0.,0.707106781186547));
#9677=DIRECTION('',(0.,1.,0.));
#9678=DIRECTION('center_axis',(0.,-1.,0.));
#9679=DIRECTION('ref_axis',(1.,0.,0.));
#9680=DIRECTION('',(1.,0.,0.));
#9681=DIRECTION('center_axis',(0.,1.,0.));
#9682=DIRECTION('ref_axis',(-0.707106781186547,0.,0.707106781186547));
#9683=DIRECTION('',(0.,0.,-1.));
#9684=DIRECTION('center_axis',(0.,-1.,0.));
#9685=DIRECTION('ref_axis',(0.707106781186548,1.66715271976604E-13,-0.707106781186547));
#9686=DIRECTION('',(0.,0.,-1.));
#9687=DIRECTION('',(-1.,0.,0.));
#9688=DIRECTION('',(0.,0.,-1.));
#9689=DIRECTION('center_axis',(0.,1.,0.));
#9690=DIRECTION('ref_axis',(-1.,0.,0.));
#9691=DIRECTION('',(0.615084061219994,0.,0.788461538461527));
#9692=DIRECTION('',(0.615084061219983,0.,-0.788461538461536));
#9693=DIRECTION('center_axis',(0.,1.,0.));
#9694=DIRECTION('ref_axis',(-1.,0.,0.));
#9695=DIRECTION('',(0.615084061219994,0.,0.788461538461528));
#9696=DIRECTION('',(0.615084061219983,0.,-0.788461538461536));
#9697=DIRECTION('center_axis',(0.,0.,1.));
#9698=DIRECTION('ref_axis',(1.,0.,0.));
#9699=DIRECTION('',(-1.,0.,0.));
#9700=DIRECTION('',(0.,1.,0.));
#9701=DIRECTION('center_axis',(1.,0.,0.));
#9702=DIRECTION('ref_axis',(0.,1.,0.));
#9703=DIRECTION('',(0.,-1.,0.));
#9704=DIRECTION('',(0.,0.,1.));
#9705=DIRECTION('center_axis',(0.,1.,0.));
#9706=DIRECTION('ref_axis',(-1.,0.,0.));
#9707=DIRECTION('center_axis',(0.,-1.,0.));
#9708=DIRECTION('ref_axis',(0.707106781186547,0.,0.707106781186547));
#9709=DIRECTION('',(0.,0.,1.));
#9710=DIRECTION('center_axis',(0.,1.,0.));
#9711=DIRECTION('ref_axis',(-0.707106781186547,1.66715271976604E-13,-0.707106781186548));
#9712=DIRECTION('',(1.,0.,0.));
#9713=DIRECTION('center_axis',(0.,1.,0.));
#9714=DIRECTION('ref_axis',(0.707106781186548,1.66715271976604E-13,-0.707106781186547));
#9715=DIRECTION('',(0.,0.,1.));
#9716=DIRECTION('center_axis',(0.,-1.,0.));
#9717=DIRECTION('ref_axis',(-0.707106781186547,0.,0.707106781186547));
#9718=DIRECTION('',(1.,0.,0.));
#9719=DIRECTION('center_axis',(0.,-1.,0.));
#9720=DIRECTION('ref_axis',(-1.,0.,0.));
#9721=DIRECTION('',(-0.615084061219983,0.,0.788461538461536));
#9722=DIRECTION('',(-0.615084061219994,0.,-0.788461538461528));
#9723=DIRECTION('center_axis',(0.,-1.,0.));
#9724=DIRECTION('ref_axis',(-1.,0.,0.));
#9725=DIRECTION('',(-0.615084061219986,0.,0.788461538461534));
#9726=DIRECTION('',(-0.615084061219989,0.,-0.788461538461531));
#9727=DIRECTION('center_axis',(0.,-1.,0.));
#9728=DIRECTION('ref_axis',(-1.,0.,0.));
#9729=DIRECTION('',(-0.615084061219983,0.,0.788461538461536));
#9730=DIRECTION('',(-0.615084061219994,0.,-0.788461538461527));
#9731=DIRECTION('center_axis',(0.,-1.,0.));
#9732=DIRECTION('ref_axis',(-1.,0.,0.));
#9733=DIRECTION('',(-0.615084061219985,0.,0.788461538461534));
#9734=DIRECTION('',(-0.615084061219989,0.,-0.788461538461531));
#9735=DIRECTION('center_axis',(0.,-1.,0.));
#9736=DIRECTION('ref_axis',(-0.707106781186547,0.,0.707106781186547));
#9737=DIRECTION('',(0.,-1.,0.));
#9738=DIRECTION('center_axis',(0.,1.,0.));
#9739=DIRECTION('ref_axis',(0.707106781186547,0.,0.707106781186547));
#9740=DIRECTION('center_axis',(0.,1.,0.));
#9741=DIRECTION('ref_axis',(0.707106781186547,0.,0.707106781186547));
#9742=DIRECTION('',(0.,1.,0.));
#9743=DIRECTION('center_axis',(0.,-1.,0.));
#9744=DIRECTION('ref_axis',(1.,0.,0.));
#9745=DIRECTION('',(0.,0.,-1.));
#9746=DIRECTION('',(-1.,0.,-5.86610984384634E-16));
#9747=DIRECTION('center_axis',(0.,-1.,0.));
#9748=DIRECTION('ref_axis',(-0.707106781186547,1.66715271976604E-13,-0.707106781186548));
#9749=DIRECTION('',(0.,0.,1.));
#9750=DIRECTION('',(0.,0.,1.));
#9751=DIRECTION('center_axis',(0.,1.,0.));
#9752=DIRECTION('ref_axis',(-1.,0.,0.));
#9753=DIRECTION('',(0.615084061219989,0.,0.788461538461531));
#9754=DIRECTION('',(0.615084061219985,0.,-0.788461538461534));
#9755=DIRECTION('center_axis',(0.,1.,0.));
#9756=DIRECTION('ref_axis',(-1.,0.,0.));
#9757=DIRECTION('',(0.615084061219989,0.,0.788461538461531));
#9758=DIRECTION('',(0.615084061219986,0.,-0.788461538461534));
#9759=DIRECTION('center_axis',(1.,0.,0.));
#9760=DIRECTION('ref_axis',(0.,0.,-1.));
#9761=DIRECTION('',(0.,1.,2.35570874646053E-13));
#9762=DIRECTION('center_axis',(1.,0.,0.));
#9763=DIRECTION('ref_axis',(0.,0.,-1.));
#9764=DIRECTION('',(0.,-1.,-2.35570874646053E-13));
#9765=DIRECTION('center_axis',(0.,0.,1.));
#9766=DIRECTION('ref_axis',(1.,0.,0.));
#9767=DIRECTION('',(0.,-1.,0.));
#9768=DIRECTION('center_axis',(0.,0.,1.));
#9769=DIRECTION('ref_axis',(1.,0.,0.));
#9770=DIRECTION('center_axis',(0.,0.,1.));
#9771=DIRECTION('ref_axis',(1.,0.,0.));
#9772=DIRECTION('',(0.,0.,1.));
#9773=DIRECTION('center_axis',(0.,-1.,-2.35570874646053E-13));
#9774=DIRECTION('ref_axis',(-0.707106781186547,1.66715271976604E-13,-0.707106781186548));
#9775=DIRECTION('',(0.,1.,2.35570874646053E-13));
#9776=DIRECTION('center_axis',(5.86610984384634E-16,2.35570874646053E-13,
-1.));
#9777=DIRECTION('ref_axis',(-1.,4.78540138334038E-15,-5.86610984383507E-16));
#9778=DIRECTION('',(4.77395900588818E-15,1.,2.35570874646053E-13));
#9779=DIRECTION('',(1.,-4.76251662843626E-15,5.86610984383512E-16));
#9780=DIRECTION('',(-4.89642368580292E-15,-1.,-2.35570874646053E-13));
#9781=DIRECTION('',(-1.,4.90320942924712E-15,-5.86610984383479E-16));
#9782=DIRECTION('',(4.89642368580292E-15,1.,2.35570874646053E-13));
#9783=DIRECTION('',(-1.,5.13234607853574E-15,-5.86610984383425E-16));
#9784=DIRECTION('',(-4.65149432597345E-15,-1.,-2.35570874646053E-13));
#9785=DIRECTION('',(-1.,4.64470858252952E-15,-5.8661098438354E-16));
#9786=DIRECTION('',(4.65149432597345E-15,1.,2.35570874646053E-13));
#9787=DIRECTION('',(1.,-4.76251662843626E-15,5.86610984383512E-16));
#9788=DIRECTION('',(4.77395900588818E-15,1.,2.35570874646053E-13));
#9789=DIRECTION('',(0.,-1.,-2.35570874646053E-13));
#9790=DIRECTION('center_axis',(0.,1.,2.35570874646053E-13));
#9791=DIRECTION('ref_axis',(0.707106781186548,1.66715271976604E-13,-0.707106781186547));
#9792=DIRECTION('center_axis',(0.,1.,0.));
#9793=DIRECTION('ref_axis',(-1.,0.,0.));
#9794=DIRECTION('',(1.,0.,0.));
#9795=DIRECTION('',(-1.,0.,0.));
#9796=DIRECTION('',(0.,0.,1.));
#9797=DIRECTION('center_axis',(0.,0.,1.));
#9798=DIRECTION('ref_axis',(1.,0.,0.));
#9799=DIRECTION('',(0.,-1.,0.));
#9800=DIRECTION('center_axis',(0.,0.,-1.));
#9801=DIRECTION('ref_axis',(1.,0.,0.));
#9802=DIRECTION('center_axis',(0.,0.,-1.));
#9803=DIRECTION('ref_axis',(1.,0.,0.));
#9804=DIRECTION('center_axis',(0.,0.,-1.));
#9805=DIRECTION('ref_axis',(1.,0.,0.));
#9806=DIRECTION('center_axis',(0.,-1.,0.));
#9807=DIRECTION('ref_axis',(-0.877895572914384,0.,-0.478852130680573));
#9808=DIRECTION('',(0.,1.,0.));
#9809=DIRECTION('',(0.,-1.,0.));
#9810=DIRECTION('center_axis',(-0.877895572914384,0.,-0.478852130680573));
#9811=DIRECTION('ref_axis',(-0.478852130680573,0.,0.877895572914384));
#9812=DIRECTION('',(0.,1.,0.));
#9813=DIRECTION('center_axis',(0.,1.,0.));
#9814=DIRECTION('ref_axis',(-1.,0.,1.56604574843271E-8));
#9815=DIRECTION('',(0.,-1.,0.));
#9816=DIRECTION('center_axis',(0.,1.,0.));
#9817=DIRECTION('ref_axis',(0.998791079309513,0.,0.0491566871517843));
#9818=DIRECTION('',(0.,1.,0.));
#9819=DIRECTION('',(0.,-1.,0.));
#9820=DIRECTION('center_axis',(0.826632258782784,0.,0.562742488834523));
#9821=DIRECTION('ref_axis',(0.562742488834523,0.,-0.826632258782784));
#9822=DIRECTION('',(0.,-1.,0.));
#9823=DIRECTION('center_axis',(0.,-1.,0.));
#9824=DIRECTION('ref_axis',(-0.88395206002207,0.,0.467577539647424));
#9825=DIRECTION('center_axis',(0.,1.,0.));
#9826=DIRECTION('ref_axis',(0.859898877245767,0.,0.510464416890609));
#9827=DIRECTION('',(0.,-1.,0.));
#9828=DIRECTION('',(0.,1.,0.));
#9829=DIRECTION('center_axis',(0.,0.,1.));
#9830=DIRECTION('ref_axis',(0.,-1.,0.));
#9831=DIRECTION('',(0.,1.,0.));
#9832=DIRECTION('center_axis',(-0.877895557916297,0.,0.478852158177065));
#9833=DIRECTION('ref_axis',(0.478852158177065,0.,0.877895557916297));
#9834=DIRECTION('center_axis',(0.877895572914385,0.,-0.478852130680573));
#9835=DIRECTION('ref_axis',(-0.478852130680573,0.,-0.877895572914385));
#9836=DIRECTION('center_axis',(-0.738095238095166,0.,0.674696538824115));
#9837=DIRECTION('ref_axis',(0.674696538824115,0.,0.738095238095166));
#9838=DIRECTION('',(0.,1.,0.));
#9839=DIRECTION('',(0.,-1.,0.));
#9840=DIRECTION('center_axis',(-0.738095238095166,0.,0.674696538824115));
#9841=DIRECTION('ref_axis',(0.674696538824115,0.,0.738095238095166));
#9842=DIRECTION('',(0.,1.,0.));
#9843=DIRECTION('',(0.,-1.,0.));
#9844=DIRECTION('center_axis',(-0.738095238095166,0.,0.674696538824115));
#9845=DIRECTION('ref_axis',(0.674696538824115,0.,0.738095238095166));
#9846=DIRECTION('',(0.,1.,0.));
#9847=DIRECTION('',(0.,-1.,0.));
#9848=DIRECTION('center_axis',(0.738095238095165,0.,0.674696538824116));
#9849=DIRECTION('ref_axis',(0.674696538824116,0.,-0.738095238095165));
#9850=DIRECTION('',(0.,-1.,0.));
#9851=DIRECTION('',(0.,1.,0.));
#9852=DIRECTION('center_axis',(1.,0.,0.));
#9853=DIRECTION('ref_axis',(0.,0.,-1.));
#9854=DIRECTION('center_axis',(0.,1.,0.));
#9855=DIRECTION('ref_axis',(1.83758917935762E-15,0.,-1.));
#9856=DIRECTION('',(0.,1.,0.));
#9857=DIRECTION('center_axis',(0.738095238095164,0.,0.674696538824117));
#9858=DIRECTION('ref_axis',(0.674696538824117,0.,-0.738095238095164));
#9859=DIRECTION('center_axis',(0.,1.,0.));
#9860=DIRECTION('ref_axis',(3.16985680890781E-15,0.,-1.));
#9861=DIRECTION('',(0.,1.,0.));
#9862=DIRECTION('center_axis',(0.738095238095164,0.,0.674696538824117));
#9863=DIRECTION('ref_axis',(0.674696538824117,0.,-0.738095238095164));
#9864=DIRECTION('center_axis',(0.,1.,0.));
#9865=DIRECTION('ref_axis',(1.61554457443259E-15,0.,-1.));
#9866=DIRECTION('',(0.,1.,0.));
#9867=DIRECTION('center_axis',(0.738095238095165,0.,0.674696538824116));
#9868=DIRECTION('ref_axis',(0.674696538824116,0.,-0.738095238095165));
#9869=DIRECTION('center_axis',(-0.738095238095166,0.,0.674696538824115));
#9870=DIRECTION('ref_axis',(0.674696538824115,0.,0.738095238095166));
#9871=DIRECTION('',(0.,1.,0.));
#9872=DIRECTION('center_axis',(0.,1.,0.));
#9873=DIRECTION('ref_axis',(2.72576759905774E-15,0.,-1.));
#9874=DIRECTION('center_axis',(0.,0.,-1.));
#9875=DIRECTION('ref_axis',(1.,0.,0.));
#9876=DIRECTION('',(0.,0.,-1.));
#9877=DIRECTION('center_axis',(0.,0.,-1.));
#9878=DIRECTION('ref_axis',(1.,0.,0.));
#9879=DIRECTION('center_axis',(0.,0.,-1.));
#9880=DIRECTION('ref_axis',(1.,0.,0.));
#9881=DIRECTION('center_axis',(0.,0.,-1.));
#9882=DIRECTION('ref_axis',(1.,0.,0.));
#9883=DIRECTION('',(0.,0.,-1.));
#9884=DIRECTION('center_axis',(0.,0.,-1.));
#9885=DIRECTION('ref_axis',(1.,0.,0.));
#9886=DIRECTION('center_axis',(0.,0.,-1.));
#9887=DIRECTION('ref_axis',(1.,0.,0.));
#9888=DIRECTION('center_axis',(0.,0.,-1.));
#9889=DIRECTION('ref_axis',(1.,0.,0.));
#9890=DIRECTION('',(0.,0.,-1.));
#9891=DIRECTION('center_axis',(0.,0.,-1.));
#9892=DIRECTION('ref_axis',(1.,0.,0.));
#9893=DIRECTION('center_axis',(0.,0.,-1.));
#9894=DIRECTION('ref_axis',(1.,0.,0.));
#9895=DIRECTION('center_axis',(-1.,0.,0.));
#9896=DIRECTION('ref_axis',(0.,1.,0.));
#9897=DIRECTION('center_axis',(-1.,0.,0.));
#9898=DIRECTION('ref_axis',(0.,1.,0.));
#9899=DIRECTION('',(-1.,0.,0.));
#9900=DIRECTION('center_axis',(-1.,0.,0.));
#9901=DIRECTION('ref_axis',(0.,1.,0.));
#9902=DIRECTION('center_axis',(1.,0.,0.));
#9903=DIRECTION('ref_axis',(0.,1.,0.));
#9904=DIRECTION('center_axis',(-1.,0.,0.));
#9905=DIRECTION('ref_axis',(0.,1.,0.));
#9906=DIRECTION('center_axis',(-1.,0.,0.));
#9907=DIRECTION('ref_axis',(0.,1.,0.));
#9908=DIRECTION('',(-1.,0.,0.));
#9909=DIRECTION('center_axis',(-1.,0.,0.));
#9910=DIRECTION('ref_axis',(0.,1.,0.));
#9911=DIRECTION('center_axis',(1.,0.,0.));
#9912=DIRECTION('ref_axis',(0.,1.,0.));
#9913=DIRECTION('center_axis',(-1.,0.,0.));
#9914=DIRECTION('ref_axis',(0.,1.,0.));
#9915=DIRECTION('center_axis',(-1.,0.,0.));
#9916=DIRECTION('ref_axis',(0.,1.,0.));
#9917=DIRECTION('',(-1.,0.,0.));
#9918=DIRECTION('center_axis',(-1.,0.,0.));
#9919=DIRECTION('ref_axis',(0.,1.,0.));
#9920=DIRECTION('center_axis',(1.,0.,0.));
#9921=DIRECTION('ref_axis',(0.,1.,0.));
#9922=DIRECTION('center_axis',(-1.,0.,0.));
#9923=DIRECTION('ref_axis',(0.,1.,0.));
#9924=DIRECTION('center_axis',(-1.,0.,0.));
#9925=DIRECTION('ref_axis',(0.,1.,0.));
#9926=DIRECTION('',(-1.,0.,0.));
#9927=DIRECTION('center_axis',(-1.,0.,0.));
#9928=DIRECTION('ref_axis',(0.,1.,0.));
#9929=DIRECTION('center_axis',(1.,0.,0.));
#9930=DIRECTION('ref_axis',(0.,1.,0.));
#9931=DIRECTION('center_axis',(-1.,0.,0.));
#9932=DIRECTION('ref_axis',(0.,1.,0.));
#9933=DIRECTION('center_axis',(-1.,0.,0.));
#9934=DIRECTION('ref_axis',(0.,1.,0.));
#9935=DIRECTION('',(-1.,0.,0.));
#9936=DIRECTION('center_axis',(-1.,0.,0.));
#9937=DIRECTION('ref_axis',(0.,1.,0.));
#9938=DIRECTION('center_axis',(1.,0.,0.));
#9939=DIRECTION('ref_axis',(0.,1.,0.));
#9940=DIRECTION('center_axis',(-1.,0.,0.));
#9941=DIRECTION('ref_axis',(0.,1.,0.));
#9942=DIRECTION('center_axis',(-1.,0.,0.));
#9943=DIRECTION('ref_axis',(0.,1.,0.));
#9944=DIRECTION('',(-1.,0.,0.));
#9945=DIRECTION('center_axis',(-1.,0.,0.));
#9946=DIRECTION('ref_axis',(0.,1.,0.));
#9947=DIRECTION('center_axis',(1.,0.,0.));
#9948=DIRECTION('ref_axis',(0.,1.,0.));
#9949=DIRECTION('center_axis',(-1.,0.,0.));
#9950=DIRECTION('ref_axis',(0.,1.,0.));
#9951=DIRECTION('center_axis',(-1.,0.,0.));
#9952=DIRECTION('ref_axis',(0.,1.,0.));
#9953=DIRECTION('',(-1.,0.,0.));
#9954=DIRECTION('center_axis',(-1.,0.,0.));
#9955=DIRECTION('ref_axis',(0.,1.,0.));
#9956=DIRECTION('center_axis',(1.,0.,0.));
#9957=DIRECTION('ref_axis',(0.,1.,0.));
#9958=DIRECTION('center_axis',(-1.,0.,0.));
#9959=DIRECTION('ref_axis',(0.,1.,0.));
#9960=DIRECTION('center_axis',(-1.,0.,0.));
#9961=DIRECTION('ref_axis',(0.,1.,0.));
#9962=DIRECTION('',(-1.,0.,0.));
#9963=DIRECTION('center_axis',(-1.,0.,0.));
#9964=DIRECTION('ref_axis',(0.,1.,0.));
#9965=DIRECTION('center_axis',(1.,0.,0.));
#9966=DIRECTION('ref_axis',(0.,1.,0.));
#9967=DIRECTION('center_axis',(0.,-1.,0.));
#9968=DIRECTION('ref_axis',(6.8221504127186E-15,0.,-1.));
#9969=DIRECTION('',(0.,-1.,0.));
#9970=DIRECTION('',(0.,-1.,0.));
#9971=DIRECTION('center_axis',(-0.788461538461527,0.,0.615084061219994));
#9972=DIRECTION('ref_axis',(-0.615084061219994,0.,-0.788461538461527));
#9973=DIRECTION('',(0.,-1.,0.));
#9974=DIRECTION('center_axis',(0.788461538461536,0.,0.615084061219983));
#9975=DIRECTION('ref_axis',(-0.615084061219983,0.,0.788461538461536));
#9976=DIRECTION('center_axis',(-0.788461538461531,0.,0.615084061219989));
#9977=DIRECTION('ref_axis',(-0.615084061219989,0.,-0.788461538461531));
#9978=DIRECTION('',(0.,-1.,0.));
#9979=DIRECTION('',(0.,-1.,0.));
#9980=DIRECTION('center_axis',(0.788461538461534,0.,0.615084061219985));
#9981=DIRECTION('ref_axis',(-0.615084061219985,0.,0.788461538461534));
#9982=DIRECTION('',(0.,-1.,0.));
#9983=DIRECTION('center_axis',(0.,-1.,0.));
#9984=DIRECTION('ref_axis',(-7.27366154732461E-16,0.,-1.));
#9985=DIRECTION('',(0.,-1.,0.));
#9986=DIRECTION('',(0.,-1.,0.));
#9987=DIRECTION('center_axis',(-0.788461538461531,0.,0.615084061219989));
#9988=DIRECTION('ref_axis',(-0.615084061219989,0.,-0.788461538461531));
#9989=DIRECTION('',(0.,-1.,0.));
#9990=DIRECTION('center_axis',(0.788461538461534,0.,0.615084061219986));
#9991=DIRECTION('ref_axis',(-0.615084061219986,0.,0.788461538461534));
#9992=DIRECTION('center_axis',(-0.788461538461528,0.,0.615084061219994));
#9993=DIRECTION('ref_axis',(-0.615084061219994,0.,-0.788461538461528));
#9994=DIRECTION('',(0.,-1.,0.));
#9995=DIRECTION('',(0.,-1.,0.));
#9996=DIRECTION('center_axis',(0.788461538461536,0.,0.615084061219983));
#9997=DIRECTION('ref_axis',(-0.615084061219983,0.,0.788461538461536));
#9998=DIRECTION('',(0.,-1.,0.));
#9999=DIRECTION('center_axis',(-1.,0.,0.));
#10000=DIRECTION('ref_axis',(0.,0.,-1.));
#10001=DIRECTION('',(0.,-3.40422134925691E-14,1.));
#10002=DIRECTION('',(0.,1.,3.40536558700161E-14));
#10003=DIRECTION('',(0.,3.40422134925691E-14,-1.));
#10004=DIRECTION('center_axis',(-4.76251662843613E-15,-1.,-2.35570874646053E-13));
#10005=DIRECTION('ref_axis',(-5.27630386198996E-16,2.35570874646053E-13,
-1.));
#10006=DIRECTION('',(-2.94902990928193E-17,-2.35570874646053E-13,1.));
#10007=DIRECTION('',(2.94902990928193E-17,2.35570874646053E-13,-1.));
#10008=DIRECTION('',(-0.707106781189618,1.70202879627092E-13,-0.707106781183477));
#10009=DIRECTION('',(2.9490299092788E-17,2.35570874646053E-13,-1.));
#10010=DIRECTION('',(-1.,4.762516628436E-15,5.27630386200118E-16));
#10011=DIRECTION('',(-5.81132364446604E-16,2.35570874646053E-13,-1.));
#10012=DIRECTION('',(-1.,5.13234607853548E-15,5.27630386200205E-16));
#10013=DIRECTION('',(5.81132364446604E-16,-2.35570874646053E-13,1.));
#10014=DIRECTION('',(-1.,4.41557193324064E-15,5.27630386200036E-16));
#10015=DIRECTION('',(-2.9490299092788E-17,-2.35570874646053E-13,1.));
#10016=DIRECTION('',(-0.70710678118963,-1.62944646196E-13,0.707106781183465));
#10017=DIRECTION('',(-0.70710678118963,1.70202879627089E-13,-0.707106781183465));
#10018=DIRECTION('',(2.94902990928505E-17,2.35570874646053E-13,-1.));
#10019=DIRECTION('',(1.,-5.13234607853574E-15,5.86610984383425E-16));
#10020=DIRECTION('',(-6.40112962632242E-16,-2.35570874646053E-13,1.));
#10021=DIRECTION('',(-1.,5.13234607853574E-15,-5.86610984383425E-16));
#10022=DIRECTION('',(6.40112962632242E-16,2.35570874646053E-13,-1.));
#10023=DIRECTION('',(1.,-4.78540138334038E-15,5.86610984383507E-16));
#10024=DIRECTION('',(-2.94902990928505E-17,-2.35570874646053E-13,1.));
#10025=DIRECTION('',(-0.707106781189641,-1.62944646195997E-13,0.707106781183454));
#10026=DIRECTION('center_axis',(1.,-4.77395900588819E-15,2.94902990916947E-17));
#10027=DIRECTION('ref_axis',(-2.94902990916009E-17,1.96509475358656E-14,
1.));
#10028=DIRECTION('center_axis',(0.707106781183454,-1.70036057304778E-13,
0.707106781189641));
#10029=DIRECTION('ref_axis',(-0.707106781189641,1.72710170454758E-14,0.707106781183454));
#10030=DIRECTION('',(4.89642368580292E-15,1.,2.35570874646053E-13));
#10031=DIRECTION('',(0.707106781189641,1.63106670274528E-13,-0.707106781183454));
#10032=DIRECTION('center_axis',(1.,-4.89642368580293E-15,2.94902990916971E-17));
#10033=DIRECTION('ref_axis',(2.94902990916009E-17,-1.96509475358656E-14,
-1.));
#10034=DIRECTION('',(3.44144160132686E-15,0.707106781186576,0.707106781186519));
#10035=DIRECTION('',(4.89642368580292E-15,1.,2.35570874646053E-13));
#10036=DIRECTION('',(-2.94902990928505E-17,-2.35570874646053E-13,1.));
#10037=DIRECTION('',(3.4414416013259E-15,0.707106781186381,0.707106781186714));
#10038=DIRECTION('',(-2.94902990928505E-17,-2.35570874646053E-13,1.));
#10039=DIRECTION('center_axis',(5.86610984384634E-16,2.35570874646053E-13,
-1.));
#10040=DIRECTION('ref_axis',(-1.,4.78540138334038E-15,-5.86610984383507E-16));
#10041=DIRECTION('',(-0.707106781186545,0.70710678118655,1.66158966307294E-13));
#10042=DIRECTION('',(-4.78540138334024E-15,-1.,-2.35570874646053E-13));
#10043=DIRECTION('',(1.,0.,5.86610984384634E-16));
#10044=DIRECTION('',(-4.78540138334024E-15,-1.,-2.35570874646053E-13));
#10045=DIRECTION('',(-0.70710678118655,-0.707106781186545,-1.66988559517247E-13));
#10046=DIRECTION('center_axis',(-0.707106781183465,-1.63111468521218E-13,
0.70710678118963));
#10047=DIRECTION('ref_axis',(-0.70710678118963,-1.05196194731063E-14,-0.707106781183465));
#10048=DIRECTION('',(0.70710678118963,-1.70040855548558E-13,0.707106781183465));
#10049=DIRECTION('',(-4.89642368580292E-15,-1.,-2.35570874646053E-13));
#10050=DIRECTION('center_axis',(-1.,4.89642368580293E-15,-2.94902990916971E-17));
#10051=DIRECTION('ref_axis',(-2.94902990916009E-17,1.96509475358656E-14,
1.));
#10052=DIRECTION('',(2.94902990928505E-17,2.35570874646053E-13,-1.));
#10053=DIRECTION('',(-3.4414416013259E-15,-0.707106781186381,-0.707106781186714));
#10054=DIRECTION('',(2.94902990928505E-17,2.35570874646053E-13,-1.));
#10055=DIRECTION('',(-4.89642368580292E-15,-1.,-2.35570874646053E-13));
#10056=DIRECTION('',(-3.44144160132588E-15,-0.707106781186377,-0.707106781186718));
#10057=DIRECTION('center_axis',(0.707106781183465,-1.69862866093529E-13,
0.70710678118963));
#10058=DIRECTION('ref_axis',(-0.70710678118963,1.7271017045476E-14,0.707106781183465));
#10059=DIRECTION('',(4.65149432597345E-15,1.,2.35570874646053E-13));
#10060=DIRECTION('',(0.70710678118963,1.63289457976188E-13,-0.707106781183465));
#10061=DIRECTION('center_axis',(-0.707106781183477,-1.63284659732462E-13,
0.707106781189618));
#10062=DIRECTION('ref_axis',(-0.707106781189618,-1.05196194731065E-14,-0.707106781183477));
#10063=DIRECTION('',(0.707106781189618,-1.69858067846903E-13,0.707106781183477));
#10064=DIRECTION('',(-4.65149432597345E-15,-1.,-2.35570874646053E-13));
#10065=DIRECTION('center_axis',(1.,-4.65149432597346E-15,2.94902990916923E-17));
#10066=DIRECTION('ref_axis',(2.94902990916009E-17,-1.96509475358656E-14,
-1.));
#10067=DIRECTION('',(-2.9490299092788E-17,-2.35570874646053E-13,1.));
#10068=DIRECTION('',(3.26825039007885E-15,0.707106781186381,0.707106781186714));
#10069=DIRECTION('',(-2.9490299092788E-17,-2.35570874646053E-13,1.));
#10070=DIRECTION('',(4.65149432597345E-15,1.,2.35570874646053E-13));
#10071=DIRECTION('',(3.26825039007976E-15,0.707106781186576,0.707106781186519));
#10072=DIRECTION('center_axis',(-4.90320942924698E-15,-1.,-2.35570874646053E-13));
#10073=DIRECTION('ref_axis',(-1.,4.90320942924714E-15,-6.40112962631087E-16));
#10074=DIRECTION('',(1.,-4.78540138334039E-15,6.40112962631115E-16));
#10075=DIRECTION('',(-1.,4.90320942924711E-15,-5.22304916724343E-16));
#10076=DIRECTION('',(1.,-4.78540138334039E-15,6.40112962631115E-16));
#10077=DIRECTION('center_axis',(-1.,4.76251662843599E-15,5.81132364447725E-16));
#10078=DIRECTION('ref_axis',(5.81132364446604E-16,-2.35570874646053E-13,
1.));
#10079=DIRECTION('',(5.81132364446604E-16,-2.35570874646053E-13,1.));
#10080=DIRECTION('',(4.76251662843613E-15,1.,2.35570874646053E-13));
#10081=DIRECTION('',(5.27630386198996E-16,-2.35570874646053E-13,1.));
#10082=DIRECTION('',(4.76251662843613E-15,1.,2.35429264566381E-13));
#10083=DIRECTION('center_axis',(5.27630386198996E-16,-2.35429264566381E-13,
1.));
#10084=DIRECTION('ref_axis',(-4.76251662843613E-15,-1.,-2.35429264566381E-13));
#10085=DIRECTION('',(-0.707106781186544,0.707106781186551,1.66846720488692E-13));
#10086=DIRECTION('',(-1.,4.76251662843599E-15,5.81132364447726E-16));
#10087=DIRECTION('',(4.76251662843613E-15,1.,2.35429264566381E-13));
#10088=DIRECTION('center_axis',(-4.76251662843613E-15,-1.,-2.35570874646053E-13));
#10089=DIRECTION('ref_axis',(-5.27630386198996E-16,2.35570874646053E-13,
-1.));
#10090=DIRECTION('',(0.707106781186544,-1.69941370715752E-13,0.707106781186551));
#10091=DIRECTION('',(5.27630386198996E-16,-2.35570874646053E-13,1.));
#10092=DIRECTION('center_axis',(-4.76251662843613E-15,-1.,-2.35570874646053E-13));
#10093=DIRECTION('ref_axis',(-5.27630386198996E-16,2.35570874646053E-13,
-1.));
#10094=DIRECTION('',(5.27630386198996E-16,-2.35570874646053E-13,1.));
#10095=DIRECTION('',(-1.,4.76251662843599E-15,5.81132364447726E-16));
#10096=DIRECTION('',(5.27630386198996E-16,-2.35570874646053E-13,1.));
#10097=DIRECTION('',(-1.,4.76251662843599E-15,5.81132364447726E-16));
#10098=DIRECTION('center_axis',(-1.,4.76251662843599E-15,5.81132364447725E-16));
#10099=DIRECTION('ref_axis',(5.81132364446604E-16,-2.35570874646053E-13,
1.));
#10100=DIRECTION('',(5.27630386198996E-16,-2.35570874646053E-13,1.));
#10101=DIRECTION('',(3.74069882752227E-15,0.707106781186382,0.707106781186714));
#10102=DIRECTION('',(-4.64470858252938E-15,-1.,-2.35570874646053E-13));
#10103=DIRECTION('',(-4.76251662843613E-15,-1.,-2.35570874646053E-13));
#10104=DIRECTION('center_axis',(-5.27630386198996E-16,2.35570874646053E-13,
-1.));
#10105=DIRECTION('ref_axis',(-4.76251662843613E-15,-1.,-2.35570874646053E-13));
#10106=DIRECTION('',(-4.41557193324077E-15,-1.,-2.35570874646053E-13));
#10107=DIRECTION('',(1.,-4.41557193324063E-15,-5.81132364447644E-16));
#10108=DIRECTION('center_axis',(0.707106781186551,1.63206155108789E-13,
-0.707106781186544));
#10109=DIRECTION('ref_axis',(0.707106781186544,1.05196194731816E-14,0.707106781186551));
#10110=DIRECTION('',(0.577350269189621,-0.577350269189763,0.577350269189493));
#10111=DIRECTION('',(-0.577350269189519,-0.577350269189701,-0.577350269189657));
#10112=DIRECTION('',(-4.76251662843613E-15,-1.,-2.35570874646053E-13));
#10113=DIRECTION('',(-0.707106781186544,1.69696043769082E-13,-0.707106781186551));
#10114=DIRECTION('',(4.76251662843613E-15,1.,2.35570874646053E-13));
#10115=DIRECTION('center_axis',(0.707106781186551,0.707106781186544,1.66162840276602E-13));
#10116=DIRECTION('ref_axis',(-2.54640689817471E-13,1.96509475358668E-14,
1.));
#10117=DIRECTION('',(0.577350269189728,-0.5773502691896,-0.57735026918955));
#10118=DIRECTION('',(5.81132364446604E-16,-2.35570874646053E-13,1.));
#10119=DIRECTION('',(0.707106781186544,-0.707106781186551,-1.66946853936313E-13));
#10120=DIRECTION('center_axis',(-1.,4.76251662843599E-15,5.81132364447725E-16));
#10121=DIRECTION('ref_axis',(5.81132364446604E-16,-2.35570874646053E-13,
1.));
#10122=DIRECTION('',(5.81132364446604E-16,-2.35570874646053E-13,1.));
#10123=DIRECTION('',(-4.64470858252938E-15,-1.,-2.35570874646053E-13));
#10124=DIRECTION('',(5.81132364447725E-16,0.,1.));
#10125=DIRECTION('',(-4.76251662843613E-15,-1.,-2.35570874646053E-13));
#10126=DIRECTION('center_axis',(-2.74918983277015E-15,-0.707106781186714,
0.707106781186381));
#10127=DIRECTION('ref_axis',(-1.,4.44232292236444E-15,5.54381375323846E-16));
#10128=DIRECTION('',(-1.,4.76251662843599E-15,5.81132364447726E-16));
#10129=DIRECTION('',(1.,-4.65149432597346E-15,2.94902990916923E-17));
#10130=DIRECTION('center_axis',(-4.41557193324077E-15,-1.,-2.35570874646053E-13));
#10131=DIRECTION('ref_axis',(-5.27630386198996E-16,2.35570874646053E-13,
-1.));
#10132=DIRECTION('',(1.,-4.76251662843598E-15,1.73472347606385E-18));
#10133=DIRECTION('center_axis',(-5.27630386198996E-16,2.35570874646053E-13,
-1.));
#10134=DIRECTION('ref_axis',(-4.76251662843613E-15,-1.,-2.35570874646053E-13));
#10135=DIRECTION('',(1.,-4.762516628436E-15,-5.27630386200118E-16));
#10136=DIRECTION('center_axis',(2.99451677943846E-15,0.707106781186519,
-0.707106781186576));
#10137=DIRECTION('ref_axis',(1.,-4.7739590058882E-15,-5.39072763652317E-16));
#10138=DIRECTION('center_axis',(5.27630386198996E-16,-2.35570874646053E-13,
1.));
#10139=DIRECTION('ref_axis',(1.,-4.762516628436E-15,-5.27630386200118E-16));
#10140=DIRECTION('',(1.,0.,-5.27630386198996E-16));
#10141=DIRECTION('',(-4.76251662843613E-15,-1.,-2.35570874646053E-13));
#10142=DIRECTION('',(0.707106781186551,0.707106781186544,1.66200671888228E-13));
#10143=DIRECTION('center_axis',(-3.5091831733888E-16,2.35570874646053E-13,
-1.));
#10144=DIRECTION('ref_axis',(-4.76251662843613E-15,-1.,-2.35570874646053E-13));
#10145=DIRECTION('',(-1.,0.,3.5091831733888E-16));
#10146=DIRECTION('',(1.,-4.64470858252927E-15,-4.63324318540954E-16));
#10147=DIRECTION('',(-4.64470858252938E-15,-1.,-2.35570874646053E-13));
#10148=DIRECTION('',(1.,-4.76251662843599E-15,-5.81132364447726E-16));
#10149=DIRECTION('',(-4.64470858252938E-15,-1.,-2.35570874646053E-13));
#10150=DIRECTION('center_axis',(4.64470858252938E-15,1.,2.35570874646053E-13));
#10151=DIRECTION('ref_axis',(1.,-4.64470858252924E-15,-5.81132364447698E-16));
#10152=DIRECTION('',(2.9490299092788E-17,2.35570874646053E-13,-1.));
#10153=DIRECTION('',(-1.,4.76251662843599E-15,5.81132364447726E-16));
#10154=DIRECTION('center_axis',(-1.,4.65149432597346E-15,-2.94902990916923E-17));
#10155=DIRECTION('ref_axis',(-2.94902990916009E-17,1.96509475358656E-14,
1.));
#10156=DIRECTION('',(-3.26825039007883E-15,-0.707106781186377,-0.707106781186718));
#10157=DIRECTION('',(-4.65149432597345E-15,-1.,-2.35570874646053E-13));
#10158=DIRECTION('',(2.9490299092788E-17,2.35570874646053E-13,-1.));
#10159=DIRECTION('',(-3.26825039007885E-15,-0.707106781186381,-0.707106781186714));
#10160=DIRECTION('center_axis',(-1.,4.27557670535478E-15,5.81132364447611E-16));
#10161=DIRECTION('ref_axis',(4.27557670535492E-15,1.,2.35570874646053E-13));
#10162=DIRECTION('',(-5.81132364446604E-16,2.35570874646053E-13,-1.));
#10163=DIRECTION('',(-4.27557670535492E-15,-1.,-2.35429264566381E-13));
#10164=DIRECTION('',(-5.27630386198996E-16,2.35570874646053E-13,-1.));
#10165=DIRECTION('',(-4.27557670535492E-15,-1.,-2.35570874646053E-13));
#10166=DIRECTION('center_axis',(4.76251662843613E-15,1.,2.35570874646053E-13));
#10167=DIRECTION('ref_axis',(1.,-4.76251662843599E-15,-5.81132364447726E-16));
#10168=DIRECTION('',(0.707106781186549,1.63206155108789E-13,-0.707106781186546));
#10169=DIRECTION('',(1.,-4.76251662843599E-15,-5.81132364447726E-16));
#10170=DIRECTION('',(5.27630386198996E-16,-2.35570874646053E-13,1.));
#10171=DIRECTION('center_axis',(-5.27630386198996E-16,2.35429264566381E-13,
-1.));
#10172=DIRECTION('ref_axis',(-4.76251662843613E-15,-1.,-2.35429264566381E-13));
#10173=DIRECTION('',(-0.707106781186551,-0.707106781186544,-1.66100538440608E-13));
#10174=DIRECTION('',(4.76251662843613E-15,1.,2.35429264566381E-13));
#10175=DIRECTION('center_axis',(4.76251662843613E-15,1.,2.35570874646053E-13));
#10176=DIRECTION('ref_axis',(1.,-4.76251662843599E-15,-5.81132364447726E-16));
#10177=DIRECTION('',(-5.27630386198996E-16,2.35570874646053E-13,-1.));
#10178=DIRECTION('',(1.,-4.76251662843599E-15,-5.81132364447726E-16));
#10179=DIRECTION('',(5.27630386198996E-16,-2.35570874646053E-13,1.));
#10180=DIRECTION('center_axis',(-0.707106781186544,0.707106781186551,1.66984685547938E-13));
#10181=DIRECTION('ref_axis',(-2.55802954546367E-13,-1.96509475358647E-14,
-1.));
#10182=DIRECTION('',(0.577350269189629,0.57735026918976,-0.577350269189489));
#10183=DIRECTION('',(0.577350269189627,0.577350269189485,0.577350269189766));
#10184=DIRECTION('',(-5.81132364446604E-16,2.35570874646053E-13,-1.));
#10185=DIRECTION('center_axis',(-0.707106781186546,1.6959705219411E-13,
-0.707106781186549));
#10186=DIRECTION('ref_axis',(0.707106781186549,-1.72710170455218E-14,-0.707106781186546));
#10187=DIRECTION('',(-4.76251662843613E-15,-1.,-2.35083934722972E-13));
#10188=DIRECTION('',(-0.707106781186549,-1.63451482055458E-13,0.707106781186546));
#10189=DIRECTION('',(4.27557670535492E-15,1.,2.35570874646053E-13));
#10190=DIRECTION('',(-0.577350269189627,0.577350269189487,0.577350269189764));
#10191=DIRECTION('center_axis',(-1.,4.76251662843599E-15,5.81132364447725E-16));
#10192=DIRECTION('ref_axis',(5.81132364446604E-16,-2.35570874646053E-13,
1.));
#10193=DIRECTION('',(-5.81132364447725E-16,0.,-1.));
#10194=DIRECTION('',(-4.41557193324077E-15,-1.,-2.35570874646053E-13));
#10195=DIRECTION('',(-5.81132364446604E-16,2.35570874646053E-13,-1.));
#10196=DIRECTION('center_axis',(5.27630386198996E-16,-2.35570874646053E-13,
1.));
#10197=DIRECTION('ref_axis',(1.,-4.762516628436E-15,-5.27630386200118E-16));
#10198=DIRECTION('',(4.27557670535492E-15,1.,2.35570874646053E-13));
#10199=DIRECTION('',(1.,-4.41557193324063E-15,-5.81132364447644E-16));
#10200=DIRECTION('center_axis',(-1.,4.27557670535478E-15,5.81132364447611E-16));
#10201=DIRECTION('ref_axis',(4.27557670535492E-15,1.,2.35570874646053E-13));
#10202=DIRECTION('',(-3.39638030588109E-15,-0.707106781186382,-0.707106781186714));
#10203=DIRECTION('',(5.27630386198996E-16,-2.35570874646053E-13,1.));
#10204=DIRECTION('center_axis',(2.74918983277017E-15,0.707106781186718,
-0.707106781186377));
#10205=DIRECTION('ref_axis',(1.,-4.77395900588821E-15,-8.86017458847776E-16));
#10206=DIRECTION('',(1.,-4.41557193324064E-15,-5.27630386200036E-16));
#10207=DIRECTION('center_axis',(-5.27630386198996E-16,2.35570874646053E-13,
-1.));
#10208=DIRECTION('ref_axis',(-4.76251662843613E-15,-1.,-2.35570874646053E-13));
#10209=DIRECTION('',(1.,-4.65149432597346E-15,2.94902990916923E-17));
#10210=DIRECTION('center_axis',(-4.41557193324077E-15,-1.,-2.35570874646053E-13));
#10211=DIRECTION('ref_axis',(-5.27630386198996E-16,2.35570874646053E-13,
-1.));
#10212=DIRECTION('',(-1.,4.41557193324063E-15,5.81132364447644E-16));
#10213=DIRECTION('center_axis',(-2.74918983277015E-15,-0.707106781186714,
0.707106781186381));
#10214=DIRECTION('ref_axis',(-1.,4.44232292236444E-15,5.54381375323846E-16));
#10215=DIRECTION('center_axis',(-1.,5.2723413064216E-15,-6.40112962631E-16));
#10216=DIRECTION('ref_axis',(5.27234130642145E-15,1.,2.35570874646053E-13));
#10217=DIRECTION('',(6.40112962632242E-16,2.35570874646053E-13,-1.));
#10218=DIRECTION('',(-5.27234130642145E-15,-1.,-2.35570874646053E-13));
#10219=DIRECTION('',(5.86610984384634E-16,2.35570874646053E-13,-1.));
#10220=DIRECTION('',(-5.27234130642145E-15,-1.,-2.35429264566381E-13));
#10221=DIRECTION('center_axis',(-4.78540138334024E-15,-1.,-2.35570874646053E-13));
#10222=DIRECTION('ref_axis',(-1.,4.78540138334039E-15,-6.40112962631115E-16));
#10223=DIRECTION('',(-0.707106781186549,1.69957552681129E-13,-0.707106781186546));
#10224=DIRECTION('',(-5.86610984384634E-16,-2.35570874646053E-13,1.));
#10225=DIRECTION('',(-1.,4.78540138334039E-15,-6.40112962631115E-16));
#10226=DIRECTION('center_axis',(-5.86610984384634E-16,-2.35429264566381E-13,
1.));
#10227=DIRECTION('ref_axis',(-4.78540138334024E-15,-1.,-2.35429264566381E-13));
#10228=DIRECTION('',(0.707106781186545,-0.70710678118655,-1.66058832859674E-13));
#10229=DIRECTION('',(4.78540138334024E-15,1.,2.35429264566381E-13));
#10230=DIRECTION('center_axis',(-4.78540138334024E-15,-1.,-2.35570874646053E-13));
#10231=DIRECTION('ref_axis',(-1.,4.78540138334039E-15,-6.40112962631115E-16));
#10232=DIRECTION('',(5.86610984384634E-16,2.35570874646053E-13,-1.));
#10233=DIRECTION('',(-1.,4.78540138334039E-15,-6.40112962631115E-16));
#10234=DIRECTION('',(-5.86610984384634E-16,-2.35570874646053E-13,1.));
#10235=DIRECTION('',(-1.,4.78540138334039E-15,-6.40112962631115E-16));
#10236=DIRECTION('center_axis',(-0.70710678118655,-0.707106781186545,-1.67026391128872E-13));
#10237=DIRECTION('ref_axis',(2.5586193514455E-13,-1.96509475358671E-14,
-1.));
#10238=DIRECTION('',(-0.577350269189623,0.577350269189765,-0.577350269189488));
#10239=DIRECTION('',(6.40112962632242E-16,2.35570874646053E-13,-1.));
#10240=DIRECTION('',(-0.577350269189621,0.57735026918949,0.577350269189766));
#10241=DIRECTION('center_axis',(-0.707106781186546,-1.6284565462177E-13,
0.707106781186549));
#10242=DIRECTION('ref_axis',(-0.707106781186549,-1.05196194731815E-14,-0.707106781186546));
#10243=DIRECTION('',(0.577350269189633,0.577350269189481,0.577350269189763));
#10244=DIRECTION('',(5.27234130642145E-15,1.,2.35570874646053E-13));
#10245=DIRECTION('',(0.707106781186549,-1.70202879627799E-13,0.707106781186546));
#10246=DIRECTION('',(-4.78540138334024E-15,-1.,-2.35083934722972E-13));
#10247=DIRECTION('center_axis',(-1.,4.78540138334039E-15,-6.40112962631115E-16));
#10248=DIRECTION('ref_axis',(-6.40112962632242E-16,-2.35570874646053E-13,
1.));
#10249=DIRECTION('',(6.40112962632242E-16,2.35570874646053E-13,-1.));
#10250=DIRECTION('',(-5.1323460785356E-15,-1.,-2.35570874646053E-13));
#10251=DIRECTION('',(-4.90320942924699E-15,-1.,-2.35570874646053E-13));
#10252=DIRECTION('',(-6.40112962631115E-16,0.,1.));
#10253=DIRECTION('center_axis',(5.86610984384634E-16,2.35570874646053E-13,
-1.));
#10254=DIRECTION('ref_axis',(-1.,4.78540138334038E-15,-5.86610984383507E-16));
#10255=DIRECTION('',(-1.,5.13234607853575E-15,-6.40112962631034E-16));
#10256=DIRECTION('',(5.27234130642145E-15,1.,2.35570874646053E-13));
#10257=DIRECTION('center_axis',(-1.,5.2723413064216E-15,-6.40112962631E-16));
#10258=DIRECTION('ref_axis',(5.27234130642145E-15,1.,2.35570874646053E-13));
#10259=DIRECTION('',(-4.90320942924699E-15,-1.,-2.35570874646053E-13));
#10260=DIRECTION('',(-5.86610984384634E-16,-2.35570874646053E-13,1.));
#10261=DIRECTION('',(-3.31331168552366E-15,-0.707106781186382,-0.707106781186714));
#10262=DIRECTION('center_axis',(-4.04391332050562E-15,-0.707106781186718,
0.707106781186377));
#10263=DIRECTION('ref_axis',(-1.,4.77395900588817E-15,-9.44998057031165E-16));
#10264=DIRECTION('',(-1.,5.13234607853574E-15,-5.86610984383425E-16));
#10265=DIRECTION('center_axis',(-5.86610984384634E-16,-2.35570874646053E-13,
1.));
#10266=DIRECTION('ref_axis',(-4.78540138334024E-15,-1.,-2.35570874646053E-13));
#10267=DIRECTION('',(-1.,4.89642368580293E-15,-2.94902990916971E-17));
#10268=DIRECTION('center_axis',(5.1323460785356E-15,1.,2.35570874646053E-13));
#10269=DIRECTION('ref_axis',(5.86610984384634E-16,2.35570874646053E-13,
-1.));
#10270=DIRECTION('',(1.,-5.13234607853575E-15,6.40112962631034E-16));
#10271=DIRECTION('center_axis',(4.0439133205056E-15,0.707106781186714,-0.707106781186381));
#10272=DIRECTION('ref_axis',(1.,-5.10559508941194E-15,6.13361973507236E-16));
#10273=DIRECTION('center_axis',(-4.09898915524518E-16,-2.35570874646053E-13,
1.));
#10274=DIRECTION('ref_axis',(-4.78540138334024E-15,-1.,-2.35570874646053E-13));
#10275=DIRECTION('',(-1.,0.,-4.09898915524518E-16));
#10276=DIRECTION('',(-4.90320942924699E-15,-1.,-2.35570874646053E-13));
#10277=DIRECTION('',(1.,-4.78540138334039E-15,6.40112962631115E-16));
#10278=DIRECTION('',(-4.90320942924699E-15,-1.,-2.35570874646053E-13));
#10279=DIRECTION('center_axis',(-1.,4.78540138334039E-15,-6.40112962631115E-16));
#10280=DIRECTION('ref_axis',(-6.40112962632242E-16,-2.35570874646053E-13,
1.));
#10281=DIRECTION('',(-6.40112962632242E-16,-2.35570874646053E-13,1.));
#10282=DIRECTION('',(4.78540138334024E-15,1.,2.35429264566381E-13));
#10283=DIRECTION('',(-5.86610984384634E-16,-2.35570874646053E-13,1.));
#10284=DIRECTION('',(4.78540138334024E-15,1.,2.35570874646053E-13));
#10285=DIRECTION('center_axis',(5.86610984384634E-16,2.35429264566381E-13,
-1.));
#10286=DIRECTION('ref_axis',(-4.78540138334024E-15,-1.,-2.35429264566381E-13));
#10287=DIRECTION('',(0.70710678118655,0.707106781186545,1.66888426069626E-13));
#10288=DIRECTION('',(4.78540138334024E-15,1.,2.35429264566381E-13));
#10289=DIRECTION('',(1.,-4.78540138334039E-15,6.40112962631115E-16));
#10290=DIRECTION('center_axis',(4.78540138334024E-15,1.,2.35570874646053E-13));
#10291=DIRECTION('ref_axis',(5.86610984384634E-16,2.35570874646053E-13,
-1.));
#10292=DIRECTION('',(-0.707106781186544,-1.63189973143412E-13,0.707106781186551));
#10293=DIRECTION('',(-5.86610984384634E-16,-2.35570874646053E-13,1.));
#10294=DIRECTION('center_axis',(4.78540138334024E-15,1.,2.35570874646053E-13));
#10295=DIRECTION('ref_axis',(5.86610984384634E-16,2.35570874646053E-13,
-1.));
#10296=DIRECTION('',(-5.86610984384634E-16,-2.35570874646053E-13,1.));
#10297=DIRECTION('',(1.,-4.78540138334039E-15,6.40112962631115E-16));
#10298=DIRECTION('',(-5.86610984384634E-16,-2.35570874646053E-13,1.));
#10299=DIRECTION('center_axis',(-1.,4.78540138334039E-15,-6.40112962631115E-16));
#10300=DIRECTION('ref_axis',(-6.40112962632242E-16,-2.35570874646053E-13,
1.));
#10301=DIRECTION('',(-5.86610984384634E-16,-2.35570874646053E-13,1.));
#10302=DIRECTION('',(-4.78540138334024E-15,-1.,-2.35570874646053E-13));
#10303=DIRECTION('',(2.96899316388248E-15,0.707106781186382,0.707106781186714));
#10304=DIRECTION('center_axis',(-5.86610984384634E-16,-2.35570874646053E-13,
1.));
#10305=DIRECTION('ref_axis',(-4.78540138334024E-15,-1.,-2.35570874646053E-13));
#10306=DIRECTION('',(-1.,5.13234607853575E-15,-6.40112962631034E-16));
#10307=DIRECTION('',(-5.1323460785356E-15,-1.,-2.35570874646053E-13));
#10308=DIRECTION('center_axis',(0.707106781186551,-1.6995755268113E-13,
0.707106781186544));
#10309=DIRECTION('ref_axis',(-0.707106781186544,1.72710170455219E-14,0.707106781186551));
#10310=DIRECTION('',(-0.577350269189627,-0.577350269189758,0.577350269189493));
#10311=DIRECTION('',(4.78540138334024E-15,1.,2.35570874646053E-13));
#10312=DIRECTION('',(0.707106781186544,1.62944646196742E-13,-0.707106781186551));
#10313=DIRECTION('',(-4.78540138334024E-15,-1.,-2.35570874646053E-13));
#10314=DIRECTION('',(0.577350269189513,-0.577350269189707,-0.577350269189657));
#10315=DIRECTION('center_axis',(0.707106781186545,-0.70710678118655,-1.66121134695668E-13));
#10316=DIRECTION('ref_axis',(2.54581709219287E-13,1.96509475358644E-14,
1.));
#10317=DIRECTION('',(-0.577350269189734,-0.577350269189594,-0.57735026918955));
#10318=DIRECTION('',(-6.40112962632242E-16,-2.35570874646053E-13,1.));
#10319=DIRECTION('center_axis',(-1.,4.78540138334039E-15,-6.40112962631115E-16));
#10320=DIRECTION('ref_axis',(-6.40112962632242E-16,-2.35570874646053E-13,
1.));
#10321=DIRECTION('',(6.40112962631115E-16,0.,-1.));
#10322=DIRECTION('',(-6.40112962632242E-16,-2.35570874646053E-13,1.));
#10323=DIRECTION('center_axis',(4.0439133205056E-15,0.707106781186714,-0.707106781186381));
#10324=DIRECTION('ref_axis',(1.,-5.10559508941194E-15,6.13361973507236E-16));
#10325=DIRECTION('',(-1.,4.89642368580293E-15,-2.94902990916971E-17));
#10326=DIRECTION('center_axis',(5.1323460785356E-15,1.,2.35570874646053E-13));
#10327=DIRECTION('ref_axis',(5.86610984384634E-16,2.35570874646053E-13,
-1.));
#10328=DIRECTION('',(-1.,4.7854013833404E-15,-5.72458747073255E-17));
#10329=DIRECTION('center_axis',(-5.86610984384634E-16,-2.35570874646053E-13,
1.));
#10330=DIRECTION('ref_axis',(-4.78540138334024E-15,-1.,-2.35570874646053E-13));
#10331=DIRECTION('',(-1.,4.78540138334038E-15,-5.86610984383507E-16));
#10332=DIRECTION('center_axis',(-3.79858637383544E-15,-0.707106781186519,
0.707106781186576));
#10333=DIRECTION('ref_axis',(-1.,4.77395900588818E-15,-5.98053361835706E-16));
#10334=DIRECTION('center_axis',(0.,-1.,0.));
#10335=DIRECTION('ref_axis',(1.,0.,0.));
#10336=DIRECTION('center_axis',(0.,-1.,0.));
#10337=DIRECTION('ref_axis',(1.,0.,0.));
#10338=DIRECTION('center_axis',(-1.,1.91989390682179E-14,-2.55379081840477E-13));
#10339=DIRECTION('ref_axis',(1.91989390682092E-14,1.,3.40307711151169E-14));
#10340=DIRECTION('',(2.55379081840477E-13,3.40422134925641E-14,-1.));
#10341=DIRECTION('',(-1.91989390682092E-14,-1.,-3.4053655870021E-14));
#10342=DIRECTION('',(-2.55379081840477E-13,-3.39197488126493E-14,1.));
#10343=DIRECTION('',(1.91989390682092E-14,1.,3.39129630692102E-14));
#10344=DIRECTION('',(2.55379081840477E-13,3.39197488126493E-14,-1.));
#10345=DIRECTION('',(1.91989390682093E-14,1.,3.36838264199215E-14));
#10346=DIRECTION('',(-2.55379081840477E-13,-3.41646781724788E-14,1.));
#10347=DIRECTION('',(1.91989390682092E-14,1.,3.41714639159278E-14));
#10348=DIRECTION('',(2.55379081840477E-13,3.41646781724788E-14,-1.));
#10349=DIRECTION('',(-1.91989390682092E-14,-1.,-3.4053655870021E-14));
#10350=DIRECTION('',(2.55379081840477E-13,3.40422134925641E-14,-1.));
#10351=DIRECTION('center_axis',(-1.9756059753501E-14,-1.,-3.40422134925691E-14));
#10352=DIRECTION('ref_axis',(1.,-1.9756059753501E-14,1.57259658557808E-16));
#10353=DIRECTION('',(-1.,1.97560597535097E-14,-2.55379081840477E-13));
#10354=DIRECTION('center_axis',(0.707106781186562,-3.76390890312243E-14,
0.707106781186533));
#10355=DIRECTION('ref_axis',(1.9187496690757E-14,1.,3.40422134925691E-14));
#10356=DIRECTION('',(-0.57735026918955,0.577350269189723,0.577350269189605));
#10357=DIRECTION('',(-0.57735026918968,-0.577350269189524,0.577350269189673));
#10358=DIRECTION('',(1.91989390682092E-14,1.,3.40307711151169E-14));
#10359=DIRECTION('',(0.707106781186533,1.00152405803458E-14,-0.707106781186562));
#10360=DIRECTION('',(-1.91989390682092E-14,-1.,-3.40307711151169E-14));
#10361=DIRECTION('center_axis',(1.,-1.91989390682179E-14,2.55379081840477E-13));
#10362=DIRECTION('ref_axis',(-2.55379081840477E-13,-3.4030771115112E-14,
1.));
#10363=DIRECTION('',(-2.55379081840477E-13,-3.4030771115112E-14,1.));
#10364=DIRECTION('',(1.97283041778854E-14,1.,3.40307711151169E-14));
#10365=DIRECTION('',(2.55379081840477E-13,3.39197488126493E-14,-1.));
#10366=DIRECTION('center_axis',(2.55379081840477E-13,3.36838264199166E-14,
-1.));
#10367=DIRECTION('ref_axis',(-1.,1.91989390682179E-14,-2.55379081840477E-13));
#10368=DIRECTION('',(1.,-1.97560597535097E-14,2.55379081840477E-13));
#10369=DIRECTION('',(-0.707106781186565,-0.70710678118653,-2.04398342620433E-13));
#10370=DIRECTION('',(1.,-1.91454370899703E-14,2.55379081840477E-13));
#10371=DIRECTION('',(1.91454370899617E-14,1.,3.36838264199215E-14));
#10372=DIRECTION('',(1.,-1.91989390682179E-14,2.55379081840477E-13));
#10373=DIRECTION('',(1.9756059753501E-14,1.,3.39197488126544E-14));
#10374=DIRECTION('center_axis',(-0.707106781186367,3.73937620845579E-14,
-0.707106781186728));
#10375=DIRECTION('ref_axis',(-1.91721880790855E-14,-1.,-3.37105774090453E-14));
#10376=DIRECTION('',(0.707106781186728,1.00152405803354E-14,-0.707106781186367));
#10377=DIRECTION('',(0.707106781186728,1.04876890177788E-14,-0.707106781186367));
#10378=DIRECTION('',(-1.91454370899616E-14,-1.,-3.40307711151169E-14));
#10379=DIRECTION('center_axis',(1.91454370899616E-14,1.,3.40307711151169E-14));
#10380=DIRECTION('ref_axis',(1.,-1.91454370899703E-14,2.55379081840477E-13));
#10381=DIRECTION('',(1.,-1.91454370899703E-14,2.55379081840477E-13));
#10382=DIRECTION('',(-2.55379081840477E-13,-3.4030771115112E-14,1.));
#10383=DIRECTION('',(-1.,1.91454370899616E-14,0.));
#10384=DIRECTION('',(-2.55379081840477E-13,-3.39129630692053E-14,1.));
#10385=DIRECTION('',(1.,-1.91989390682179E-14,2.55379081840477E-13));
#10386=DIRECTION('',(-2.55379081840477E-13,-3.36838264199166E-14,1.));
#10387=DIRECTION('',(2.55379081840477E-13,3.4030771115112E-14,-1.));
#10388=DIRECTION('',(1.,-1.91989390682179E-14,2.55379081840477E-13));
#10389=DIRECTION('',(2.55237471760805E-13,3.4030771115112E-14,-1.));
#10390=DIRECTION('center_axis',(-1.94118148937688E-13,-0.707106781186572,
0.707106781186523));
#10391=DIRECTION('ref_axis',(1.,-2.7436725927188E-13,1.57259658549191E-16));
#10392=DIRECTION('',(-1.,1.91454370899703E-14,-2.55379081840477E-13));
#10393=DIRECTION('',(-1.67004580535879E-13,0.707106781186523,0.707106781186572));
#10394=DIRECTION('',(1.66904447088258E-13,-0.707106781186523,-0.707106781186572));
#10395=DIRECTION('',(1.,-1.91454370899703E-14,2.55379081840477E-13));
#10396=DIRECTION('',(0.577350269189493,0.577350269189593,0.577350269189791));
#10397=DIRECTION('center_axis',(0.70710678118653,-0.707106781186565,1.56516891518088E-13));
#10398=DIRECTION('ref_axis',(0.707106781186565,0.70710678118653,2.4182679378169E-14));
#10399=DIRECTION('',(2.55379081840477E-13,3.4030771115112E-14,-1.));
#10400=DIRECTION('',(0.707106781186565,0.70710678118653,2.04643669567103E-13));
#10401=DIRECTION('center_axis',(1.,-1.91989390682179E-14,2.55379081840477E-13));
#10402=DIRECTION('ref_axis',(-2.55379081840477E-13,-3.4030771115112E-14,
1.));
#10403=DIRECTION('',(-2.55379081840477E-13,-3.4030771115112E-14,1.));
#10404=DIRECTION('',(-1.91454370899616E-14,-1.,-3.40307711151169E-14));
#10405=DIRECTION('center_axis',(1.91454370899616E-14,1.,3.40307711151169E-14));
#10406=DIRECTION('ref_axis',(1.,-1.91454370899703E-14,2.55379081840477E-13));
#10407=DIRECTION('',(1.,-1.91989390682179E-14,2.55379081840477E-13));
#10408=DIRECTION('',(-2.55379081840477E-13,-3.39129630692053E-14,1.));
#10409=DIRECTION('center_axis',(2.55379081840477E-13,3.4030771115112E-14,
-1.));
#10410=DIRECTION('ref_axis',(-1.,1.91989390682179E-14,-2.55379081840477E-13));
#10411=DIRECTION('',(-1.91454370899616E-14,-1.,-3.40307711151169E-14));
#10412=DIRECTION('center_axis',(2.55379081840477E-13,3.4030771115112E-14,
-1.));
#10413=DIRECTION('ref_axis',(-1.,1.91989390682179E-14,-2.55379081840477E-13));
#10414=DIRECTION('',(1.,-1.91989390682179E-14,2.55379081840477E-13));
#10415=DIRECTION('',(-1.91454370899616E-14,-1.,-3.40307711151169E-14));
#10416=DIRECTION('center_axis',(-1.,1.91989390682179E-14,-2.55237471760805E-13));
#10417=DIRECTION('ref_axis',(-2.55237471760806E-13,-3.4030771115112E-14,
1.));
#10418=DIRECTION('',(2.55237471760805E-13,3.4030771115112E-14,-1.));
#10419=DIRECTION('center_axis',(1.91454370899616E-14,1.,3.40307711151169E-14));
#10420=DIRECTION('ref_axis',(1.,-1.91454370899703E-14,2.55379081840477E-13));
#10421=DIRECTION('center_axis',(1.,-1.9375651137078E-14,2.55379081840477E-13));
#10422=DIRECTION('ref_axis',(-2.55379081840477E-13,-3.4030771115112E-14,
1.));
#10423=DIRECTION('',(1.9375651137078E-14,1.,0.));
#10424=DIRECTION('',(-2.55379081840477E-13,-3.39129630692053E-14,1.));
#10425=DIRECTION('',(1.91454370899616E-14,1.,3.40307711151169E-14));
#10426=DIRECTION('',(-2.55379081840477E-13,-3.39129630692053E-14,1.));
#10427=DIRECTION('',(1.92632451358684E-14,1.,3.39129630692102E-14));
#10428=DIRECTION('center_axis',(-0.707106781186367,3.73937620845579E-14,
-0.707106781186728));
#10429=DIRECTION('ref_axis',(-1.91721880790855E-14,-1.,-3.37105774090453E-14));
#10430=DIRECTION('',(-0.707106781186728,-1.00152405803354E-14,0.707106781186367));
#10431=DIRECTION('',(-1.91454370899616E-14,-1.,-3.40307711151169E-14));
#10432=DIRECTION('',(-0.707106781186728,-1.01433704961376E-14,0.707106781186367));
#10433=DIRECTION('',(-1.91454370899617E-14,-1.,-3.36838264199215E-14));
#10434=DIRECTION('center_axis',(2.55379081840477E-13,3.36838264199166E-14,
-1.));
#10435=DIRECTION('ref_axis',(-1.,1.91989390682179E-14,-2.55379081840477E-13));
#10436=DIRECTION('',(-1.,1.97560597535097E-14,-2.55379081840477E-13));
#10437=DIRECTION('',(1.,-1.91989390682179E-14,2.55379081840477E-13));
#10438=DIRECTION('',(1.91454370899617E-14,1.,3.36838264199215E-14));
#10439=DIRECTION('',(-1.,1.91454370899703E-14,-2.55379081840477E-13));
#10440=DIRECTION('',(0.707106781186532,-0.707106781186563,1.56762218464757E-13));
#10441=DIRECTION('',(1.9756059753501E-14,1.,3.39197488126544E-14));
#10442=DIRECTION('center_axis',(1.,-1.91989390682179E-14,2.55379081840477E-13));
#10443=DIRECTION('ref_axis',(-2.55379081840477E-13,-3.4030771115112E-14,
1.));
#10444=DIRECTION('',(2.55379081840477E-13,3.35438311920308E-14,-1.));
#10445=DIRECTION('',(1.91989390682093E-14,1.,3.36838264199215E-14));
#10446=DIRECTION('',(-2.55379081840477E-13,-3.39197488126493E-14,1.));
#10447=DIRECTION('center_axis',(0.707106781186363,-3.73937620845579E-14,
0.707106781186732));
#10448=DIRECTION('ref_axis',(1.88405519955615E-14,1.,3.40422134925691E-14));
#10449=DIRECTION('',(0.577350269189789,0.577350269189632,-0.577350269189456));
#10450=DIRECTION('',(-1.91989390682093E-14,-1.,-3.36838264199215E-14));
#10451=DIRECTION('',(-0.707106781186732,-1.00152405803351E-14,0.707106781186363));
#10452=DIRECTION('',(0.577350269189763,-0.577350269189621,-0.577350269189493));
#10453=DIRECTION('center_axis',(1.91454370899617E-14,1.,3.35438311920357E-14));
#10454=DIRECTION('ref_axis',(2.55379081840477E-13,3.35438311920308E-14,
-1.));
#10455=DIRECTION('',(-1.,1.91989390682179E-14,-2.55379081840477E-13));
#10456=DIRECTION('',(2.55379081840477E-13,3.35438311920308E-14,-1.));
#10457=DIRECTION('center_axis',(-1.,1.91989390682179E-14,-2.55379081840477E-13));
#10458=DIRECTION('ref_axis',(1.91989390682092E-14,1.,3.40307711151169E-14));
#10459=DIRECTION('',(-2.55379081840477E-13,-3.36838264199166E-14,1.));
#10460=DIRECTION('',(1.91454370899616E-14,1.,3.40307711151169E-14));
#10461=DIRECTION('center_axis',(1.91454370899616E-14,1.,3.40307711151169E-14));
#10462=DIRECTION('ref_axis',(1.,-1.91454370899703E-14,2.55379081840477E-13));
#10463=DIRECTION('',(-1.,1.91454370899703E-14,-2.55379081840477E-13));
#10464=DIRECTION('',(2.55237471760805E-13,3.4030771115112E-14,-1.));
#10465=DIRECTION('',(1.,-1.91989390682179E-14,2.55379081840477E-13));
#10466=DIRECTION('',(-2.54892141917397E-13,-3.4030771115112E-14,1.));
#10467=DIRECTION('',(1.,-1.91989390682179E-14,2.55379081840477E-13));
#10468=DIRECTION('',(1.,-1.91454370899616E-14,0.));
#10469=DIRECTION('',(-2.55379081840477E-13,-3.4030771115112E-14,1.));
#10470=DIRECTION('center_axis',(0.707106781186563,0.707106781186532,2.04299351045461E-13));
#10471=DIRECTION('ref_axis',(-0.707106781186532,0.707106781186563,2.39602806362226E-14));
#10472=DIRECTION('',(-0.577350269189466,0.577350269189657,-0.577350269189754));
#10473=DIRECTION('',(-0.707106781186532,0.707106781186563,-1.56516891518089E-13));
#10474=DIRECTION('',(-2.55379081840477E-13,-3.35438311920308E-14,1.));
#10475=DIRECTION('center_axis',(-1.67042412147504E-13,0.707106781186523,
0.707106781186572));
#10476=DIRECTION('ref_axis',(-1.,-2.36076385091958E-13,-1.5725965856629E-16));
#10477=DIRECTION('',(-1.,1.91454370899703E-14,-2.55379081840477E-13));
#10478=DIRECTION('',(-1.94055847101694E-13,-0.707106781186572,0.707106781186523));
#10479=DIRECTION('',(1.94155980549314E-13,0.707106781186572,-0.707106781186523));
#10480=DIRECTION('',(1.,-1.91454370899703E-14,2.55379081840477E-13));
#10481=DIRECTION('center_axis',(-2.55379081840477E-13,-3.4030771115112E-14,
1.));
#10482=DIRECTION('ref_axis',(1.91454370899616E-14,1.,3.40307711151169E-14));
#10483=DIRECTION('center_axis',(1.,-1.91989390682179E-14,2.55237471760805E-13));
#10484=DIRECTION('ref_axis',(-2.55237471760806E-13,-3.4030771115112E-14,
1.));
#10485=DIRECTION('',(-2.55237471760805E-13,-3.35438311920308E-14,1.));
#10486=DIRECTION('',(1.91454370899616E-14,1.,3.40307711151169E-14));
#10487=DIRECTION('center_axis',(-2.55379081840477E-13,-3.4030771115112E-14,
1.));
#10488=DIRECTION('ref_axis',(1.91454370899616E-14,1.,3.40307711151169E-14));
#10489=DIRECTION('',(-1.,1.91989390682179E-14,-2.55379081840477E-13));
#10490=DIRECTION('center_axis',(1.91454370899617E-14,1.,3.35438311920357E-14));
#10491=DIRECTION('ref_axis',(2.55379081840477E-13,3.35438311920308E-14,
-1.));
#10492=DIRECTION('center_axis',(0.707106781186367,-3.86884855722933E-14,
0.707106781186728));
#10493=DIRECTION('ref_axis',(2.03399314279166E-14,1.,3.43738495760929E-14));
#10494=DIRECTION('',(-0.707106781186728,-1.01884317915824E-14,0.707106781186367));
#10495=DIRECTION('',(2.03666824170403E-14,1.,3.44006005652167E-14));
#10496=DIRECTION('',(-0.707106781186728,-1.00603018757802E-14,0.707106781186367));
#10497=DIRECTION('',(2.03666824170404E-14,1.,3.40536558700213E-14));
#10498=DIRECTION('center_axis',(-2.55379081840477E-13,-3.44006005652115E-14,
1.));
#10499=DIRECTION('ref_axis',(-1.,2.03131804388015E-14,-2.55379081840477E-13));
#10500=DIRECTION('',(-1.,1.97560597535097E-14,-2.55379081840477E-13));
#10501=DIRECTION('',(-1.9756059753501E-14,-1.,-3.41646781724838E-14));
#10502=DIRECTION('',(0.70710678118656,0.707106781186535,2.04905178479149E-13));
#10503=DIRECTION('',(-1.,2.03666824170491E-14,-2.55379081840477E-13));
#10504=DIRECTION('',(-2.03666824170403E-14,-1.,-3.44006005652167E-14));
#10505=DIRECTION('',(1.,-2.03131804388015E-14,2.55379081840477E-13));
#10506=DIRECTION('center_axis',(-1.,2.03131804388015E-14,-2.55379081840477E-13));
#10507=DIRECTION('ref_axis',(-2.55379081840477E-13,-3.40536558700161E-14,
1.));
#10508=DIRECTION('',(2.55379081840477E-13,3.45405957930973E-14,-1.));
#10509=DIRECTION('',(-2.55379081840477E-13,-3.41646781724788E-14,1.));
#10510=DIRECTION('',(-2.03131804387927E-14,-1.,-3.44006005652167E-14));
#10511=DIRECTION('center_axis',(-0.707106781186363,3.86884855722934E-14,
-0.707106781186732));
#10512=DIRECTION('ref_axis',(-2.06715675114405E-14,-1.,-3.40422134925691E-14));
#10513=DIRECTION('',(0.577350269189766,-0.577350269189616,-0.577350269189496));
#10514=DIRECTION('',(0.577350269189786,0.577350269189638,-0.577350269189453));
#10515=DIRECTION('',(-0.707106781186732,-1.01884317915822E-14,0.707106781186363));
#10516=DIRECTION('',(2.03131804387927E-14,1.,3.44006005652167E-14));
#10517=DIRECTION('center_axis',(2.03666824170403E-14,1.,3.45405957931025E-14));
#10518=DIRECTION('ref_axis',(2.55379081840477E-13,3.45405957930973E-14,
-1.));
#10519=DIRECTION('',(-2.55379081840477E-13,-3.41714639159229E-14,1.));
#10520=DIRECTION('',(2.55379081840477E-13,3.45405957930973E-14,-1.));
#10521=DIRECTION('',(-1.,2.03131804388015E-14,-2.55379081840477E-13));
#10522=DIRECTION('center_axis',(1.,-2.03131804388015E-14,2.55379081840477E-13));
#10523=DIRECTION('ref_axis',(-2.03131804387928E-14,-1.,-3.40536558700213E-14));
#10524=DIRECTION('',(-2.55379081840477E-13,-3.44006005652115E-14,1.));
#10525=DIRECTION('',(-2.03666824170404E-14,-1.,-3.40536558700213E-14));
#10526=DIRECTION('center_axis',(2.03666824170404E-14,1.,3.40536558700213E-14));
#10527=DIRECTION('ref_axis',(1.,-2.03666824170491E-14,2.55379081840477E-13));
#10528=DIRECTION('',(-1.,2.03666824170491E-14,-2.55379081840477E-13));
#10529=DIRECTION('',(-2.55379081840477E-13,-3.40536558700161E-14,1.));
#10530=DIRECTION('',(-1.,2.03666824170404E-14,0.));
#10531=DIRECTION('',(-2.55379081840477E-13,-3.41714639159229E-14,1.));
#10532=DIRECTION('',(1.,-2.03131804388015E-14,2.55379081840477E-13));
#10533=DIRECTION('',(-2.54892141917397E-13,-3.40536558700161E-14,1.));
#10534=DIRECTION('',(1.,-2.03131804388015E-14,2.55379081840477E-13));
#10535=DIRECTION('',(2.55237471760805E-13,3.40536558700161E-14,-1.));
#10536=DIRECTION('center_axis',(-0.707106781186535,0.70710678118656,-1.5615639103107E-13));
#10537=DIRECTION('ref_axis',(-0.70710678118656,-0.707106781186535,-2.41826793781691E-14));
#10538=DIRECTION('',(-0.577350269189488,-0.577350269189595,-0.577350269189794));
#10539=DIRECTION('',(-2.55379081840477E-13,-3.45405957930973E-14,1.));
#10540=DIRECTION('',(-0.70710678118656,-0.707106781186535,-2.0465985153248E-13));
#10541=DIRECTION('center_axis',(1.94981699789958E-13,0.707106781186571,
-0.707106781186524));
#10542=DIRECTION('ref_axis',(-1.,2.7558850459896E-13,-1.57259658548871E-16));
#10543=DIRECTION('',(1.,-2.03666824170491E-14,2.55379081840477E-13));
#10544=DIRECTION('',(1.6621669290686E-13,-0.707106781186524,-0.707106781186571));
#10545=DIRECTION('',(-1.6611655945924E-13,0.707106781186524,0.707106781186571));
#10546=DIRECTION('',(-1.,2.03666824170491E-14,-2.55379081840477E-13));
#10547=DIRECTION('center_axis',(2.55379081840477E-13,3.40536558700161E-14,
-1.));
#10548=DIRECTION('ref_axis',(-2.03666824170404E-14,-1.,-3.40536558700213E-14));
#10549=DIRECTION('',(-2.03666824170404E-14,-1.,-3.40536558700213E-14));
#10550=DIRECTION('center_axis',(-1.,2.03131804388015E-14,-2.55237471760805E-13));
#10551=DIRECTION('ref_axis',(-2.55237471760806E-13,-3.40536558700161E-14,
1.));
#10552=DIRECTION('',(-2.03666824170404E-14,-1.,-3.40536558700213E-14));
#10553=DIRECTION('',(-2.55237471760805E-13,-3.45405957930973E-14,1.));
#10554=DIRECTION('center_axis',(2.55379081840477E-13,3.40536558700161E-14,
-1.));
#10555=DIRECTION('ref_axis',(-2.03666824170404E-14,-1.,-3.40536558700213E-14));
#10556=DIRECTION('',(-1.,2.03131804388015E-14,-2.55379081840477E-13));
#10557=DIRECTION('center_axis',(2.03666824170403E-14,1.,3.45405957931025E-14));
#10558=DIRECTION('ref_axis',(2.55379081840477E-13,3.45405957930973E-14,
-1.));
#10559=DIRECTION('center_axis',(1.9756059753501E-14,1.,3.41646781724838E-14));
#10560=DIRECTION('ref_axis',(1.,-1.9756059753501E-14,1.57259658557808E-16));
#10561=DIRECTION('',(1.,-1.97560597535097E-14,2.55379081840477E-13));
#10562=DIRECTION('',(-1.,1.97560597535097E-14,-2.55379081840477E-13));
#10563=DIRECTION('',(2.55379081840477E-13,3.41646781724788E-14,-1.));
#10564=DIRECTION('center_axis',(2.55379081840477E-13,3.41714639159229E-14,
-1.));
#10565=DIRECTION('ref_axis',(-2.03666824170404E-14,-1.,-3.41714639159281E-14));
#10566=DIRECTION('',(-0.707106781183479,-0.707106781189616,-2.04743154399938E-13));
#10567=DIRECTION('',(-2.02488743711337E-14,-1.,-3.4171463915928E-14));
#10568=DIRECTION('',(2.03666824170404E-14,1.,3.40536558700213E-14));
#10569=DIRECTION('',(1.,-1.97560597535097E-14,2.55379081840477E-13));
#10570=DIRECTION('',(0.707106781183463,-0.707106781189632,1.56417406683683E-13));
#10571=DIRECTION('center_axis',(-1.,2.01364683699414E-14,-2.55379081840477E-13));
#10572=DIRECTION('ref_axis',(-2.55379081840477E-13,-3.40536558700161E-14,
1.));
#10573=DIRECTION('',(2.01364683699414E-14,1.,0.));
#10574=DIRECTION('',(-2.55379081840477E-13,-3.41714639159229E-14,1.));
#10575=DIRECTION('',(2.03666824170404E-14,1.,3.40536558700213E-14));
#10576=DIRECTION('',(-2.55379081840477E-13,-3.41714639159229E-14,1.));
#10577=DIRECTION('center_axis',(1.,-2.03131804388015E-14,2.55379081840477E-13));
#10578=DIRECTION('ref_axis',(-2.03131804387928E-14,-1.,-3.40536558700213E-14));
#10579=DIRECTION('',(2.03131804387929E-14,1.,3.36838264199218E-14));
#10580=DIRECTION('',(-1.94943868178333E-13,-0.707106781186571,0.707106781186524));
#10581=DIRECTION('',(-2.55379081840477E-13,-3.40536558700161E-14,1.));
#10582=DIRECTION('',(-2.03131804388015E-14,-1.,0.));
#10583=DIRECTION('center_axis',(-0.707106781186562,3.84431586256213E-14,
-0.707106781186533));
#10584=DIRECTION('ref_axis',(-2.0324622816245E-14,-1.,-3.40422134925691E-14));
#10585=DIRECTION('',(-0.577350269189573,-0.577350269189739,0.577350269189565));
#10586=DIRECTION('',(2.03131804387928E-14,1.,3.40536558700213E-14));
#10587=DIRECTION('',(0.707106781186533,1.01884317915929E-14,-0.707106781186562));
#10588=DIRECTION('',(-2.03131804387928E-14,-1.,-3.40536558700213E-14));
#10589=DIRECTION('',(-0.577350269189657,0.577350269189507,0.577350269189712));
#10590=DIRECTION('center_axis',(-1.,2.03131804388015E-14,-2.55379081840477E-13));
#10591=DIRECTION('ref_axis',(-2.55379081840477E-13,-3.40536558700161E-14,
1.));
#10592=DIRECTION('',(-2.55379081840477E-13,-3.40536558700161E-14,1.));
#10593=DIRECTION('',(2.55379081840477E-13,3.41646781724788E-14,-1.));
#10594=DIRECTION('',(-1.97838153291167E-14,-1.,-3.40536558700213E-14));
#10595=DIRECTION('center_axis',(-2.55379081840477E-13,-3.44006005652115E-14,
1.));
#10596=DIRECTION('ref_axis',(-1.,2.03131804388015E-14,-2.55379081840477E-13));
#10597=DIRECTION('',(1.,-1.97560597535097E-14,2.55379081840477E-13));
#10598=DIRECTION('',(-1.9756059753501E-14,-1.,-3.41646781724838E-14));
#10599=DIRECTION('',(1.,-2.03131804388015E-14,2.55379081840477E-13));
#10600=DIRECTION('',(-2.03666824170403E-14,-1.,-3.44006005652167E-14));
#10601=DIRECTION('',(1.,-2.03666824170491E-14,2.55379081840477E-13));
#10602=DIRECTION('',(-0.707106781186537,0.707106781186558,-1.56255382606042E-13));
#10603=DIRECTION('center_axis',(0.707106781186367,-3.86884855722933E-14,
0.707106781186728));
#10604=DIRECTION('ref_axis',(2.03399314279166E-14,1.,3.43738495760929E-14));
#10605=DIRECTION('',(0.707106781186728,1.01884317915824E-14,-0.707106781186367));
#10606=DIRECTION('',(0.707106781186728,9.71598335413902E-15,-0.707106781186367));
#10607=DIRECTION('center_axis',(2.03666824170404E-14,1.,3.40536558700213E-14));
#10608=DIRECTION('ref_axis',(1.,-2.03666824170491E-14,2.55379081840477E-13));
#10609=DIRECTION('',(1.,-2.03666824170491E-14,2.55379081840477E-13));
#10610=DIRECTION('',(2.55237471760805E-13,3.40536558700161E-14,-1.));
#10611=DIRECTION('',(1.,-2.03131804388015E-14,2.55379081840477E-13));
#10612=DIRECTION('',(2.55379081840477E-13,3.40536558700161E-14,-1.));
#10613=DIRECTION('',(-2.55379081840477E-13,-3.44006005652115E-14,1.));
#10614=DIRECTION('',(1.,-2.03131804388015E-14,2.55379081840477E-13));
#10615=DIRECTION('',(1.,-2.03666824170404E-14,0.));
#10616=DIRECTION('center_axis',(1.66178861295234E-13,-0.707106781186524,
-0.707106781186571));
#10617=DIRECTION('ref_axis',(1.,2.34855139764878E-13,1.57259658566526E-16));
#10618=DIRECTION('',(0.57735026918947,-0.577350269189655,0.577350269189752));
#10619=DIRECTION('',(1.,-2.03666824170491E-14,2.55379081840477E-13));
#10620=DIRECTION('',(1.94843734730712E-13,0.707106781186571,-0.707106781186524));
#10621=DIRECTION('',(-1.,2.03666824170491E-14,-2.55379081840477E-13));
#10622=DIRECTION('center_axis',(-0.707106781186558,-0.707106781186537,-2.0465985153248E-13));
#10623=DIRECTION('ref_axis',(0.707106781186537,-0.707106781186558,-2.39602806362224E-14));
#10624=DIRECTION('',(0.707106781186537,-0.707106781186558,1.56500709552712E-13));
#10625=DIRECTION('',(2.55379081840477E-13,3.40536558700161E-14,-1.));
#10626=DIRECTION('center_axis',(-1.,2.03131804388015E-14,-2.55379081840477E-13));
#10627=DIRECTION('ref_axis',(-2.55379081840477E-13,-3.40536558700161E-14,
1.));
#10628=DIRECTION('',(-2.55379081840477E-13,-3.40536558700161E-14,1.));
#10629=DIRECTION('',(2.03666824170404E-14,1.,3.40536558700213E-14));
#10630=DIRECTION('center_axis',(2.03666824170404E-14,1.,3.40536558700213E-14));
#10631=DIRECTION('ref_axis',(1.,-2.03666824170491E-14,2.55379081840477E-13));
#10632=DIRECTION('',(1.,-2.03131804388015E-14,2.55379081840477E-13));
#10633=DIRECTION('center_axis',(-2.55379081840477E-13,-3.40536558700161E-14,
1.));
#10634=DIRECTION('ref_axis',(-1.,2.03131804388015E-14,-2.55379081840477E-13));
#10635=DIRECTION('center_axis',(-2.55379081840477E-13,-3.40536558700161E-14,
1.));
#10636=DIRECTION('ref_axis',(-1.,2.03131804388015E-14,-2.55379081840477E-13));
#10637=DIRECTION('',(2.03666824170404E-14,1.,3.40536558700213E-14));
#10638=DIRECTION('',(1.,-2.03131804388015E-14,2.55379081840477E-13));
#10639=DIRECTION('center_axis',(1.,-2.03131804388015E-14,2.55237471760805E-13));
#10640=DIRECTION('ref_axis',(-2.55237471760806E-13,-3.40536558700161E-14,
1.));
#10641=DIRECTION('',(2.55237471760805E-13,3.40536558700161E-14,-1.));
#10642=DIRECTION('center_axis',(2.03666824170404E-14,1.,3.40536558700213E-14));
#10643=DIRECTION('ref_axis',(1.,-2.03666824170491E-14,2.55379081840477E-13));
#10644=DIRECTION('center_axis',(-2.55379081840477E-13,-3.39129630692053E-14,
1.));
#10645=DIRECTION('ref_axis',(1.91454370899616E-14,1.,3.39129630692102E-14));
#10646=DIRECTION('',(-0.707106781183468,-0.707106781189627,-2.04560366698278E-13));
#10647=DIRECTION('',(1.,-1.97560597535097E-14,2.55379081840477E-13));
#10648=DIRECTION('',(-1.,1.97560597535097E-14,-2.55379081840477E-13));
#10649=DIRECTION('',(0.707106781183451,-0.707106781189644,1.56600194385336E-13));
#10650=DIRECTION('center_axis',(-1.9756059753501E-14,-1.,-3.41646781724838E-14));
#10651=DIRECTION('ref_axis',(-1.,1.9756059753501E-14,-1.57259658557808E-16));
#10652=DIRECTION('',(-1.,1.97560597535097E-14,-2.55379081840477E-13));
#10653=DIRECTION('',(-2.55379081840477E-13,-3.41646781724788E-14,1.));
#10654=DIRECTION('center_axis',(0.707106781189632,0.707106781183463,2.04738356156094E-13));
#10655=DIRECTION('ref_axis',(-0.707106781183463,0.707106781189632,2.39602806363275E-14));
#10656=DIRECTION('',(-0.707106781183463,0.707106781189632,-1.56762218463871E-13));
#10657=DIRECTION('center_axis',(0.707106781189616,-0.707106781183479,1.56422204930669E-13));
#10658=DIRECTION('ref_axis',(0.707106781183479,0.707106781189616,2.41826793782735E-14));
#10659=DIRECTION('',(0.707106781183479,0.707106781189616,2.04398342619749E-13));
#10660=DIRECTION('center_axis',(1.9756059753501E-14,1.,3.39197488126544E-14));
#10661=DIRECTION('ref_axis',(1.,-1.9756059753501E-14,1.57259658557808E-16));
#10662=DIRECTION('',(-1.,1.97560597535097E-14,-2.55379081840477E-13));
#10663=DIRECTION('',(-2.55379081840477E-13,-3.39197488126493E-14,1.));
#10664=DIRECTION('center_axis',(0.707106781189644,0.707106781183451,2.04565164944851E-13));
#10665=DIRECTION('ref_axis',(-0.707106781183451,0.707106781189644,2.39602806363279E-14));
#10666=DIRECTION('',(-0.707106781183451,0.707106781189644,-1.56762218463867E-13));
#10667=DIRECTION('center_axis',(-1.,1.91989390682179E-14,-2.55379081840477E-13));
#10668=DIRECTION('ref_axis',(1.91989390682092E-14,1.,3.40307711151169E-14));
#10669=DIRECTION('',(1.91989390682093E-14,1.,3.36838264199215E-14));
#10670=DIRECTION('',(-1.91989390682179E-14,-1.,0.));
#10671=DIRECTION('center_axis',(-1.9756059753501E-14,-1.,-3.39197488126544E-14));
#10672=DIRECTION('ref_axis',(-1.,1.9756059753501E-14,-1.57259658557808E-16));
#10673=DIRECTION('',(1.,-1.97560597535097E-14,2.55379081840477E-13));
#10674=DIRECTION('',(2.55379081840477E-13,3.39197488126493E-14,-1.));
#10675=DIRECTION('center_axis',(0.707106781189627,-0.707106781183468,1.56595396141918E-13));
#10676=DIRECTION('ref_axis',(0.707106781183468,0.707106781189627,2.41826793782739E-14));
#10677=DIRECTION('',(0.707106781183468,0.707106781189627,2.04398342619747E-13));
#10678=DIRECTION('center_axis',(-1.9756059753501E-14,-1.,-3.40422134925691E-14));
#10679=DIRECTION('ref_axis',(1.,-1.9756059753501E-14,1.57259658557808E-16));
#10680=DIRECTION('',(1.,-1.97560597535097E-14,2.55379081840477E-13));
#10681=DIRECTION('center_axis',(-2.55379081840477E-13,-3.40536558700161E-14,
1.));
#10682=DIRECTION('ref_axis',(-1.,2.03131804388015E-14,-2.55379081840477E-13));
#10683=DIRECTION('center_axis',(0.,0.,1.));
#10684=DIRECTION('ref_axis',(1.,0.,0.));
#10685=DIRECTION('center_axis',(0.,0.,1.));
#10686=DIRECTION('ref_axis',(1.,0.,0.));
#10687=DIRECTION('center_axis',(0.,0.,1.));
#10688=DIRECTION('ref_axis',(1.,0.,0.));
#10689=DIRECTION('',(0.,0.,1.));
#10690=DIRECTION('center_axis',(0.,0.,1.));
#10691=DIRECTION('ref_axis',(1.,0.,0.));
#10692=DIRECTION('',(0.,0.,1.));
#10693=DIRECTION('center_axis',(0.,0.,-1.));
#10694=DIRECTION('ref_axis',(1.,0.,0.));
#10695=DIRECTION('center_axis',(0.,1.,0.));
#10696=DIRECTION('ref_axis',(-1.,0.,0.));
#10697=DIRECTION('',(-0.707106781186548,0.,0.707106781186548));
#10698=DIRECTION('',(0.,0.,1.));
#10699=DIRECTION('',(-1.,0.,0.));
#10700=DIRECTION('center_axis',(0.,0.,1.));
#10701=DIRECTION('ref_axis',(1.,0.,0.));
#10702=DIRECTION('',(0.,0.,1.));
#10703=DIRECTION('center_axis',(0.,0.,1.));
#10704=DIRECTION('ref_axis',(1.,0.,0.));
#10705=DIRECTION('center_axis',(1.,0.,0.));
#10706=DIRECTION('ref_axis',(0.,1.,0.));
#10707=DIRECTION('',(0.,0.707106781186548,-0.707106781186548));
#10708=DIRECTION('',(0.,1.,0.));
#10709=DIRECTION('center_axis',(0.,-1.,0.));
#10710=DIRECTION('ref_axis',(1.,0.,0.));
#10711=DIRECTION('',(-1.,0.,0.));
#10712=DIRECTION('',(1.,0.,0.));
#10713=DIRECTION('',(0.,0.,1.));
#10714=DIRECTION('center_axis',(0.,0.,1.));
#10715=DIRECTION('ref_axis',(1.,0.,0.));
#10716=DIRECTION('center_axis',(0.,0.,-1.));
#10717=DIRECTION('ref_axis',(1.,0.,0.));
#10718=DIRECTION('',(0.,0.,-1.));
#10719=DIRECTION('center_axis',(0.,0.,1.));
#10720=DIRECTION('ref_axis',(1.,0.,0.));
#10721=DIRECTION('center_axis',(0.,0.,1.));
#10722=DIRECTION('ref_axis',(1.,0.,0.));
#10723=DIRECTION('center_axis',(0.,0.,-1.));
#10724=DIRECTION('ref_axis',(1.,0.,0.));
#10725=DIRECTION('',(0.,0.,-1.));
#10726=DIRECTION('center_axis',(0.,0.,1.));
#10727=DIRECTION('ref_axis',(1.,0.,0.));
#10728=DIRECTION('center_axis',(0.,0.,1.));
#10729=DIRECTION('ref_axis',(1.,0.,0.));
#10730=DIRECTION('center_axis',(0.,0.,-1.));
#10731=DIRECTION('ref_axis',(1.,0.,0.));
#10732=DIRECTION('center_axis',(0.,0.,1.));
#10733=DIRECTION('ref_axis',(1.,0.,0.));
#10734=DIRECTION('',(0.,0.,1.));
#10735=DIRECTION('center_axis',(0.,-1.,0.));
#10736=DIRECTION('ref_axis',(1.,0.,0.));
#10737=DIRECTION('',(0.707106781186548,0.,0.707106781186548));
#10738=DIRECTION('',(1.,0.,0.));
#10739=DIRECTION('center_axis',(0.,0.,1.));
#10740=DIRECTION('ref_axis',(1.,0.,0.));
#10741=DIRECTION('',(0.,0.,1.));
#10742=DIRECTION('center_axis',(0.,0.,1.));
#10743=DIRECTION('ref_axis',(1.,0.,0.));
#10744=DIRECTION('',(0.,0.,1.));
#10745=DIRECTION('center_axis',(-1.,0.,0.));
#10746=DIRECTION('ref_axis',(0.,-1.,0.));
#10747=DIRECTION('',(0.,-0.707106781186548,0.707106781186548));
#10748=DIRECTION('',(0.,-1.,0.));
#10749=DIRECTION('center_axis',(0.,0.,1.));
#10750=DIRECTION('ref_axis',(1.,0.,0.));
#10751=DIRECTION('',(0.,0.,1.));
#10752=DIRECTION('center_axis',(0.,0.,1.));
#10753=DIRECTION('ref_axis',(1.,0.,0.));
#10754=DIRECTION('',(0.,0.,1.));
#10755=DIRECTION('center_axis',(0.,1.,0.));
#10756=DIRECTION('ref_axis',(-1.,0.,0.));
#10757=DIRECTION('',(-1.,0.,0.));
#10758=DIRECTION('',(0.,0.,1.));
#10759=DIRECTION('center_axis',(0.,0.,1.));
#10760=DIRECTION('ref_axis',(1.,0.,0.));
#10761=DIRECTION('center_axis',(0.,0.,1.));
#10762=DIRECTION('ref_axis',(1.,0.,0.));
#10763=DIRECTION('',(0.,0.,1.));
#10764=DIRECTION('center_axis',(0.,1.,0.));
#10765=DIRECTION('ref_axis',(-1.,0.,0.));
#10766=DIRECTION('',(-0.707106781186548,0.,-0.707106781186548));
#10767=DIRECTION('',(-1.,0.,0.));
#10768=DIRECTION('center_axis',(-0.707106781186548,0.,0.707106781186548));
#10769=DIRECTION('ref_axis',(0.707106781186548,0.,0.707106781186548));
#10770=DIRECTION('',(0.,1.,0.));
#10771=DIRECTION('center_axis',(1.,0.,0.));
#10772=DIRECTION('ref_axis',(0.,1.,0.));
#10773=DIRECTION('',(0.,0.707106781186548,-0.707106781186548));
#10774=DIRECTION('',(0.,1.,0.));
#10775=DIRECTION('center_axis',(0.,0.707106781186548,0.707106781186548));
#10776=DIRECTION('ref_axis',(1.,0.,0.));
#10777=DIRECTION('',(1.,0.,0.));
#10778=DIRECTION('center_axis',(-1.,0.,0.));
#10779=DIRECTION('ref_axis',(0.,-1.,0.));
#10780=DIRECTION('',(0.,-0.707106781186548,0.707106781186548));
#10781=DIRECTION('',(0.,-1.,0.));
#10782=DIRECTION('center_axis',(0.,0.707106781186548,0.707106781186548));
#10783=DIRECTION('ref_axis',(1.,0.,0.));
#10784=DIRECTION('',(1.,0.,0.));
#10785=DIRECTION('center_axis',(0.,0.,1.));
#10786=DIRECTION('ref_axis',(1.,0.,0.));
#10787=DIRECTION('',(0.,-1.,0.));
#10788=DIRECTION('',(1.,0.,0.));
#10789=DIRECTION('center_axis',(0.,-1.,0.));
#10790=DIRECTION('ref_axis',(1.,0.,0.));
#10791=DIRECTION('',(0.707106781186548,0.,-0.707106781186548));
#10792=DIRECTION('center_axis',(0.707106781186548,0.,0.707106781186548));
#10793=DIRECTION('ref_axis',(0.707106781186548,0.,-0.707106781186548));
#10794=DIRECTION('center_axis',(0.,0.,1.));
#10795=DIRECTION('ref_axis',(1.,0.,0.));
#10796=DIRECTION('center_axis',(0.,0.,1.));
#10797=DIRECTION('ref_axis',(1.,0.,0.));
#10798=DIRECTION('center_axis',(-0.707106781186548,0.,0.707106781186548));
#10799=DIRECTION('ref_axis',(0.707106781186548,0.,0.707106781186548));
#10800=DIRECTION('',(0.707106781186548,0.,0.707106781186548));
#10801=DIRECTION('',(0.,1.,0.));
#10802=DIRECTION('',(-0.707106781186548,0.,-0.707106781186548));
#10803=DIRECTION('center_axis',(0.,1.,0.));
#10804=DIRECTION('ref_axis',(-1.,0.,0.));
#10805=DIRECTION('',(-1.,0.,0.));
#10806=DIRECTION('',(0.,0.,1.));
#10807=DIRECTION('center_axis',(0.,0.,1.));
#10808=DIRECTION('ref_axis',(1.,0.,0.));
#10809=DIRECTION('center_axis',(0.,0.,1.));
#10810=DIRECTION('ref_axis',(1.,0.,0.));
#10811=DIRECTION('',(0.,1.,0.));
#10812=DIRECTION('',(1.,0.,0.));
#10813=DIRECTION('',(0.,-1.,0.));
#10814=DIRECTION('center_axis',(0.,0.,1.));
#10815=DIRECTION('ref_axis',(1.,0.,0.));
#10816=DIRECTION('',(1.,0.,0.));
#10817=DIRECTION('center_axis',(0.,0.,1.));
#10818=DIRECTION('ref_axis',(1.,0.,0.));
#10819=DIRECTION('',(0.,-1.,0.));
#10820=DIRECTION('',(-1.,0.,0.));
#10821=DIRECTION('',(0.,1.,0.));
#10822=DIRECTION('center_axis',(0.,0.,1.));
#10823=DIRECTION('ref_axis',(1.,0.,0.));
#10824=DIRECTION('center_axis',(0.,0.,-1.));
#10825=DIRECTION('ref_axis',(1.,0.,0.));
#10826=DIRECTION('center_axis',(0.,0.707106781186548,0.707106781186548));
#10827=DIRECTION('ref_axis',(1.,0.,0.));
#10828=DIRECTION('',(0.,-0.707106781186548,0.707106781186548));
#10829=DIRECTION('',(0.,0.707106781186548,-0.707106781186548));
#10830=DIRECTION('center_axis',(1.,0.,0.));
#10831=DIRECTION('ref_axis',(0.,1.,0.));
#10832=DIRECTION('',(0.,0.,1.));
#10833=DIRECTION('center_axis',(0.,-0.707106781186548,0.707106781186548));
#10834=DIRECTION('ref_axis',(1.,0.,0.));
#10835=DIRECTION('',(0.,-0.707106781186548,-0.707106781186548));
#10836=DIRECTION('',(0.,0.707106781186548,0.707106781186548));
#10837=DIRECTION('center_axis',(-1.,0.,0.));
#10838=DIRECTION('ref_axis',(0.,-1.,0.));
#10839=DIRECTION('',(0.,0.,1.));
#10840=DIRECTION('center_axis',(0.,-0.707106781186548,0.707106781186548));
#10841=DIRECTION('ref_axis',(1.,0.,0.));
#10842=DIRECTION('',(0.,0.707106781186548,0.707106781186548));
#10843=DIRECTION('',(0.,-0.707106781186548,-0.707106781186548));
#10844=DIRECTION('center_axis',(-1.,0.,0.));
#10845=DIRECTION('ref_axis',(0.,-1.,0.));
#10846=DIRECTION('',(0.,0.,1.));
#10847=DIRECTION('center_axis',(0.707106781186548,0.,0.707106781186548));
#10848=DIRECTION('ref_axis',(0.707106781186548,0.,-0.707106781186548));
#10849=DIRECTION('',(-0.707106781186548,0.,0.707106781186548));
#10850=DIRECTION('',(0.707106781186548,0.,-0.707106781186548));
#10851=DIRECTION('center_axis',(0.,1.,0.));
#10852=DIRECTION('ref_axis',(-1.,0.,0.));
#10853=DIRECTION('',(0.,0.,1.));
#10854=DIRECTION('center_axis',(0.,0.707106781186548,0.707106781186548));
#10855=DIRECTION('ref_axis',(1.,0.,0.));
#10856=DIRECTION('',(0.,0.707106781186548,-0.707106781186548));
#10857=DIRECTION('',(0.,-0.707106781186548,0.707106781186548));
#10858=DIRECTION('center_axis',(1.,0.,0.));
#10859=DIRECTION('ref_axis',(0.,1.,0.));
#10860=DIRECTION('',(0.,0.,1.));
#10861=DIRECTION('center_axis',(0.,0.,1.));
#10862=DIRECTION('ref_axis',(1.,0.,0.));
#10863=DIRECTION('center_axis',(-1.,0.,0.));
#10864=DIRECTION('ref_axis',(0.,-1.,0.));
#10865=DIRECTION('',(0.,0.,1.));
#10866=DIRECTION('center_axis',(0.,0.,1.));
#10867=DIRECTION('ref_axis',(1.,0.,0.));
#10868=DIRECTION('center_axis',(0.,0.,1.));
#10869=DIRECTION('ref_axis',(1.,0.,0.));
#10870=DIRECTION('center_axis',(-1.,0.,0.));
#10871=DIRECTION('ref_axis',(0.,-1.,0.));
#10872=DIRECTION('',(0.,0.,1.));
#10873=DIRECTION('center_axis',(0.,0.,1.));
#10874=DIRECTION('ref_axis',(1.,0.,0.));
#10875=DIRECTION('center_axis',(0.,-1.,0.));
#10876=DIRECTION('ref_axis',(1.,0.,0.));
#10877=DIRECTION('',(0.,0.,1.));
#10878=DIRECTION('center_axis',(0.,0.,1.));
#10879=DIRECTION('ref_axis',(1.,0.,0.));
#10880=DIRECTION('',(0.,0.,-1.));
#10881=DIRECTION('center_axis',(0.,0.,1.));
#10882=DIRECTION('ref_axis',(1.,0.,0.));
#10883=DIRECTION('center_axis',(0.,0.,1.));
#10884=DIRECTION('ref_axis',(1.,0.,0.));
#10885=DIRECTION('',(0.,0.,-1.));
#10886=DIRECTION('center_axis',(0.,0.,1.));
#10887=DIRECTION('ref_axis',(1.,0.,0.));
#10888=DIRECTION('center_axis',(0.,-1.,0.));
#10889=DIRECTION('ref_axis',(1.,0.,0.));
#10890=DIRECTION('',(0.,0.,1.));
#10891=DIRECTION('center_axis',(0.,0.,1.));
#10892=DIRECTION('ref_axis',(1.,0.,0.));
#10893=DIRECTION('',(0.,0.,1.));
#10894=DIRECTION('center_axis',(1.,0.,0.));
#10895=DIRECTION('ref_axis',(0.,1.,0.));
#10896=DIRECTION('center_axis',(0.,0.,1.));
#10897=DIRECTION('ref_axis',(1.,0.,0.));
#10898=DIRECTION('center_axis',(0.,0.,1.));
#10899=DIRECTION('ref_axis',(1.,0.,0.));
#10900=DIRECTION('',(0.,0.,1.));
#10901=DIRECTION('center_axis',(1.,0.,0.));
#10902=DIRECTION('ref_axis',(0.,1.,0.));
#10903=DIRECTION('center_axis',(0.,0.,1.));
#10904=DIRECTION('ref_axis',(1.,0.,0.));
#10905=DIRECTION('center_axis',(0.,0.,1.));
#10906=DIRECTION('ref_axis',(1.,0.,0.));
#10907=DIRECTION('center_axis',(0.,0.,1.));
#10908=DIRECTION('ref_axis',(1.,0.,0.));
#10909=DIRECTION('center_axis',(0.,0.,1.));
#10910=DIRECTION('ref_axis',(1.,0.,0.));
#10911=DIRECTION('center_axis',(0.,-1.,0.));
#10912=DIRECTION('ref_axis',(4.82374896839332E-15,0.,-1.));
#10913=DIRECTION('center_axis',(0.,-1.,0.));
#10914=DIRECTION('ref_axis',(8.26946079742758E-16,0.,-1.));
#10915=DIRECTION('center_axis',(1.,0.,0.));
#10916=DIRECTION('ref_axis',(0.,1.,0.));
#10917=DIRECTION('axis',(0.,0.,1.));
#10918=DIRECTION('refdir',(1.,0.,0.));
#10919=DIRECTION('center_axis',(0.,0.,1.));
#10920=DIRECTION('ref_axis',(-0.010297260602189,-0.999946981806581,0.));
#10921=DIRECTION('center_axis',(0.,0.,-1.));
#10922=DIRECTION('ref_axis',(0.906012522993057,-0.423250880896609,6.37194741652742E-16));
#10923=DIRECTION('center_axis',(0.,0.,1.));
#10924=DIRECTION('ref_axis',(-0.010297260602189,-0.999946981806581,0.));
#10925=DIRECTION('center_axis',(0.,0.,-1.));
#10926=DIRECTION('ref_axis',(0.906012522993057,-0.423250880896609,6.37194741652742E-16));
#10927=DIRECTION('center_axis',(0.,0.,1.));
#10928=DIRECTION('ref_axis',(-0.010297260602189,-0.999946981806581,0.));
#10929=DIRECTION('center_axis',(0.,0.,-1.));
#10930=DIRECTION('ref_axis',(0.906012522993057,-0.423250880896609,6.37194741652742E-16));
#10931=DIRECTION('center_axis',(6.67444473475059E-16,2.93421195106035E-15,
1.));
#10932=DIRECTION('ref_axis',(-0.906012522993057,0.423250880896609,-6.37194741652742E-16));
#10933=DIRECTION('center_axis',(-6.67444473475059E-16,-2.93421195106035E-15,
-1.));
#10934=DIRECTION('ref_axis',(-0.906012522993057,0.423250880896609,-6.37194741652741E-16));
#10935=DIRECTION('center_axis',(6.67444473475059E-16,2.93421195106035E-15,
1.));
#10936=DIRECTION('ref_axis',(0.906012522993057,-0.423250880896609,6.37194741652742E-16));
#10937=DIRECTION('center_axis',(6.67444473475059E-16,2.93421195106035E-15,
1.));
#10938=DIRECTION('ref_axis',(-0.906012522993057,0.423250880896609,-6.37194741652742E-16));
#10939=DIRECTION('center_axis',(-6.67444473475059E-16,-2.93421195106035E-15,
-1.));
#10940=DIRECTION('ref_axis',(-0.906012522993057,0.423250880896609,-6.37194741652742E-16));
#10941=DIRECTION('center_axis',(6.67444473475059E-16,2.93421195106035E-15,
1.));
#10942=DIRECTION('ref_axis',(0.906012522993057,-0.423250880896609,6.37194741652742E-16));
#10943=DIRECTION('center_axis',(6.67444473475059E-16,2.93421195106035E-15,
1.));
#10944=DIRECTION('ref_axis',(-0.906012522993057,0.423250880896609,-6.37194741652742E-16));
#10945=DIRECTION('center_axis',(-6.67444473475059E-16,-2.93421195106035E-15,
-1.));
#10946=DIRECTION('ref_axis',(-0.906012522993057,0.423250880896609,-6.37194741652741E-16));
#10947=DIRECTION('center_axis',(6.67444473475059E-16,2.93421195106035E-15,
1.));
#10948=DIRECTION('ref_axis',(0.906012522993057,-0.423250880896609,6.37194741652742E-16));
#10949=DIRECTION('center_axis',(0.,0.,1.));
#10950=DIRECTION('ref_axis',(1.,0.,0.));
#10951=DIRECTION('center_axis',(0.,0.,1.));
#10952=DIRECTION('ref_axis',(1.,0.,0.));
#10953=DIRECTION('',(0.,0.,1.));
#10954=DIRECTION('center_axis',(0.,0.,-1.));
#10955=DIRECTION('ref_axis',(1.,0.,0.));
#10956=DIRECTION('center_axis',(-6.67444473475059E-16,-2.93421195106035E-15,
-1.));
#10957=DIRECTION('ref_axis',(0.906012522993057,-0.423250880896609,6.37194741652742E-16));
#10958=DIRECTION('',(-6.67444473475059E-16,-2.93421195106035E-15,-1.));
#10959=DIRECTION('center_axis',(6.67444473475059E-16,2.93421195106035E-15,
1.));
#10960=DIRECTION('ref_axis',(-0.906012522993057,0.423250880896609,-6.37194741652742E-16));
#10961=DIRECTION('',(-6.67444473475059E-16,-2.93421195106035E-15,-1.));
#10962=DIRECTION('center_axis',(0.,0.,-1.));
#10963=DIRECTION('ref_axis',(-0.906012522993057,0.423250880896609,-6.37194741652742E-16));
#10964=DIRECTION('center_axis',(-6.67444473475059E-16,-2.93421195106035E-15,
-1.));
#10965=DIRECTION('ref_axis',(0.906012522993057,-0.423250880896609,6.37194741652742E-16));
#10966=DIRECTION('',(-6.67444473475059E-16,-2.93421195106035E-15,-1.));
#10967=DIRECTION('center_axis',(6.67444473475059E-16,2.93421195106035E-15,
1.));
#10968=DIRECTION('ref_axis',(-0.906012522993057,0.423250880896609,-6.37194741652741E-16));
#10969=DIRECTION('',(-6.67444473475059E-16,-2.93421195106035E-15,-1.));
#10970=DIRECTION('center_axis',(0.,0.,-1.));
#10971=DIRECTION('ref_axis',(-0.906012522993057,0.423250880896609,-6.37194741652741E-16));
#10972=DIRECTION('center_axis',(-6.67444473475059E-16,-2.93421195106035E-15,
-1.));
#10973=DIRECTION('ref_axis',(0.906012522993057,-0.423250880896609,6.37194741652742E-16));
#10974=DIRECTION('',(-6.67444473475059E-16,-2.93421195106035E-15,-1.));
#10975=DIRECTION('center_axis',(6.67444473475059E-16,2.93421195106035E-15,
1.));
#10976=DIRECTION('ref_axis',(-0.906012522993057,0.423250880896609,-6.37194741652741E-16));
#10977=DIRECTION('',(-6.67444473475059E-16,-2.93421195106035E-15,-1.));
#10978=DIRECTION('center_axis',(0.,0.,-1.));
#10979=DIRECTION('ref_axis',(-0.906012522993057,0.423250880896609,-6.37194741652741E-16));
#10980=DIRECTION('center_axis',(1.,0.,0.));
#10981=DIRECTION('ref_axis',(0.,0.,-1.));
#10982=DIRECTION('',(0.,0.,1.));
#10983=DIRECTION('',(0.,-1.,0.));
#10984=DIRECTION('',(0.,0.,-1.));
#10985=DIRECTION('',(0.,1.,0.));
#10986=DIRECTION('center_axis',(0.,0.,1.));
#10987=DIRECTION('ref_axis',(-1.,0.,0.));
#10988=DIRECTION('center_axis',(0.,0.,-1.));
#10989=DIRECTION('ref_axis',(-1.,0.,0.));
#10990=DIRECTION('center_axis',(0.,0.,-1.));
#10991=DIRECTION('ref_axis',(1.,0.,0.));
#10992=DIRECTION('center_axis',(0.,0.,1.));
#10993=DIRECTION('ref_axis',(-1.,0.,0.));
#10994=DIRECTION('center_axis',(0.,0.,-1.));
#10995=DIRECTION('ref_axis',(-1.,0.,0.));
#10996=DIRECTION('center_axis',(0.,0.,-1.));
#10997=DIRECTION('ref_axis',(1.,0.,0.));
#10998=DIRECTION('center_axis',(0.,0.,1.));
#10999=DIRECTION('ref_axis',(-1.,0.,0.));
#11000=DIRECTION('center_axis',(0.,0.,-1.));
#11001=DIRECTION('ref_axis',(-1.,0.,0.));
#11002=DIRECTION('center_axis',(0.,0.,-1.));
#11003=DIRECTION('ref_axis',(1.,0.,0.));
#11004=DIRECTION('center_axis',(0.,0.,-1.));
#11005=DIRECTION('ref_axis',(1.,0.,0.));
#11006=DIRECTION('',(0.,0.,-1.));
#11007=DIRECTION('center_axis',(0.,0.,1.));
#11008=DIRECTION('ref_axis',(1.,0.,0.));
#11009=DIRECTION('center_axis',(0.,0.,-1.));
#11010=DIRECTION('ref_axis',(1.,0.,0.));
#11011=DIRECTION('',(0.,0.,-1.));
#11012=DIRECTION('center_axis',(0.,0.,1.));
#11013=DIRECTION('ref_axis',(1.,0.,0.));
#11014=DIRECTION('center_axis',(0.,0.,-1.));
#11015=DIRECTION('ref_axis',(1.,0.,0.));
#11016=DIRECTION('',(0.,0.,-1.));
#11017=DIRECTION('center_axis',(0.,0.,1.));
#11018=DIRECTION('ref_axis',(1.,0.,0.));
#11019=DIRECTION('center_axis',(0.,0.,-1.));
#11020=DIRECTION('ref_axis',(-1.,0.,0.));
#11021=DIRECTION('center_axis',(0.,0.,1.));
#11022=DIRECTION('ref_axis',(-1.,0.,0.));
#11023=DIRECTION('center_axis',(0.,-1.,0.));
#11024=DIRECTION('ref_axis',(1.,0.,0.));
#11025=DIRECTION('center_axis',(0.,0.,1.));
#11026=DIRECTION('ref_axis',(-1.,0.,0.));
#11027=DIRECTION('center_axis',(0.,0.,-1.));
#11028=DIRECTION('ref_axis',(-1.,0.,0.));
#11029=DIRECTION('center_axis',(0.,0.,1.));
#11030=DIRECTION('ref_axis',(-1.,0.,0.));
#11031=DIRECTION('center_axis',(0.,-1.,0.));
#11032=DIRECTION('ref_axis',(1.,0.,0.));
#11033=DIRECTION('center_axis',(0.,0.,1.));
#11034=DIRECTION('ref_axis',(-1.,0.,0.));
#11035=DIRECTION('center_axis',(0.,0.,-1.));
#11036=DIRECTION('ref_axis',(-1.,0.,0.));
#11037=DIRECTION('center_axis',(0.,0.,1.));
#11038=DIRECTION('ref_axis',(-1.,0.,0.));
#11039=DIRECTION('center_axis',(0.,-1.,0.));
#11040=DIRECTION('ref_axis',(1.,0.,0.));
#11041=DIRECTION('center_axis',(0.,0.,1.));
#11042=DIRECTION('ref_axis',(-1.,0.,0.));
#11043=DIRECTION('center_axis',(1.,0.,0.));
#11044=DIRECTION('ref_axis',(0.,1.,0.));
#11045=DIRECTION('',(0.,-1.,0.));
#11046=DIRECTION('',(0.,0.,-1.));
#11047=DIRECTION('',(0.,-1.,0.));
#11048=DIRECTION('',(0.,-1.,0.));
#11049=DIRECTION('',(0.,-1.,0.));
#11050=DIRECTION('',(0.,1.,0.));
#11051=DIRECTION('',(0.,0.,1.));
#11052=DIRECTION('center_axis',(0.,1.,0.));
#11053=DIRECTION('ref_axis',(0.,0.,1.));
#11054=DIRECTION('',(0.,0.,1.));
#11055=DIRECTION('',(-1.,0.,0.));
#11056=DIRECTION('',(1.,0.,0.));
#11057=DIRECTION('center_axis',(0.,0.,-1.));
#11058=DIRECTION('ref_axis',(0.707106781186548,0.707106781186548,0.));
#11059=DIRECTION('center_axis',(0.,0.,1.));
#11060=DIRECTION('ref_axis',(0.707106781186548,0.707106781186548,0.));
#11061=DIRECTION('center_axis',(0.,0.,-1.));
#11062=DIRECTION('ref_axis',(0.707106781186548,0.707106781186548,0.));
#11063=DIRECTION('center_axis',(0.,0.,1.));
#11064=DIRECTION('ref_axis',(0.,-1.,0.));
#11065=DIRECTION('center_axis',(0.,0.,-1.));
#11066=DIRECTION('ref_axis',(0.707106781186548,-0.707106781186548,0.));
#11067=DIRECTION('',(-1.,0.,0.));
#11068=DIRECTION('center_axis',(0.,-1.,0.));
#11069=DIRECTION('ref_axis',(0.,0.,-1.));
#11070=DIRECTION('',(0.,0.,-1.));
#11071=DIRECTION('',(1.,0.,0.));
#11072=DIRECTION('center_axis',(0.,0.,1.));
#11073=DIRECTION('ref_axis',(0.707106781186548,-0.707106781186548,0.));
#11074=DIRECTION('center_axis',(0.,0.,1.));
#11075=DIRECTION('ref_axis',(0.707106781186548,-0.707106781186548,0.));
#11076=DIRECTION('center_axis',(0.,0.,-1.));
#11077=DIRECTION('ref_axis',(0.,1.,0.));
#11078=DIRECTION('',(-6.93248006831794E-17,-1.10081034825381E-16,0.999999999999999));
#11079=DIRECTION('',(-1.,-3.89965837399586E-15,-5.55111512312578E-17));
#11080=DIRECTION('',(-5.55111512312574E-17,-5.55111512312573E-17,0.999999999999999));
#11081=DIRECTION('',(-1.,-3.89965837399586E-15,-5.55111512312578E-17));
#11082=CARTESIAN_POINT('',(0.,0.,0.));
#11083=CARTESIAN_POINT('',(0.,0.,0.));
#11084=CARTESIAN_POINT('Ctrl Pts',(19.,-2.,3.));
#11085=CARTESIAN_POINT('Ctrl Pts',(19.,-3.00000000000003,3.));
#11086=CARTESIAN_POINT('Ctrl Pts',(19.,-4.00000000000007,3.));
#11087=CARTESIAN_POINT('Ctrl Pts',(19.,-5.0000000000001,3.));
#11088=CARTESIAN_POINT('Ctrl Pts',(19.3992332600806,-2.,9.87644435069701));
#11089=CARTESIAN_POINT('Ctrl Pts',(19.3992332600806,-3.00000000000003,9.87644435069701));
#11090=CARTESIAN_POINT('Ctrl Pts',(19.3992332600806,-4.00000000000007,9.87644435069701));
#11091=CARTESIAN_POINT('Ctrl Pts',(19.3992332600806,-5.0000000000001,9.87644435069701));
#11092=CARTESIAN_POINT('Ctrl Pts',(21.5893585810372,-2.,16.6412157744513));
#11093=CARTESIAN_POINT('Ctrl Pts',(21.5893585810372,-3.00000000000003,16.6412157744513));
#11094=CARTESIAN_POINT('Ctrl Pts',(21.5893585810372,-4.00000000000007,16.6412157744513));
#11095=CARTESIAN_POINT('Ctrl Pts',(21.5893585810372,-5.0000000000001,16.6412157744513));
#11096=CARTESIAN_POINT('Ctrl Pts',(25.2960114303608,-2.,22.4468680856725));
#11097=CARTESIAN_POINT('Ctrl Pts',(25.2960114303608,-3.00000000000003,22.4468680856725));
#11098=CARTESIAN_POINT('Ctrl Pts',(25.2960114303608,-4.00000000000007,22.4468680856725));
#11099=CARTESIAN_POINT('Ctrl Pts',(25.2960114303608,-5.0000000000001,22.4468680856725));
#11100=CARTESIAN_POINT('',(19.,-5.,3.));
#11101=CARTESIAN_POINT('',(25.2960114303608,-5.,22.4468680856725));
#11102=CARTESIAN_POINT('Ctrl Pts',(25.2960114303608,-5.0000000000001,22.4468680856725));
#11103=CARTESIAN_POINT('Ctrl Pts',(21.5893585810372,-5.0000000000001,16.6412157744513));
#11104=CARTESIAN_POINT('Ctrl Pts',(19.3992332600806,-5.0000000000001,9.87644435069701));
#11105=CARTESIAN_POINT('Ctrl Pts',(19.,-5.0000000000001,3.));
#11106=CARTESIAN_POINT('',(19.,-2.,3.));
#11107=CARTESIAN_POINT('',(19.,25.075,3.));
#11108=CARTESIAN_POINT('',(25.2960114303608,-2.,22.4468680856725));
#11109=CARTESIAN_POINT('Ctrl Pts',(19.,-2.,3.));
#11110=CARTESIAN_POINT('Ctrl Pts',(19.3992332600806,-2.,9.87644435069701));
#11111=CARTESIAN_POINT('Ctrl Pts',(21.5893585810372,-2.,16.6412157744513));
#11112=CARTESIAN_POINT('Ctrl Pts',(25.2960114303608,-2.,22.4468680856725));
#11113=CARTESIAN_POINT('Ctrl Pts',(25.2960114303608,-2.,22.4468680856725));
#11114=CARTESIAN_POINT('Ctrl Pts',(25.2960114303608,-3.00000000000003,22.4468680856725));
#11115=CARTESIAN_POINT('Ctrl Pts',(25.2960114303608,-4.00000000000007,22.4468680856725));
#11116=CARTESIAN_POINT('Ctrl Pts',(25.2960114303608,-5.0000000000001,22.4468680856725));
#11117=CARTESIAN_POINT('Ctrl Pts',(9.,-5.,3.));
#11118=CARTESIAN_POINT('Ctrl Pts',(9.,-2.,3.));
#11119=CARTESIAN_POINT('Ctrl Pts',(10.0865940533141,-5.,4.50396750163781));
#11120=CARTESIAN_POINT('Ctrl Pts',(10.0865940533141,-2.,4.50396750163781));
#11121=CARTESIAN_POINT('Ctrl Pts',(12.2502359178486,-5.,7.33476027337269));
#11122=CARTESIAN_POINT('Ctrl Pts',(12.2502359178486,-2.,7.33476027337269));
#11123=CARTESIAN_POINT('Ctrl Pts',(15.4665401995862,-5.,11.0505280206522));
#11124=CARTESIAN_POINT('Ctrl Pts',(15.4665401995862,-2.,11.0505280206522));
#11125=CARTESIAN_POINT('Ctrl Pts',(19.6174684567315,-5.,15.1886907106987));
#11126=CARTESIAN_POINT('Ctrl Pts',(19.6174684567315,-2.,15.1886907106987));
#11127=CARTESIAN_POINT('Ctrl Pts',(24.1900913815318,-5.,20.2585286951087));
#11128=CARTESIAN_POINT('Ctrl Pts',(24.1900913815318,-2.,20.2585286951087));
#11129=CARTESIAN_POINT('Ctrl Pts',(27.8969938234687,-5.,26.3664921713433));
#11130=CARTESIAN_POINT('Ctrl Pts',(27.8969938234687,-2.,26.3664921713433));
#11131=CARTESIAN_POINT('Ctrl Pts',(30.7297555923055,-5.,34.2072465763923));
#11132=CARTESIAN_POINT('Ctrl Pts',(30.7297555923055,-2.,34.2072465763923));
#11133=CARTESIAN_POINT('Ctrl Pts',(33.5953110652174,-5.,42.6546401406773));
#11134=CARTESIAN_POINT('Ctrl Pts',(33.5953110652174,-2.,42.6546401406773));
#11135=CARTESIAN_POINT('Ctrl Pts',(37.1489442202516,-5.,50.7627902845644));
#11136=CARTESIAN_POINT('Ctrl Pts',(37.1489442202516,-2.,50.7627902845644));
#11137=CARTESIAN_POINT('Ctrl Pts',(41.6452456072895,-5.,58.1551732178267));
#11138=CARTESIAN_POINT('Ctrl Pts',(41.6452456072895,-2.,58.1551732178267));
#11139=CARTESIAN_POINT('Ctrl Pts',(46.0756166135779,-5.,63.3475272652298));
#11140=CARTESIAN_POINT('Ctrl Pts',(46.0756166135779,-2.,63.3475272652298));
#11141=CARTESIAN_POINT('Ctrl Pts',(49.8605767030379,-5.,66.8315171078286));
#11142=CARTESIAN_POINT('Ctrl Pts',(49.8605767030379,-2.,66.8315171078286));
#11143=CARTESIAN_POINT('Ctrl Pts',(52.5864498744403,-5.,68.9738561902925));
#11144=CARTESIAN_POINT('Ctrl Pts',(52.5864498744403,-2.,68.9738561902925));
#11145=CARTESIAN_POINT('Ctrl Pts',(54.,-5.,69.9999999999999));
#11146=CARTESIAN_POINT('Ctrl Pts',(54.,-2.,69.9999999999999));
#11147=CARTESIAN_POINT('',(42.9268430401024,-1.99999999999999,59.29699819471));
#11148=CARTESIAN_POINT('Ctrl Pts',(42.9268430401024,-2.,59.29699819471));
#11149=CARTESIAN_POINT('Ctrl Pts',(42.7183279535329,-2.,59.0273488318967));
#11150=CARTESIAN_POINT('Ctrl Pts',(41.4770463274697,-2.,57.395577704923));
#11151=CARTESIAN_POINT('Ctrl Pts',(39.3365082512223,-2.,54.286784568928));
#11152=CARTESIAN_POINT('Ctrl Pts',(36.5800222048457,-2.,49.4647088789082));
#11153=CARTESIAN_POINT('Ctrl Pts',(33.5953110652174,-2.,42.6546401406773));
#11154=CARTESIAN_POINT('Ctrl Pts',(30.9193804596693,-2.,34.7662432174764));
#11155=CARTESIAN_POINT('Ctrl Pts',(28.8386352436923,-2.,28.9756696004109));
#11156=CARTESIAN_POINT('Ctrl Pts',(27.0492350945545,-2.,25.3362825985816));
#11157=CARTESIAN_POINT('Ctrl Pts',(25.8113225837451,-2.,23.2539890949111));
#11158=CARTESIAN_POINT('Ctrl Pts',(25.2960114303599,-2.,22.446868085671));
#11159=CARTESIAN_POINT('',(42.9268430401024,-5.00000000000001,59.29699819471));
#11160=CARTESIAN_POINT('Ctrl Pts',(42.9268430401024,-5.00000000000005,59.29699819471));
#11161=CARTESIAN_POINT('Ctrl Pts',(42.9268430401024,-4.00000000000002,59.29699819471));
#11162=CARTESIAN_POINT('Ctrl Pts',(42.9268430401024,-3.,59.29699819471));
#11163=CARTESIAN_POINT('Ctrl Pts',(42.9268430401024,-1.99999999999997,59.29699819471));
#11164=CARTESIAN_POINT('Ctrl Pts',(25.2960114303599,-5.,22.446868085671));
#11165=CARTESIAN_POINT('Ctrl Pts',(25.8113225837451,-5.,23.2539890949111));
#11166=CARTESIAN_POINT('Ctrl Pts',(27.0492350945545,-5.,25.3362825985816));
#11167=CARTESIAN_POINT('Ctrl Pts',(28.8386352436923,-5.,28.9756696004109));
#11168=CARTESIAN_POINT('Ctrl Pts',(30.9193804596693,-5.,34.7662432174764));
#11169=CARTESIAN_POINT('Ctrl Pts',(33.5953110652174,-5.,42.6546401406773));
#11170=CARTESIAN_POINT('Ctrl Pts',(36.5800222048457,-5.,49.4647088789082));
#11171=CARTESIAN_POINT('Ctrl Pts',(39.3365082512223,-5.,54.286784568928));
#11172=CARTESIAN_POINT('Ctrl Pts',(41.4770463274697,-5.,57.395577704923));
#11173=CARTESIAN_POINT('Ctrl Pts',(42.7183279535328,-5.,59.0273488318967));
#11174=CARTESIAN_POINT('Ctrl Pts',(42.9268430401024,-5.,59.29699819471));
#11175=CARTESIAN_POINT('Origin',(9.,-2.,63.));
#11176=CARTESIAN_POINT('',(9.,-1.99999999999999,115.));
#11177=CARTESIAN_POINT('',(9.,-2.,3.));
#11178=CARTESIAN_POINT('',(9.,-1.99999999999999,55.5));
#11179=CARTESIAN_POINT('',(14.716377294078,-2.,115.));
#11180=CARTESIAN_POINT('',(9.,-2.,115.));
#11181=CARTESIAN_POINT('',(19.1058550836595,-2.,107.605739209115));
#11182=CARTESIAN_POINT('Origin',(14.716377294078,-2.,110.));
#11183=CARTESIAN_POINT('',(15.4487581172347,-2.,100.901061936873));
#11184=CARTESIAN_POINT('',(4.45751355862877,-2.,80.7504484141003));
#11185=CARTESIAN_POINT('',(15.4487578697662,-2.,85.0989411707222));
#11186=CARTESIAN_POINT('Origin',(29.9340348228536,-2.,93.0000013269517));
#11187=CARTESIAN_POINT('',(16.5147239260812,-2.,83.1446700674782));
#11188=CARTESIAN_POINT('',(23.0689794983643,-2.,71.1285348516257));
#11189=CARTESIAN_POINT('',(45.4852778322559,-2.,83.1446700674782));
#11190=CARTESIAN_POINT('Origin',(31.0000008791685,-2.,91.0457302237076));
#11191=CARTESIAN_POINT('',(46.8618005002892,-2.,85.6682949588726));
#11192=CARTESIAN_POINT('',(39.8864360711188,-2.,72.8801268387269));
#11193=CARTESIAN_POINT('',(46.0159558171178,-2.,102.854606180872));
#11194=CARTESIAN_POINT('Origin',(32.3765235472018,-2.,93.5693551151021));
#11195=CARTESIAN_POINT('',(43.0670978069427,-2.,107.186287555827));
#11196=CARTESIAN_POINT('',(48.6552948299742,-2.,98.9775881607651));
#11197=CARTESIAN_POINT('',(47.2002591008566,-2.,115.));
#11198=CARTESIAN_POINT('Origin',(47.2002591008566,-2.,110.));
#11199=CARTESIAN_POINT('',(48.42271,-2.,115.));
#11200=CARTESIAN_POINT('',(9.,-2.,115.));
#11201=CARTESIAN_POINT('',(54.,-2.,109.42271));
#11202=CARTESIAN_POINT('Origin',(48.42271,-2.,109.42271));
#11203=CARTESIAN_POINT('',(54.,-1.99999999999999,91.7182849164092));
#11204=CARTESIAN_POINT('',(54.,-2.,75.5));
#11205=CARTESIAN_POINT('Ctrl Pts',(42.9268430401024,-1.99999999999997,59.29699819471));
#11206=CARTESIAN_POINT('Ctrl Pts',(46.9917686904074,-1.99999999999997,64.5537142890764));
#11207=CARTESIAN_POINT('Ctrl Pts',(50.0546091501238,-1.99999999999997,70.5826718977295));
#11208=CARTESIAN_POINT('Ctrl Pts',(51.9054625732967,-1.99999999999997,76.9640970236048));
#11209=CARTESIAN_POINT('Ctrl Pts',(53.2936026406763,-1.99999999999997,81.7501658680113));
#11210=CARTESIAN_POINT('Ctrl Pts',(54.0000000000001,-1.99999999999997,86.7344976908553));
#11211=CARTESIAN_POINT('Ctrl Pts',(54.0000000000001,-1.99999999999997,91.7182849164092));
#11212=CARTESIAN_POINT('',(32.5,-2.,3.));
#11213=CARTESIAN_POINT('',(13.6506078015203,-2.,110.673811162937));
#11214=CARTESIAN_POINT('',(15.0000008791685,-2.,112.150001639127));
#11215=CARTESIAN_POINT('',(0.721545790513889,-2.,96.5298537624848));
#11216=CARTESIAN_POINT('',(16.3493939568167,-2.,110.673811162937));
#11217=CARTESIAN_POINT('Origin',(15.0000008791685,-2.,109.000001639128));
#11218=CARTESIAN_POINT('',(25.8724665117805,-2.,100.25589125319));
#11219=CARTESIAN_POINT('',(48.3493939568167,-2.,78.6738111629372));
#11220=CARTESIAN_POINT('',(45.6506078015203,-2.,78.6738111629372));
#11221=CARTESIAN_POINT('Origin',(47.0000008791685,-2.,77.0000016391277));
#11222=CARTESIAN_POINT('',(47.0000008791685,-2.,80.1500016391275));
#11223=CARTESIAN_POINT('',(42.6211749603147,-2.,84.9402893806157));
#11224=CARTESIAN_POINT('',(33.40594391794,-2.,65.2785622110191));
#11225=CARTESIAN_POINT('',(48.3493939568167,-2.,110.673811162937));
#11226=CARTESIAN_POINT('',(45.6506078015203,-2.,110.673811162937));
#11227=CARTESIAN_POINT('Origin',(47.0000008791685,-2.,109.000001639128));
#11228=CARTESIAN_POINT('',(47.0000008791685,-2.,112.150001639127));
#11229=CARTESIAN_POINT('',(50.5890197997606,-2.,108.223736092636));
#11230=CARTESIAN_POINT('',(25.438099078494,-2.,88.5620089230389));
#11231=CARTESIAN_POINT('',(16.3493939568167,-2.,78.6738111629372));
#11232=CARTESIAN_POINT('',(13.6506078015203,-2.,78.6738111629372));
#11233=CARTESIAN_POINT('Origin',(15.0000008791685,-2.,77.0000016391277));
#11234=CARTESIAN_POINT('',(15.0000008791685,-2.,80.1500016391275));
#11235=CARTESIAN_POINT('',(17.9046216723346,-2.,76.9724445411698));
#11236=CARTESIAN_POINT('',(8.6893906299598,-2.,73.246407050465));
#11237=CARTESIAN_POINT('Ctrl Pts',(42.9268430401024,-5.00000000000005,59.29699819471));
#11238=CARTESIAN_POINT('Ctrl Pts',(42.9268430401024,-4.00000000000002,59.29699819471));
#11239=CARTESIAN_POINT('Ctrl Pts',(42.9268430401024,-3.,59.29699819471));
#11240=CARTESIAN_POINT('Ctrl Pts',(42.9268430401024,-1.99999999999997,59.29699819471));
#11241=CARTESIAN_POINT('Ctrl Pts',(46.9917686904074,-5.00000000000005,64.5537142890764));
#11242=CARTESIAN_POINT('Ctrl Pts',(46.9917686904074,-4.00000000000002,64.5537142890764));
#11243=CARTESIAN_POINT('Ctrl Pts',(46.9917686904074,-3.,64.5537142890764));
#11244=CARTESIAN_POINT('Ctrl Pts',(46.9917686904074,-1.99999999999997,64.5537142890764));
#11245=CARTESIAN_POINT('Ctrl Pts',(52.3517394949112,-5.00000000000005,75.1043901042193));
#11246=CARTESIAN_POINT('Ctrl Pts',(52.3517394949112,-4.00000000000002,75.1043901042193));
#11247=CARTESIAN_POINT('Ctrl Pts',(52.3517394949112,-2.99999999999999,75.1043901042193));
#11248=CARTESIAN_POINT('Ctrl Pts',(52.3517394949112,-1.99999999999997,75.1043901042193));
#11249=CARTESIAN_POINT('Ctrl Pts',(54.0000000000001,-5.00000000000005,86.7344976908553));
#11250=CARTESIAN_POINT('Ctrl Pts',(54.0000000000001,-4.00000000000002,86.7344976908553));
#11251=CARTESIAN_POINT('Ctrl Pts',(54.0000000000001,-3.,86.7344976908553));
#11252=CARTESIAN_POINT('Ctrl Pts',(54.0000000000001,-1.99999999999997,86.7344976908553));
#11253=CARTESIAN_POINT('Ctrl Pts',(54.0000000000001,-5.00000000000005,91.7182849164092));
#11254=CARTESIAN_POINT('Ctrl Pts',(54.0000000000001,-4.00000000000002,91.7182849164092));
#11255=CARTESIAN_POINT('Ctrl Pts',(54.0000000000001,-3.,91.7182849164092));
#11256=CARTESIAN_POINT('Ctrl Pts',(54.0000000000001,-1.99999999999997,91.7182849164092));
#11257=CARTESIAN_POINT('',(54.,-5.00000000000001,91.7182849164092));
#11258=CARTESIAN_POINT('Ctrl Pts',(54.0000000000001,-1.99999999999997,91.7182849164092));
#11259=CARTESIAN_POINT('Ctrl Pts',(54.0000000000001,-3.,91.7182849164092));
#11260=CARTESIAN_POINT('Ctrl Pts',(54.0000000000001,-4.00000000000002,91.7182849164092));
#11261=CARTESIAN_POINT('Ctrl Pts',(54.0000000000001,-5.00000000000005,91.7182849164092));
#11262=CARTESIAN_POINT('Ctrl Pts',(54.0000000000001,-5.00000000000002,91.7182849164092));
#11263=CARTESIAN_POINT('Ctrl Pts',(54.0000000000001,-5.00000000000002,86.7344976908553));
#11264=CARTESIAN_POINT('Ctrl Pts',(53.2936026406763,-5.00000000000002,81.7501658680113));
#11265=CARTESIAN_POINT('Ctrl Pts',(51.9054625732967,-5.00000000000002,76.9640970236048));
#11266=CARTESIAN_POINT('Ctrl Pts',(50.0546091501238,-5.00000000000002,70.5826718977295));
#11267=CARTESIAN_POINT('Ctrl Pts',(46.9917686904074,-5.00000000000002,64.5537142890764));
#11268=CARTESIAN_POINT('Ctrl Pts',(42.9268430401024,-5.00000000000002,59.29699819471));
#11269=CARTESIAN_POINT('Origin',(6.50007333440892,83.1500004321337,72.3800007867813));
#11270=CARTESIAN_POINT('',(9.,53.0000008642673,76.7100007867813));
#11271=CARTESIAN_POINT('',(4.00014666881784,53.0000008642673,68.0500007867813));
#11272=CARTESIAN_POINT('',(3.9265344804604,53.0000008642673,67.9225007364899));
#11273=CARTESIAN_POINT('',(4.00014666881784,56.0000009089708,68.0500007867813));
#11274=CARTESIAN_POINT('',(4.00014666881784,83.1500004321337,68.0500007867813));
#11275=CARTESIAN_POINT('',(9.,56.0000009089708,76.7100007867813));
#11276=CARTESIAN_POINT('',(4.57605356233449,56.0000009089708,69.0475007867813));
#11277=CARTESIAN_POINT('',(9.,83.1500004321337,76.7100007867813));
#11278=CARTESIAN_POINT('Origin',(6.50007333440892,84.6500004544854,27.7200006526709));
#11279=CARTESIAN_POINT('',(9.,56.0000009089708,23.3900006526709));
#11280=CARTESIAN_POINT('',(4.00014666881784,56.0000009089708,32.0500006526709));
#11281=CARTESIAN_POINT('',(-0.620098889407907,56.0000009089708,40.0525007029623));
#11282=CARTESIAN_POINT('',(4.00014666880422,53.0000008642673,32.0500006526709));
#11283=CARTESIAN_POINT('',(4.00014666881784,84.6500004544854,32.0500006526709));
#11284=CARTESIAN_POINT('',(9.,53.0000008642673,23.3900006526709));
#11285=CARTESIAN_POINT('',(0.0294201924661863,53.0000008642673,38.9275006526709));
#11286=CARTESIAN_POINT('',(9.,84.6500004544854,23.3900006526709));
#11287=CARTESIAN_POINT('Origin',(6.50007333440892,87.4000004544854,27.7200006526709));
#11288=CARTESIAN_POINT('',(9.,61.5000009089708,23.3900006526709));
#11289=CARTESIAN_POINT('',(4.00014666881784,61.5000009089708,32.0500006526709));
#11290=CARTESIAN_POINT('',(-1.91913699508457,61.5000009089708,42.3025007029623));
#11291=CARTESIAN_POINT('',(4.00014666881784,58.5000008642673,32.0500006526709));
#11292=CARTESIAN_POINT('',(4.00014666881784,87.4000004544854,32.0500006526709));
#11293=CARTESIAN_POINT('',(9.,58.5000008642673,23.3900006526709));
#11294=CARTESIAN_POINT('',(0.0294201924661863,58.5000008642673,38.9275006526709));
#11295=CARTESIAN_POINT('',(9.,87.4000004544854,23.3900006526709));
#11296=CARTESIAN_POINT('Origin',(6.50007333440892,90.1500004544854,27.7200006526709));
#11297=CARTESIAN_POINT('',(9.,67.0000009089708,23.3900006526709));
#11298=CARTESIAN_POINT('',(4.00014666881784,67.0000009089708,32.0500006526709));
#11299=CARTESIAN_POINT('',(-0.620098889407907,67.0000009089708,40.0525007029623));
#11300=CARTESIAN_POINT('',(4.00014666881784,64.0000008642673,32.0500006526709));
#11301=CARTESIAN_POINT('',(4.00014666881784,90.1500004544854,32.0500006526709));
#11302=CARTESIAN_POINT('',(9.,64.0000008642673,23.3900006526709));
#11303=CARTESIAN_POINT('',(0.0294201924661863,64.0000008642673,38.9275006526709));
#11304=CARTESIAN_POINT('',(9.,90.1500004544854,23.3900006526709));
#11305=CARTESIAN_POINT('Origin',(6.50007333440892,96.5999990846962,27.7199993488193));
#11306=CARTESIAN_POINT('',(9.,79.8999981693923,23.3899993488193));
#11307=CARTESIAN_POINT('',(4.00014666881784,79.8999981693923,32.0499993488193));
#11308=CARTESIAN_POINT('',(3.92653450949616,79.8999981693923,32.1774993488193));
#11309=CARTESIAN_POINT('',(4.00014666881784,76.8999981693923,32.0499993488193));
#11310=CARTESIAN_POINT('',(4.00014666881784,96.5999990846962,32.0499993488193));
#11311=CARTESIAN_POINT('',(9.,76.8999981693923,23.3899993488193));
#11312=CARTESIAN_POINT('',(5.87509166801115,76.8999981693923,28.8024993488193));
#11313=CARTESIAN_POINT('',(9.,96.5999990846962,23.3899993488193));
#11314=CARTESIAN_POINT('Origin',(6.50007333440892,99.3499990846962,27.7199993488193));
#11315=CARTESIAN_POINT('',(9.,85.3999981693924,23.3899993488193));
#11316=CARTESIAN_POINT('',(4.00014666881784,85.3999981693924,32.0499993488193));
#11317=CARTESIAN_POINT('',(3.92653450949616,85.3999981693924,32.1774993488193));
#11318=CARTESIAN_POINT('',(4.00014666881784,82.3999981693923,32.0499993488193));
#11319=CARTESIAN_POINT('',(4.00014666881784,99.3499990846962,32.0499993488193));
#11320=CARTESIAN_POINT('',(9.,82.3999981693923,23.3899993488193));
#11321=CARTESIAN_POINT('',(5.87509166801115,82.3999981693923,28.8024993488193));
#11322=CARTESIAN_POINT('',(9.,99.3499990846962,23.3899993488193));
#11323=CARTESIAN_POINT('Origin',(6.50007333440892,102.099999084696,27.7199993488193));
#11324=CARTESIAN_POINT('',(9.,90.8999981693923,23.3899993488193));
#11325=CARTESIAN_POINT('',(4.00014666881784,90.8999981693923,32.0499993488193));
#11326=CARTESIAN_POINT('',(3.92653450949616,90.8999981693923,32.1774993488193));
#11327=CARTESIAN_POINT('',(4.00014666881784,87.8999981693923,32.0499993488193));
#11328=CARTESIAN_POINT('',(4.00014666881784,102.099999084696,32.0499993488193));
#11329=CARTESIAN_POINT('',(9.,87.8999981693923,23.3899993488193));
#11330=CARTESIAN_POINT('',(5.87509166801115,87.8999981693923,28.8024993488193));
#11331=CARTESIAN_POINT('',(9.,102.099999084696,23.3899993488193));
#11332=CARTESIAN_POINT('Origin',(6.50007333440892,100.599999084696,72.3799993935228));
#11333=CARTESIAN_POINT('',(9.,87.8999981693923,76.7099993935227));
#11334=CARTESIAN_POINT('',(4.00014666881784,87.8999981693923,68.0499993935227));
#11335=CARTESIAN_POINT('',(-1.91913697572739,87.8999981693923,57.7974993767589));
#11336=CARTESIAN_POINT('',(4.00014666881784,90.8999981693923,68.0499993935227));
#11337=CARTESIAN_POINT('',(4.00014666881784,100.599999084696,68.0499993935227));
#11338=CARTESIAN_POINT('',(9.,90.8999981693923,76.7099993935227));
#11339=CARTESIAN_POINT('',(0.0294201827876006,90.8999981693923,61.1724993767589));
#11340=CARTESIAN_POINT('',(9.,100.599999084696,76.7099993935227));
#11341=CARTESIAN_POINT('Origin',(6.50007333440892,97.8499990846962,72.3799993935228));
#11342=CARTESIAN_POINT('',(9.,82.3999981693923,76.7099993935227));
#11343=CARTESIAN_POINT('',(4.00014666881784,82.3999981693923,68.0499993935227));
#11344=CARTESIAN_POINT('',(-1.91913697572739,82.3999981693923,57.7974993767589));
#11345=CARTESIAN_POINT('',(4.00014666881784,85.3999981693924,68.0499993935227));
#11346=CARTESIAN_POINT('',(4.00014666881784,97.8499990846962,68.0499993935227));
#11347=CARTESIAN_POINT('',(9.,85.3999981693924,76.7099993935227));
#11348=CARTESIAN_POINT('',(0.0294201827876006,85.3999981693924,61.1724993767589));
#11349=CARTESIAN_POINT('',(9.,97.8499990846962,76.7099993935227));
#11350=CARTESIAN_POINT('Origin',(6.50007333440892,95.0999990846962,72.3799993935228));
#11351=CARTESIAN_POINT('',(9.,76.8999981693923,76.7099993935227));
#11352=CARTESIAN_POINT('',(4.00014666881784,76.8999981693923,68.0499993935227));
#11353=CARTESIAN_POINT('',(-1.91913697572739,76.8999981693923,57.7974993767589));
#11354=CARTESIAN_POINT('',(4.00014666881784,79.8999981693923,68.0499993935227));
#11355=CARTESIAN_POINT('',(4.00014666881784,95.0999990846962,68.0499993935227));
#11356=CARTESIAN_POINT('',(9.,79.8999981693923,76.7099993935227));
#11357=CARTESIAN_POINT('',(0.0294201827876006,79.8999981693923,61.1724993767589));
#11358=CARTESIAN_POINT('',(9.,95.0999990846962,76.7099993935227));
#11359=CARTESIAN_POINT('Origin',(6.50007333440892,88.6500004321337,72.3800007867813));
#11360=CARTESIAN_POINT('',(9.,64.0000008642673,76.7100007867813));
#11361=CARTESIAN_POINT('',(4.00014666881784,64.0000008642673,68.0500007867813));
#11362=CARTESIAN_POINT('',(3.9265344804604,64.0000008642673,67.9225007364899));
#11363=CARTESIAN_POINT('',(4.00014666881784,67.0000009089708,68.0500007867813));
#11364=CARTESIAN_POINT('',(4.00014666881784,88.6500004321337,68.0500007867813));
#11365=CARTESIAN_POINT('',(9.,67.0000009089708,76.7100007867813));
#11366=CARTESIAN_POINT('',(4.57605356233449,67.0000009089708,69.0475007867813));
#11367=CARTESIAN_POINT('',(9.,88.6500004321337,76.7100007867813));
#11368=CARTESIAN_POINT('Origin',(6.50007333440892,85.9000004321337,72.3800007867813));
#11369=CARTESIAN_POINT('',(9.,58.5000008642673,76.7100007867813));
#11370=CARTESIAN_POINT('',(4.00014666881784,58.5000008642673,68.0500007867813));
#11371=CARTESIAN_POINT('',(3.9265344804604,58.5000008642673,67.9225007364899));
#11372=CARTESIAN_POINT('',(4.00014666881784,61.5000009089708,68.0500007867813));
#11373=CARTESIAN_POINT('',(4.00014666881784,85.9000004321337,68.0500007867813));
#11374=CARTESIAN_POINT('',(9.,61.5000009089708,76.7100007867813));
#11375=CARTESIAN_POINT('',(5.87509166801115,61.5000009089708,71.2975007867813));
#11376=CARTESIAN_POINT('',(9.,85.9000004321337,76.7100007867813));
#11377=CARTESIAN_POINT('Origin',(6.99999999999999,64.0000009089708,32.0500006526708));
#11378=CARTESIAN_POINT('',(6.99999999999999,64.0000009089708,35.0500007420778));
#11379=CARTESIAN_POINT('',(6.99999999999999,67.0000009089708,41.0500007867813));
#11380=CARTESIAN_POINT('',(6.99999999999999,63.4000008714199,33.8500006580353));
#11381=CARTESIAN_POINT('',(6.99999999999999,64.0000008642673,38.0500006526709));
#11382=CARTESIAN_POINT('',(6.99999999999999,64.0000009089708,32.0500006526708));
#11383=CARTESIAN_POINT('',(6.99999999999999,67.0000009089708,44.0500007867813));
#11384=CARTESIAN_POINT('',(6.99999999999999,64.3000008964539,38.6500007215142));
#11385=CARTESIAN_POINT('',(6.99999999999999,67.0000009089708,32.0500006526708));
#11386=CARTESIAN_POINT('Origin',(6.99999999999999,64.0000009089708,32.0500006526708));
#11387=CARTESIAN_POINT('',(6.99999999999999,64.0000009089708,56.0500007420778));
#11388=CARTESIAN_POINT('',(6.99999999999999,67.0000009089708,62.0500007867813));
#11389=CARTESIAN_POINT('',(6.99999999999999,59.2000008901954,46.4500006330013));
#11390=CARTESIAN_POINT('',(6.99999999999999,64.0000008642673,59.0500006526709));
#11391=CARTESIAN_POINT('',(6.99999999999999,64.0000009089708,32.0500006526708));
#11392=CARTESIAN_POINT('',(6.99999999999999,67.0000009089708,65.0500007867813));
#11393=CARTESIAN_POINT('',(6.99999999999999,60.1000009152293,51.2500006964803));
#11394=CARTESIAN_POINT('',(6.99999999999999,67.0000009089708,32.0500006526708));
#11395=CARTESIAN_POINT('Origin',(6.99999999999999,64.0000009089708,32.0500006526708));
#11396=CARTESIAN_POINT('',(6.99999999999999,67.0000009089708,50.0500007867813));
#11397=CARTESIAN_POINT('',(6.99999999999999,70.3000009357929,43.4500007331371));
#11398=CARTESIAN_POINT('',(6.99999999999999,67.0000009089708,47.0500007867813));
#11399=CARTESIAN_POINT('',(6.99999999999999,67.0000009089708,32.0500006526708));
#11400=CARTESIAN_POINT('',(6.99999999999999,64.0000010281801,53.0500009655952));
#11401=CARTESIAN_POINT('',(6.99999999999999,68.2000009036064,44.6500006306171));
#11402=CARTESIAN_POINT('',(6.99999999999999,64.0000009089708,32.0500006526708));
#11403=CARTESIAN_POINT('Origin',(6.99999999999999,58.5000009089708,32.0500006526708));
#11404=CARTESIAN_POINT('',(6.99999999999999,61.5000009089708,44.0500007867813));
#11405=CARTESIAN_POINT('',(6.99999999999999,58.5000008642673,38.0500006526709));
#11406=CARTESIAN_POINT('',(6.99999999999999,58.8000008964539,38.6500007215142));
#11407=CARTESIAN_POINT('',(6.99999999999999,61.5000009089708,41.0500007867813));
#11408=CARTESIAN_POINT('',(6.99999999999999,61.5000009089708,32.0500006526708));
#11409=CARTESIAN_POINT('',(6.99999999999999,58.5000009089708,35.0500007420778));
#11410=CARTESIAN_POINT('',(6.99999999999999,57.9000008714199,33.8500006580353));
#11411=CARTESIAN_POINT('',(6.99999999999999,58.5000009089708,32.0500006526708));
#11412=CARTESIAN_POINT('Origin',(6.99999999999999,58.5000009089708,32.0500006526708));
#11413=CARTESIAN_POINT('',(6.99999999999999,58.5000008642673,53.0500012934208));
#11414=CARTESIAN_POINT('',(6.99999999999999,61.5000009089708,47.0500007867813));
#11415=CARTESIAN_POINT('',(6.99999999999999,62.70000082165,44.6500007945299));
#11416=CARTESIAN_POINT('',(6.99999999999999,58.5000009089708,56.0500007420778));
#11417=CARTESIAN_POINT('',(6.99999999999999,58.5000009089708,32.0500006526708));
#11418=CARTESIAN_POINT('',(6.99999999999999,61.5000009089708,50.0500007867813));
#11419=CARTESIAN_POINT('',(6.99999999999999,64.8000009357929,43.4500007331371));
#11420=CARTESIAN_POINT('',(6.99999999999999,61.5000009089708,32.0500006526708));
#11421=CARTESIAN_POINT('Origin',(6.99999999999999,58.5000009089708,32.0500006526708));
#11422=CARTESIAN_POINT('',(6.99999999999999,61.5000009089708,65.0500007867813));
#11423=CARTESIAN_POINT('',(6.99999999999999,58.5000008642673,59.0500006526709));
#11424=CARTESIAN_POINT('',(6.99999999999999,54.6000009152293,51.2500006964803));
#11425=CARTESIAN_POINT('',(6.99999999999999,61.5000009089708,62.0500007867813));
#11426=CARTESIAN_POINT('',(6.99999999999999,61.5000009089708,32.0500006526708));
#11427=CARTESIAN_POINT('',(6.99999999999999,53.7000008901954,46.4500006330013));
#11428=CARTESIAN_POINT('',(6.99999999999999,58.5000009089708,32.0500006526708));
#11429=CARTESIAN_POINT('Origin',(6.99999999999999,53.0000009089708,32.0500006526708));
#11430=CARTESIAN_POINT('',(6.99999999999999,53.0000009089708,35.0500007420778));
#11431=CARTESIAN_POINT('',(6.99999999999999,56.0000009089708,41.0500007867813));
#11432=CARTESIAN_POINT('',(6.99999999999999,52.4000008714199,33.8500006580353));
#11433=CARTESIAN_POINT('',(6.99999999999999,53.0000008642673,38.0500006526709));
#11434=CARTESIAN_POINT('',(6.99999999999999,53.0000009089708,32.0500006526708));
#11435=CARTESIAN_POINT('',(6.99999999999999,56.0000009089708,44.0500007867813));
#11436=CARTESIAN_POINT('',(6.99999999999999,53.3000008964539,38.6500007215142));
#11437=CARTESIAN_POINT('',(6.99999999999999,56.0000009089708,32.0500006526708));
#11438=CARTESIAN_POINT('Origin',(6.99999999999999,53.0000009089708,32.0500006526708));
#11439=CARTESIAN_POINT('',(6.99999999999999,53.0000009089708,56.0500007420778));
#11440=CARTESIAN_POINT('',(6.99999999999999,56.0000009089708,62.0500007867813));
#11441=CARTESIAN_POINT('',(6.99999999999999,48.2000008901954,46.4500006330013));
#11442=CARTESIAN_POINT('',(6.99999999999999,53.0000008642673,59.0500006526709));
#11443=CARTESIAN_POINT('',(6.99999999999999,53.0000009089708,32.0500006526708));
#11444=CARTESIAN_POINT('',(6.99999999999999,56.0000009089708,65.0500007867813));
#11445=CARTESIAN_POINT('',(6.99999999999999,49.1000009152293,51.2500006964803));
#11446=CARTESIAN_POINT('',(6.99999999999999,56.0000009089708,32.0500006526708));
#11447=CARTESIAN_POINT('Origin',(6.99999999999999,53.0000009089708,32.0500006526708));
#11448=CARTESIAN_POINT('',(6.99999999999999,56.0000009089708,50.0500007867814));
#11449=CARTESIAN_POINT('',(6.99999999999999,59.3000009357929,43.4500007331371));
#11450=CARTESIAN_POINT('',(6.99999999999999,56.0000009089708,47.0500007867813));
#11451=CARTESIAN_POINT('',(6.99999999999999,56.0000009089708,32.0500006526708));
#11452=CARTESIAN_POINT('',(6.99999999999999,53.0000009089708,53.049772670693));
#11453=CARTESIAN_POINT('',(6.99999999999999,57.2000510989118,44.6499916571511));
#11454=CARTESIAN_POINT('',(6.99999999999999,53.0000009089708,32.0500006526708));
#11455=CARTESIAN_POINT('Origin',(8.99999999999999,67.0000009089708,50.0500007867813));
#11456=CARTESIAN_POINT('',(8.99999999999999,64.0000008642673,56.0500006526709));
#11457=CARTESIAN_POINT('',(8.99999999999999,64.0000008642673,56.0500006526709));
#11458=CARTESIAN_POINT('',(8.99999999999999,67.0000009089708,50.0500007867813));
#11459=CARTESIAN_POINT('',(9.,60.04000097543,63.9700006538629));
#11460=CARTESIAN_POINT('',(8.99999999999999,67.0000009089708,50.0500007867813));
#11461=CARTESIAN_POINT('Origin',(8.99999999999999,64.0000008642673,56.0500006526709));
#11462=CARTESIAN_POINT('',(8.99999999999999,67.0000009089708,62.0500007867813));
#11463=CARTESIAN_POINT('',(8.99999999999999,67.0000009089708,62.0500007867813));
#11464=CARTESIAN_POINT('',(9.,79.3200005420893,86.6900002366007));
#11465=CARTESIAN_POINT('Origin',(8.99999999999999,64.0000008642673,35.0500006526709));
#11466=CARTESIAN_POINT('',(8.99999999999999,67.0000009089708,41.0500007867813));
#11467=CARTESIAN_POINT('',(8.99999999999999,67.0000009089708,41.0500007867813));
#11468=CARTESIAN_POINT('',(8.99999999999999,64.0000008642673,35.0500006526709));
#11469=CARTESIAN_POINT('',(9.,83.5200005233139,74.0900002616346));
#11470=CARTESIAN_POINT('',(8.99999999999999,64.0000008642673,35.0500006526709));
#11471=CARTESIAN_POINT('Origin',(8.99999999999999,67.0000009089708,65.0500007867813));
#11472=CARTESIAN_POINT('',(8.99999999999999,64.0000008642673,59.0500006526709));
#11473=CARTESIAN_POINT('',(8.99999999999999,64.0000008642673,59.0500006526709));
#11474=CARTESIAN_POINT('',(8.99999999999999,67.0000009089708,65.0500007867813));
#11475=CARTESIAN_POINT('',(9.,80.2200005671233,91.4900003000796));
#11476=CARTESIAN_POINT('',(8.99999999999999,67.0000009089708,65.0500007867813));
#11477=CARTESIAN_POINT('Origin',(8.99999999999999,67.0000009089708,44.0500007867813));
#11478=CARTESIAN_POINT('',(8.99999999999999,64.0000008642673,38.0500006526709));
#11479=CARTESIAN_POINT('',(8.99999999999999,64.0000008642673,38.0500006526709));
#11480=CARTESIAN_POINT('',(8.99999999999999,67.0000009089708,44.0500007867813));
#11481=CARTESIAN_POINT('',(9.,84.4200005483478,78.8900003251136));
#11482=CARTESIAN_POINT('',(8.99999999999999,67.0000009089708,44.0500007867813));
#11483=CARTESIAN_POINT('Origin',(8.99999999999999,61.5000009089708,68.0500007867813));
#11484=CARTESIAN_POINT('',(3.99999999999999,61.5000009089708,32.0500006526709));
#11485=CARTESIAN_POINT('',(8.99999999999999,61.5000009089708,41.0500007867813));
#11486=CARTESIAN_POINT('',(9.,61.5000009089708,74.5250003933907));
#11487=CARTESIAN_POINT('',(8.99999999999999,61.5000009089708,41.0500007867813));
#11488=CARTESIAN_POINT('',(8.99999999999999,61.5000009089708,44.0500007867813));
#11489=CARTESIAN_POINT('',(8.99999999999999,61.5000009089708,44.0500007867813));
#11490=CARTESIAN_POINT('',(8.99999999999999,61.5000009089708,47.0500007867813));
#11491=CARTESIAN_POINT('',(9.,61.5000009089708,77.5250003933907));
#11492=CARTESIAN_POINT('',(8.99999999999999,61.5000009089708,47.0500007867813));
#11493=CARTESIAN_POINT('',(8.99999999999999,61.5000009089708,50.0500007867813));
#11494=CARTESIAN_POINT('',(8.99999999999999,61.5000009089708,50.0500007867813));
#11495=CARTESIAN_POINT('',(8.99999999999999,61.5000009089708,62.0500007867813));
#11496=CARTESIAN_POINT('',(9.,61.5000009089708,85.0250003933907));
#11497=CARTESIAN_POINT('',(8.99999999999999,61.5000009089708,62.0500007867813));
#11498=CARTESIAN_POINT('',(8.99999999999999,61.5000009089708,65.0500007867813));
#11499=CARTESIAN_POINT('',(8.99999999999999,61.5000009089708,65.0500007867813));
#11500=CARTESIAN_POINT('',(9.,61.5000009089708,88.0250003933907));
#11501=CARTESIAN_POINT('Origin',(8.99999999999999,61.5000009089708,65.0500007867813));
#11502=CARTESIAN_POINT('',(8.99999999999999,58.5000008642673,59.0500006526709));
#11503=CARTESIAN_POINT('',(8.99999999999999,58.5000008642673,59.0500006526709));
#11504=CARTESIAN_POINT('',(9.,75.2700005605668,92.5900002951622));
#11505=CARTESIAN_POINT('Origin',(8.99999999999999,61.5000009089708,44.0500007867813));
#11506=CARTESIAN_POINT('',(8.99999999999999,58.5000008642673,38.0500006526709));
#11507=CARTESIAN_POINT('',(8.99999999999999,58.5000008642673,38.0500006526709));
#11508=CARTESIAN_POINT('',(9.,79.4700005417913,79.9900003201962));
#11509=CARTESIAN_POINT('Origin',(8.99999999999999,61.5000009089708,50.0500007867813));
#11510=CARTESIAN_POINT('',(8.99999999999999,58.5000008642673,56.0500006526709));
#11511=CARTESIAN_POINT('',(8.99999999999999,58.5000008642673,56.0500006526709));
#11512=CARTESIAN_POINT('',(9.,55.09000097543,62.870000653863));
#11513=CARTESIAN_POINT('Origin',(8.99999999999999,58.5000008642673,35.0500006526709));
#11514=CARTESIAN_POINT('',(8.99999999999999,58.5000008642673,35.0500006526709));
#11515=CARTESIAN_POINT('',(9.,78.5700005167574,75.1900002567172));
#11516=CARTESIAN_POINT('',(8.99999999999999,58.5000008642673,35.0500006526709));
#11517=CARTESIAN_POINT('Origin',(8.99999999999999,56.0000009089708,50.0500007867813));
#11518=CARTESIAN_POINT('',(8.99999999999999,53.0000008642673,56.0500006526709));
#11519=CARTESIAN_POINT('',(8.99999999999999,53.0000008642673,56.0500006526709));
#11520=CARTESIAN_POINT('',(8.99999999999999,56.0000009089708,50.0500007867813));
#11521=CARTESIAN_POINT('',(9.,50.14000097543,61.770000653863));
#11522=CARTESIAN_POINT('',(8.99999999999999,56.0000009089708,50.0500007867813));
#11523=CARTESIAN_POINT('Origin',(8.99999999999999,56.0000009089708,65.0500007867813));
#11524=CARTESIAN_POINT('',(8.99999999999999,53.0000008642673,59.0500006526709));
#11525=CARTESIAN_POINT('',(8.99999999999999,53.0000008642673,59.0500006526709));
#11526=CARTESIAN_POINT('',(8.99999999999999,56.0000009089708,65.0500007867813));
#11527=CARTESIAN_POINT('',(9.,70.3200005540102,93.6900002902448));
#11528=CARTESIAN_POINT('',(8.99999999999999,56.0000009089708,65.0500007867813));
#11529=CARTESIAN_POINT('Origin',(8.99999999999999,53.0000008642673,35.0500006526709));
#11530=CARTESIAN_POINT('',(8.99999999999999,56.0000009089708,41.0500007867813));
#11531=CARTESIAN_POINT('',(8.99999999999999,56.0000009089708,41.0500007867813));
#11532=CARTESIAN_POINT('',(8.99999999999999,53.0000008642673,35.0500006526709));
#11533=CARTESIAN_POINT('',(9.,73.6200005102009,76.2900002517998));
#11534=CARTESIAN_POINT('',(8.99999999999999,53.0000008642673,35.0500006526709));
#11535=CARTESIAN_POINT('Origin',(8.99999999999999,53.0000008642673,53.0497727600966));
#11536=CARTESIAN_POINT('',(8.99999999999999,56.0000009089708,47.0500007867813));
#11537=CARTESIAN_POINT('',(8.99999999999999,56.0000009089708,47.0500007867813));
#11538=CARTESIAN_POINT('',(8.99999999999999,53.0000008642673,53.0497727600966));
#11539=CARTESIAN_POINT('',(9.,48.0400714527063,62.9692544366534));
#11540=CARTESIAN_POINT('',(8.99999999999999,53.0000008642673,53.0497727600966));
#11541=CARTESIAN_POINT('Origin',(6.99999999999999,87.8999981693923,32.0499993488192));
#11542=CARTESIAN_POINT('',(6.99999999999999,87.8999981693923,56.0499993488192));
#11543=CARTESIAN_POINT('',(6.99999999999999,90.8999981693923,62.0499993488193));
#11544=CARTESIAN_POINT('',(6.99999999999999,83.0999981693923,46.4499993488192));
#11545=CARTESIAN_POINT('',(6.99999999999999,87.8999981693923,59.0499993488192));
#11546=CARTESIAN_POINT('',(6.99999999999999,87.8999981693923,32.0499993488192));
#11547=CARTESIAN_POINT('',(6.99999999999999,90.8999981693923,65.0499993488193));
#11548=CARTESIAN_POINT('',(6.99999999999999,83.9999981693923,51.2499993488192));
#11549=CARTESIAN_POINT('',(6.99999999999999,90.8999981693923,32.0499993488192));
#11550=CARTESIAN_POINT('Origin',(6.99999999999999,87.8999981693923,32.0499993488192));
#11551=CARTESIAN_POINT('',(6.99999999999999,90.8999981693923,50.0499993935227));
#11552=CARTESIAN_POINT('',(6.99999999999999,94.1999976505339,43.4499983577433));
#11553=CARTESIAN_POINT('',(6.99999999999999,90.8999981693923,47.0499993935227));
#11554=CARTESIAN_POINT('',(6.99999999999999,90.8999981693923,32.0499993488192));
#11555=CARTESIAN_POINT('',(6.99999999999999,87.8999981693923,53.0500012785196));
#11556=CARTESIAN_POINT('',(6.99999999999999,92.0999977636337,44.6499994510415));
#11557=CARTESIAN_POINT('',(6.99999999999999,87.8999981693923,32.0499993488192));
#11558=CARTESIAN_POINT('Origin',(6.99999999999999,87.8999981693923,32.0499993488192));
#11559=CARTESIAN_POINT('',(6.99999999999999,87.8999981693923,35.0499993488193));
#11560=CARTESIAN_POINT('',(6.99999999999999,90.8999981693923,41.0499993488193));
#11561=CARTESIAN_POINT('',(6.99999999999999,87.2999981693923,33.8499993488192));
#11562=CARTESIAN_POINT('',(6.99999999999999,87.8999981693923,38.0499993488192));
#11563=CARTESIAN_POINT('',(6.99999999999999,87.8999981693923,32.0499993488192));
#11564=CARTESIAN_POINT('',(6.99999999999999,90.8999981693923,44.0499993488192));
#11565=CARTESIAN_POINT('',(6.99999999999999,88.1999981693923,38.6499993488192));
#11566=CARTESIAN_POINT('',(6.99999999999999,90.8999981693923,32.0499993488192));
#11567=CARTESIAN_POINT('Origin',(6.99999999999999,82.3999981693923,32.0499993488192));
#11568=CARTESIAN_POINT('',(6.99999999999999,82.3999981693923,56.0499993488192));
#11569=CARTESIAN_POINT('',(6.99999999999999,85.3999981693924,62.0499993488193));
#11570=CARTESIAN_POINT('',(6.99999999999999,77.5999981693924,46.4499993488192));
#11571=CARTESIAN_POINT('',(6.99999999999999,82.3999981693923,59.0499993488192));
#11572=CARTESIAN_POINT('',(6.99999999999999,82.3999981693923,32.0499993488192));
#11573=CARTESIAN_POINT('',(6.99999999999999,85.3999981693924,65.0499993488193));
#11574=CARTESIAN_POINT('',(6.99999999999999,78.4999981693923,51.2499993488192));
#11575=CARTESIAN_POINT('',(6.99999999999999,85.3999981693924,32.0499993488192));
#11576=CARTESIAN_POINT('Origin',(6.99999999999999,82.3999981693923,32.0499993488192));
#11577=CARTESIAN_POINT('',(6.99999999999999,85.3999981693924,50.0499993935227));
#11578=CARTESIAN_POINT('',(6.99999999999999,88.6999976505339,43.4499983577433));
#11579=CARTESIAN_POINT('',(6.99999999999999,85.3999981693924,47.0499993935227));
#11580=CARTESIAN_POINT('',(6.99999999999999,85.3999981693924,32.0499993488192));
#11581=CARTESIAN_POINT('',(6.99999999999999,82.3999981693923,53.0500012785196));
#11582=CARTESIAN_POINT('',(6.99999999999999,86.5999977636338,44.6499994510415));
#11583=CARTESIAN_POINT('',(6.99999999999999,82.3999981693923,32.0499993488192));
#11584=CARTESIAN_POINT('Origin',(6.99999999999999,82.3999981693923,32.0499993488192));
#11585=CARTESIAN_POINT('',(6.99999999999999,82.3999981693923,35.0499993488193));
#11586=CARTESIAN_POINT('',(6.99999999999999,85.3999981693924,41.0499993488193));
#11587=CARTESIAN_POINT('',(6.99999999999999,81.7999981693924,33.8499993488192));
#11588=CARTESIAN_POINT('',(6.99999999999999,82.3999981693923,38.0499993488192));
#11589=CARTESIAN_POINT('',(6.99999999999999,82.3999981693923,32.0499993488192));
#11590=CARTESIAN_POINT('',(6.99999999999999,85.3999981693924,44.0499993488192));
#11591=CARTESIAN_POINT('',(6.99999999999999,82.6999981693923,38.6499993488192));
#11592=CARTESIAN_POINT('',(6.99999999999999,85.3999981693924,32.0499993488192));
#11593=CARTESIAN_POINT('Origin',(6.99999999999999,76.8999981693923,32.0499993488192));
#11594=CARTESIAN_POINT('',(6.99999999999999,76.8999981693923,56.0499993488192));
#11595=CARTESIAN_POINT('',(6.99999999999999,79.8999981693923,62.0499993488193));
#11596=CARTESIAN_POINT('',(6.99999999999999,72.0999981693923,46.4499993488192));
#11597=CARTESIAN_POINT('',(6.99999999999999,76.8999981693923,59.0499993488192));
#11598=CARTESIAN_POINT('',(6.99999999999999,76.8999981693923,32.0499993488192));
#11599=CARTESIAN_POINT('',(6.99999999999999,79.8999981693923,65.0499993488193));
#11600=CARTESIAN_POINT('',(6.99999999999999,72.9999981693923,51.2499993488192));
#11601=CARTESIAN_POINT('',(6.99999999999999,79.8999981693923,32.0499993488192));
#11602=CARTESIAN_POINT('Origin',(6.99999999999999,76.8999981693923,32.0499993488192));
#11603=CARTESIAN_POINT('',(6.99999999999999,79.8999981693923,50.0499993935227));
#11604=CARTESIAN_POINT('',(6.99999999999999,83.1999976505339,43.4499983577433));
#11605=CARTESIAN_POINT('',(6.99999999999999,79.8999981693923,47.0499993935227));
#11606=CARTESIAN_POINT('',(6.99999999999999,79.8999981693923,32.0499993488192));
#11607=CARTESIAN_POINT('',(6.99999999999999,76.8999981693923,53.0500012785196));
#11608=CARTESIAN_POINT('',(6.99999999999999,81.0999977636337,44.6499994510415));
#11609=CARTESIAN_POINT('',(6.99999999999999,76.8999981693923,32.0499993488192));
#11610=CARTESIAN_POINT('Origin',(6.99999999999999,76.8999981693923,32.0499993488192));
#11611=CARTESIAN_POINT('',(6.99999999999999,76.8999981693923,35.0499993488193));
#11612=CARTESIAN_POINT('',(6.99999999999999,79.8999981693923,41.0499993488193));
#11613=CARTESIAN_POINT('',(6.99999999999999,76.2999981693923,33.8499993488192));
#11614=CARTESIAN_POINT('',(6.99999999999999,76.8999981693923,38.0499993488192));
#11615=CARTESIAN_POINT('',(6.99999999999999,76.8999981693923,32.0499993488192));
#11616=CARTESIAN_POINT('',(6.99999999999999,79.8999981693923,44.0499993488192));
#11617=CARTESIAN_POINT('',(6.99999999999999,77.1999981693923,38.6499993488192));
#11618=CARTESIAN_POINT('',(6.99999999999999,79.8999981693923,32.0499993488192));
#11619=CARTESIAN_POINT('Origin',(8.99999999999999,87.8999981693923,32.0499993488193));
#11620=CARTESIAN_POINT('',(8.99999999999999,87.8999981693923,59.0499993488192));
#11621=CARTESIAN_POINT('',(9.,87.8999981693923,83.5249996744096));
#11622=CARTESIAN_POINT('',(8.99999999999999,87.8999981693923,59.0499993488192));
#11623=CARTESIAN_POINT('',(8.99999999999999,87.8999981693923,53.0500012785196));
#11624=CARTESIAN_POINT('',(8.99999999999999,87.8999981693923,53.0500012785196));
#11625=CARTESIAN_POINT('',(8.99999999999999,87.8999981693923,38.0499993488192));
#11626=CARTESIAN_POINT('',(9.,87.8999981693923,73.0249996744096));
#11627=CARTESIAN_POINT('',(8.99999999999999,87.8999981693923,38.0499993488192));
#11628=CARTESIAN_POINT('',(8.99999999999999,87.8999981693923,35.0499993488193));
#11629=CARTESIAN_POINT('',(8.99999999999999,87.8999981693923,35.0499993488193));
#11630=CARTESIAN_POINT('',(9.,87.8999981693923,70.0249996744096));
#11631=CARTESIAN_POINT('',(3.99999999999999,87.8999981693923,77.0499993488193));
#11632=CARTESIAN_POINT('Origin',(8.99999999999999,87.8999981693923,35.0499993488193));
#11633=CARTESIAN_POINT('',(8.99999999999999,90.8999981693923,41.0499993488193));
#11634=CARTESIAN_POINT('',(8.99999999999999,90.8999981693923,41.0499993488193));
#11635=CARTESIAN_POINT('',(9.,105.029998482689,69.3099999754131));
#11636=CARTESIAN_POINT('Origin',(8.99999999999999,90.8999981693923,41.0499993488193));
#11637=CARTESIAN_POINT('',(3.99999999999999,90.8999981693923,32.0499993488193));
#11638=CARTESIAN_POINT('',(9.,90.8999981693924,74.5249996744096));
#11639=CARTESIAN_POINT('',(8.99999999999999,90.8999981693923,44.0499993488193));
#11640=CARTESIAN_POINT('',(8.99999999999999,90.8999981693923,44.0499993488193));
#11641=CARTESIAN_POINT('',(8.99999999999999,90.8999981693923,47.0499993935227));
#11642=CARTESIAN_POINT('',(9.,90.8999981693924,77.5249996967614));
#11643=CARTESIAN_POINT('',(8.99999999999999,90.8999981693923,47.0499993935227));
#11644=CARTESIAN_POINT('',(8.99999999999999,90.8999981693923,50.0499993935227));
#11645=CARTESIAN_POINT('',(8.99999999999999,90.8999981693923,50.0499993935227));
#11646=CARTESIAN_POINT('',(8.99999999999999,90.8999981693923,62.0499993488193));
#11647=CARTESIAN_POINT('',(9.,90.8999981693924,85.0249996744096));
#11648=CARTESIAN_POINT('',(8.99999999999999,90.8999981693923,62.0499993488193));
#11649=CARTESIAN_POINT('',(8.99999999999999,90.8999981693923,65.0499993488193));
#11650=CARTESIAN_POINT('',(8.99999999999999,90.8999981693923,65.0499993488193));
#11651=CARTESIAN_POINT('',(9.,90.8999981693924,88.0249996967614));
#11652=CARTESIAN_POINT('Origin',(8.99999999999999,90.8999981693923,50.0499993935227));
#11653=CARTESIAN_POINT('',(8.99999999999999,87.8999981693923,56.0499993488192));
#11654=CARTESIAN_POINT('',(8.99999999999999,87.8999981693923,56.0499993488192));
#11655=CARTESIAN_POINT('',(9.,81.5499992898977,68.7500030274182));
#11656=CARTESIAN_POINT('Origin',(8.99999999999999,87.8999981693923,56.0499993488192));
#11657=CARTESIAN_POINT('',(9.,100.829998482689,81.9099999754131));
#11658=CARTESIAN_POINT('Origin',(8.99999999999999,90.8999981693923,44.0499993488192));
#11659=CARTESIAN_POINT('',(9.,105.929998482689,74.1099999754131));
#11660=CARTESIAN_POINT('Origin',(8.99999999999999,90.8999981693923,65.0499993488193));
#11661=CARTESIAN_POINT('',(9.,101.729998482689,86.7099999754131));
#11662=CARTESIAN_POINT('Origin',(8.99999999999999,82.3999981693923,35.0499993488193));
#11663=CARTESIAN_POINT('',(8.99999999999999,85.3999981693924,41.0499993488193));
#11664=CARTESIAN_POINT('',(8.99999999999999,85.3999981693924,41.0499993488193));
#11665=CARTESIAN_POINT('',(8.99999999999999,82.3999981693923,35.0499993488193));
#11666=CARTESIAN_POINT('',(9.,100.079998482689,70.4099999754131));
#11667=CARTESIAN_POINT('',(8.99999999999999,82.3999981693923,35.0499993488193));
#11668=CARTESIAN_POINT('Origin',(8.99999999999999,85.3999981693924,41.0499993488193));
#11669=CARTESIAN_POINT('',(3.99999999999999,85.3999981693924,32.0499993488193));
#11670=CARTESIAN_POINT('',(9.,85.3999981693924,74.5249996744096));
#11671=CARTESIAN_POINT('',(8.99999999999999,85.3999981693924,44.0499993488193));
#11672=CARTESIAN_POINT('',(8.99999999999999,85.3999981693924,44.0499993488193));
#11673=CARTESIAN_POINT('',(8.99999999999999,85.3999981693924,47.0499993935227));
#11674=CARTESIAN_POINT('',(9.,85.3999981693924,77.5249996967614));
#11675=CARTESIAN_POINT('',(8.99999999999999,85.3999981693924,47.0499993935227));
#11676=CARTESIAN_POINT('',(8.99999999999999,85.3999981693924,50.0499993935227));
#11677=CARTESIAN_POINT('',(8.99999999999999,85.3999981693924,50.0499993935227));
#11678=CARTESIAN_POINT('',(8.99999999999999,85.3999981693924,62.0499993488193));
#11679=CARTESIAN_POINT('',(9.,85.3999981693924,85.0249996744096));
#11680=CARTESIAN_POINT('',(8.99999999999999,85.3999981693924,62.0499993488193));
#11681=CARTESIAN_POINT('',(8.99999999999999,85.3999981693924,65.0499993488193));
#11682=CARTESIAN_POINT('',(8.99999999999999,85.3999981693924,65.0499993488193));
#11683=CARTESIAN_POINT('',(9.,85.3999981693924,88.0249996967614));
#11684=CARTESIAN_POINT('Origin',(8.99999999999999,82.3999981693923,56.0499993488192));
#11685=CARTESIAN_POINT('',(8.99999999999999,82.3999981693923,56.0499993488192));
#11686=CARTESIAN_POINT('',(9.,95.8799984826893,83.0099999754131));
#11687=CARTESIAN_POINT('',(8.99999999999999,82.3999981693923,56.0499993488192));
#11688=CARTESIAN_POINT('Origin',(8.99999999999999,85.3999981693924,44.0499993488192));
#11689=CARTESIAN_POINT('',(8.99999999999999,82.3999981693923,38.0499993488192));
#11690=CARTESIAN_POINT('',(8.99999999999999,82.3999981693923,38.0499993488192));
#11691=CARTESIAN_POINT('',(9.,100.979998482689,75.2099999754131));
#11692=CARTESIAN_POINT('Origin',(8.99999999999999,85.3999981693924,65.0499993488193));
#11693=CARTESIAN_POINT('',(8.99999999999999,82.3999981693923,59.0499993488192));
#11694=CARTESIAN_POINT('',(8.99999999999999,82.3999981693923,59.0499993488192));
#11695=CARTESIAN_POINT('',(9.,96.7799984826893,87.8099999754131));
#11696=CARTESIAN_POINT('Origin',(8.99999999999999,76.8999981693923,35.0499993488193));
#11697=CARTESIAN_POINT('',(8.99999999999999,79.8999981693923,41.0499993488193));
#11698=CARTESIAN_POINT('',(8.99999999999999,79.8999981693923,41.0499993488193));
#11699=CARTESIAN_POINT('',(8.99999999999999,76.8999981693923,35.0499993488193));
#11700=CARTESIAN_POINT('',(9.,95.1299984826893,71.5099999754131));
#11701=CARTESIAN_POINT('',(8.99999999999999,76.8999981693923,35.0499993488193));
#11702=CARTESIAN_POINT('Origin',(8.99999999999999,79.8999981693923,41.0499993488193));
#11703=CARTESIAN_POINT('',(3.99999999999999,79.8999981693923,32.0499993488193));
#11704=CARTESIAN_POINT('',(9.,79.8999981693923,74.5249996744096));
#11705=CARTESIAN_POINT('',(8.99999999999999,79.8999981693923,44.0499993488193));
#11706=CARTESIAN_POINT('',(8.99999999999999,79.8999981693923,44.0499993488193));
#11707=CARTESIAN_POINT('',(8.99999999999999,79.8999981693923,47.0499993935227));
#11708=CARTESIAN_POINT('',(9.,79.8999981693923,77.5249996967614));
#11709=CARTESIAN_POINT('',(8.99999999999999,79.8999981693923,47.0499993935227));
#11710=CARTESIAN_POINT('',(8.99999999999999,79.8999981693923,50.0499993935227));
#11711=CARTESIAN_POINT('',(8.99999999999999,79.8999981693923,50.0499993935227));
#11712=CARTESIAN_POINT('',(8.99999999999999,79.8999981693923,62.0499993488193));
#11713=CARTESIAN_POINT('',(9.,79.8999981693923,85.0249996744096));
#11714=CARTESIAN_POINT('',(8.99999999999999,79.8999981693923,62.0499993488193));
#11715=CARTESIAN_POINT('',(8.99999999999999,79.8999981693923,65.0499993488193));
#11716=CARTESIAN_POINT('',(8.99999999999999,79.8999981693923,65.0499993488193));
#11717=CARTESIAN_POINT('',(9.,79.8999981693923,88.0249996967614));
#11718=CARTESIAN_POINT('Origin',(8.99999999999999,76.8999981693923,56.0499993488192));
#11719=CARTESIAN_POINT('',(8.99999999999999,76.8999981693923,56.0499993488192));
#11720=CARTESIAN_POINT('',(9.,90.9299984826893,84.1099999754131));
#11721=CARTESIAN_POINT('',(8.99999999999999,76.8999981693923,56.0499993488192));
#11722=CARTESIAN_POINT('Origin',(8.99999999999999,76.8999981693923,53.0500012785196));
#11723=CARTESIAN_POINT('',(8.99999999999999,76.8999981693923,53.0500012785196));
#11724=CARTESIAN_POINT('',(9.,69.5499988500653,67.7500045354157));
#11725=CARTESIAN_POINT('',(8.99999999999999,76.8999981693923,53.0500012785196));
#11726=CARTESIAN_POINT('Origin',(8.99999999999999,79.8999981693923,65.0499993488193));
#11727=CARTESIAN_POINT('',(8.99999999999999,76.8999981693923,59.0499993488192));
#11728=CARTESIAN_POINT('',(8.99999999999999,76.8999981693923,59.0499993488192));
#11729=CARTESIAN_POINT('',(9.,91.8299984826893,88.9099999754131));
#11730=CARTESIAN_POINT('Origin',(8.99999999999999,64.0000008642673,59.0500006526709));
#11731=CARTESIAN_POINT('',(9.,64.0000008642673,83.5250003263354));
#11732=CARTESIAN_POINT('',(8.99999999999999,64.0000010281801,53.0500009655952));
#11733=CARTESIAN_POINT('',(8.99999999999999,64.0000010281801,53.0500009655952));
#11734=CARTESIAN_POINT('',(9.,64.0000008642673,73.0250003263354));
#11735=CARTESIAN_POINT('',(9.,64.0000008642673,70.0250003263354));
#11736=CARTESIAN_POINT('',(3.99999999999999,64.0000008642673,77.0500013232231));
#11737=CARTESIAN_POINT('Origin',(8.99999999999999,64.0000010281801,53.0500009655952));
#11738=CARTESIAN_POINT('',(8.99999999999999,67.0000009089708,47.0500007867813));
#11739=CARTESIAN_POINT('',(8.99999999999999,67.0000009089708,47.0500007867813));
#11740=CARTESIAN_POINT('',(9.,57.940001028498,65.1700018077691));
#11741=CARTESIAN_POINT('Origin',(8.99999999999999,82.3999981693923,32.0499993488193));
#11742=CARTESIAN_POINT('',(9.,82.3999981693923,83.5249996744096));
#11743=CARTESIAN_POINT('',(8.99999999999999,82.3999981693923,53.0500012785196));
#11744=CARTESIAN_POINT('',(8.99999999999999,82.3999981693923,53.0500012785196));
#11745=CARTESIAN_POINT('',(9.,82.3999981693923,73.0249996744096));
#11746=CARTESIAN_POINT('',(9.,82.3999981693923,70.0249996744096));
#11747=CARTESIAN_POINT('',(3.99999999999999,82.3999981693923,77.0499993488193));
#11748=CARTESIAN_POINT('Origin',(3.99999999999999,83.8999981693924,36.5499993488193));
#11749=CARTESIAN_POINT('Origin',(3.99999999999999,89.3999981693923,36.5499993488193));
#11750=CARTESIAN_POINT('Origin',(8.99999999999999,85.3999981693924,50.0499993935227));
#11751=CARTESIAN_POINT('',(9.,76.5999990134316,67.6500032347679));
#11752=CARTESIAN_POINT('Origin',(8.99999999999999,76.8999981693923,32.0499993488193));
#11753=CARTESIAN_POINT('',(9.,76.8999981693923,83.5249996744096));
#11754=CARTESIAN_POINT('',(8.99999999999999,76.8999981693923,38.0499993488192));
#11755=CARTESIAN_POINT('',(9.,76.8999981693923,73.0249996744096));
#11756=CARTESIAN_POINT('',(8.99999999999999,76.8999981693923,38.0499993488192));
#11757=CARTESIAN_POINT('',(9.,76.8999981693923,70.0249996744096));
#11758=CARTESIAN_POINT('',(3.99999999999999,76.8999981693923,77.0499993488193));
#11759=CARTESIAN_POINT('Origin',(3.99999999999999,78.3999981693923,36.5499993488193));
#11760=CARTESIAN_POINT('Origin',(8.99999999999999,56.0000009089708,44.0500007867813));
#11761=CARTESIAN_POINT('',(8.99999999999999,53.0000008642673,38.0500006526709));
#11762=CARTESIAN_POINT('',(8.99999999999999,53.0000008642673,38.0500006526709));
#11763=CARTESIAN_POINT('',(8.99999999999999,56.0000009089708,44.0500007867813));
#11764=CARTESIAN_POINT('',(9.,74.5200005352348,81.0900003152788));
#11765=CARTESIAN_POINT('',(8.99999999999999,56.0000009089708,44.0500007867813));
#11766=CARTESIAN_POINT('Origin',(8.99999999999999,67.0000009089708,62.0500007867813));
#11767=CARTESIAN_POINT('',(3.99999999999999,67.0000009089708,32.0500006526709));
#11768=CARTESIAN_POINT('',(9.,67.0000009089708,74.5250003933907));
#11769=CARTESIAN_POINT('',(9.,67.0000009089708,77.5250003933907));
#11770=CARTESIAN_POINT('',(9.,67.0000009089708,85.0250003933907));
#11771=CARTESIAN_POINT('',(9.,67.0000009089708,88.0250003933907));
#11772=CARTESIAN_POINT('Origin',(3.99999999999999,65.5000008866191,56.0500007867813));
#11773=CARTESIAN_POINT('Origin',(8.99999999999999,58.5000008642673,59.0500006526709));
#11774=CARTESIAN_POINT('',(9.,58.5000008642674,83.5250003263354));
#11775=CARTESIAN_POINT('',(8.99999999999999,58.5000008642673,53.0500012934208));
#11776=CARTESIAN_POINT('',(8.99999999999999,58.5000008642673,53.0500012934208));
#11777=CARTESIAN_POINT('',(9.,58.5000008642674,73.0250003263354));
#11778=CARTESIAN_POINT('',(9.,58.5000008642674,70.0250003263354));
#11779=CARTESIAN_POINT('',(3.99999999999999,58.5000008642673,77.0500013232231));
#11780=CARTESIAN_POINT('Origin',(3.99999999999999,60.0000008866191,63.5500007197261));
#11781=CARTESIAN_POINT('Origin',(8.99999999999999,53.0000008642673,56.0500006526709));
#11782=CARTESIAN_POINT('',(8.99999999999999,56.0000009089708,62.0500007867813));
#11783=CARTESIAN_POINT('',(8.99999999999999,56.0000009089708,62.0500007867813));
#11784=CARTESIAN_POINT('',(9.,69.4200005289763,88.8900002267659));
#11785=CARTESIAN_POINT('Origin',(8.99999999999999,56.0000009089708,62.0500007867813));
#11786=CARTESIAN_POINT('',(9.,56.0000009089708,74.5250003933907));
#11787=CARTESIAN_POINT('',(9.,56.0000009089708,77.5250003933907));
#11788=CARTESIAN_POINT('',(9.,56.0000009089708,85.0250003933907));
#11789=CARTESIAN_POINT('',(9.,56.0000009089708,88.0250003933907));
#11790=CARTESIAN_POINT('',(3.99999999999999,56.0000009089708,32.0500006526709));
#11791=CARTESIAN_POINT('Origin',(3.99999999999999,54.5000008866191,56.0500007867813));
#11792=CARTESIAN_POINT('',(3.99999999999999,53.0000008642673,77.0500013232231));
#11793=CARTESIAN_POINT('Origin',(8.99999999999999,58.5000008642673,53.0500012934208));
#11794=CARTESIAN_POINT('',(9.,52.9900008853476,64.0700020175775));
#11795=CARTESIAN_POINT('Origin',(8.99999999999999,79.8999981693923,50.0499993935227));
#11796=CARTESIAN_POINT('',(9.,71.6499987369655,66.5500034421175));
#11797=CARTESIAN_POINT('Origin',(8.99999999999999,82.3999981693923,53.0500012785196));
#11798=CARTESIAN_POINT('',(9.,74.4999991265314,68.850004328066));
#11799=CARTESIAN_POINT('Origin',(8.99999999999999,87.8999981693923,53.0500012785196));
#11800=CARTESIAN_POINT('',(9.,79.4499994029975,69.9500041207164));
#11801=CARTESIAN_POINT('Origin',(8.99999999999999,79.8999981693923,44.0499993488192));
#11802=CARTESIAN_POINT('',(9.,96.0299984826893,76.3099999754131));
#11803=CARTESIAN_POINT('Origin',(8.99999999999999,58.5000008642673,56.0500006526709));
#11804=CARTESIAN_POINT('',(9.,74.3700005355328,87.7900002316833));
#11805=CARTESIAN_POINT('Origin',(8.99999999999999,53.0000008642673,59.0500006526709));
#11806=CARTESIAN_POINT('',(9.,53.0000008642673,83.5250003263354));
#11807=CARTESIAN_POINT('',(9.,53.0000008642673,73.0250003710389));
#11808=CARTESIAN_POINT('',(9.,53.0000008642673,70.0250003263354));
#11809=CARTESIAN_POINT('Origin',(14.,97.2299999999935,2.99999999999999));
#11810=CARTESIAN_POINT('',(14.,97.2299999999935,2.99999999999999));
#11811=CARTESIAN_POINT('',(14.,110.299999999994,2.99999999999999));
#11812=CARTESIAN_POINT('',(14.,76.1899999999968,3.));
#11813=CARTESIAN_POINT('',(14.,97.2299999999935,0.0499999999999939));
#11814=CARTESIAN_POINT('',(14.,97.2299999999935,2.99999999999999));
#11815=CARTESIAN_POINT('',(14.,110.299999999994,0.0499999999999939));
#11816=CARTESIAN_POINT('',(14.,97.2299999999935,0.0499999999999939));
#11817=CARTESIAN_POINT('',(14.,110.299999999994,2.99999999999999));
#11818=CARTESIAN_POINT('Origin',(32.7900000000046,97.2299999999935,2.99999999999999));
#11819=CARTESIAN_POINT('',(32.7900000000046,97.2299999999935,2.99999999999999));
#11820=CARTESIAN_POINT('',(39.3950000000023,97.2299999999935,3.));
#11821=CARTESIAN_POINT('',(32.7900000000046,97.2299999999935,0.0499999999999939));
#11822=CARTESIAN_POINT('',(32.7900000000046,97.2299999999935,2.99999999999999));
#11823=CARTESIAN_POINT('',(32.7900000000046,97.2299999999935,0.0499999999999939));
#11824=CARTESIAN_POINT('Origin',(23.3950000000023,103.764999999994,0.0499999999999939));
#11825=CARTESIAN_POINT('',(32.7900000000046,110.299999999994,0.0499999999999939));
#11826=CARTESIAN_POINT('',(32.7900000000046,110.299999999994,0.0499999999999939));
#11827=CARTESIAN_POINT('',(14.,110.299999999994,0.0499999999999939));
#11828=CARTESIAN_POINT('Origin',(46.,55.15,3.));
#11829=CARTESIAN_POINT('',(56.38,-5.,3.));
#11830=CARTESIAN_POINT('',(32.,-5.,3.));
#11831=CARTESIAN_POINT('',(53.7819237757419,-3.49999997764826,3.));
#11832=CARTESIAN_POINT('Origin',(56.38,-2.,3.));
#11833=CARTESIAN_POINT('',(47.7819237757419,-3.49999997764826,3.));
#11834=CARTESIAN_POINT('',(46.890961887871,-3.49999997764826,3.));
#11835=CARTESIAN_POINT('',(47.7819237757419,-0.499999977648251,3.));
#11836=CARTESIAN_POINT('',(47.7819237757419,27.6497594944486,3.));
#11837=CARTESIAN_POINT('',(53.7819237757419,-0.499999977648251,3.));
#11838=CARTESIAN_POINT('',(49.890961887871,-0.49999997764826,3.));
#11839=CARTESIAN_POINT('',(54.879999479574,0.598075910885179,3.));
#11840=CARTESIAN_POINT('Origin',(56.38,-2.,3.));
#11841=CARTESIAN_POINT('',(54.879999479574,6.59807591088519,3.));
#11842=CARTESIAN_POINT('',(54.879999479574,30.8740379554426,3.));
#11843=CARTESIAN_POINT('',(57.879999479574,6.59807591088519,3.));
#11844=CARTESIAN_POINT('',(53.4699998698935,6.59807591088519,3.));
#11845=CARTESIAN_POINT('',(57.879999479574,0.598075910885179,3.));
#11846=CARTESIAN_POINT('',(57.879999479574,27.8740379554426,3.));
#11847=CARTESIAN_POINT('',(58.9780762242581,-0.499999977648251,3.));
#11848=CARTESIAN_POINT('Origin',(56.38,-2.,3.));
#11849=CARTESIAN_POINT('',(69.0219237757419,-0.499999977648251,3.));
#11850=CARTESIAN_POINT('',(57.510961887871,-0.49999997764826,3.));
#11851=CARTESIAN_POINT('',(70.119999479574,0.598075910885179,3.));
#11852=CARTESIAN_POINT('Origin',(71.62,-2.,3.));
#11853=CARTESIAN_POINT('',(70.119999479574,6.59807591088519,3.));
#11854=CARTESIAN_POINT('',(70.119999479574,30.8740379554426,3.));
#11855=CARTESIAN_POINT('',(73.119999479574,6.59807591088519,3.));
#11856=CARTESIAN_POINT('',(57.2799998698935,6.59807591088519,3.));
#11857=CARTESIAN_POINT('',(73.119999479574,0.598075910885179,3.));
#11858=CARTESIAN_POINT('',(73.119999479574,27.8740379554426,3.));
#11859=CARTESIAN_POINT('',(74.2180762242581,-0.499999977648251,3.));
#11860=CARTESIAN_POINT('Origin',(71.62,-2.,3.));
#11861=CARTESIAN_POINT('',(80.2180762242581,-0.499999977648251,3.));
#11862=CARTESIAN_POINT('',(63.1090381121291,-0.49999997764826,3.));
#11863=CARTESIAN_POINT('',(80.2180762242581,-3.49999997764826,3.));
#11864=CARTESIAN_POINT('',(80.2180762242581,26.8997594944486,3.));
#11865=CARTESIAN_POINT('',(74.2180762242581,-3.49999997764826,3.));
#11866=CARTESIAN_POINT('',(60.1090381121291,-3.49999997764826,3.));
#11867=CARTESIAN_POINT('',(71.62,-5.,3.));
#11868=CARTESIAN_POINT('Origin',(71.62,-2.,3.));
#11869=CARTESIAN_POINT('',(83.,-5.,3.));
#11870=CARTESIAN_POINT('',(32.,-5.,3.));
#11871=CARTESIAN_POINT('',(83.0000000000043,94.0500000000177,3.00000000000023));
#11872=CARTESIAN_POINT('',(83.,27.075,3.));
#11873=CARTESIAN_POINT('',(32.7900000000045,94.0500000000179,3.00000000000023));
#11874=CARTESIAN_POINT('',(63.0000000000023,94.0500000000178,3.));
#11875=CARTESIAN_POINT('',(32.7900000000044,66.3000000000083,3.));
#11876=CARTESIAN_POINT('',(9.,110.3,3.));
#11877=CARTESIAN_POINT('',(23.,110.3,3.));
#11878=CARTESIAN_POINT('',(8.99999999998306,97.2296742931761,3.0000000000017));
#11879=CARTESIAN_POINT('',(9.,84.225,3.));
#11880=CARTESIAN_POINT('',(21.199999999992,97.2296742931759,3.00000000000483));
#11881=CARTESIAN_POINT('',(28.2249999999919,97.2296742931757,3.));
#11882=CARTESIAN_POINT('',(21.1999999999911,47.0196742931761,3.00000000000312));
#11883=CARTESIAN_POINT('',(21.1999999999907,31.1573371465876,3.));
#11884=CARTESIAN_POINT('',(8.99999999998207,47.0196742931763,2.99999999999999));
#11885=CARTESIAN_POINT('',(28.224999999991,47.0196742931759,3.));
#11886=CARTESIAN_POINT('',(9.,84.225,3.));
#11887=CARTESIAN_POINT('',(24.2000019711442,61.6170008419156,3.));
#11888=CARTESIAN_POINT('Origin',(52.1000019711442,61.6170008419156,3.));
#11889=CARTESIAN_POINT('',(58.9780762113533,22.233,3.));
#11890=CARTESIAN_POINT('',(69.0219237886467,22.233,3.));
#11891=CARTESIAN_POINT('',(57.5109618943234,22.233,3.));
#11892=CARTESIAN_POINT('',(70.119999479574,23.3310759108852,3.));
#11893=CARTESIAN_POINT('Origin',(71.62,20.733,3.));
#11894=CARTESIAN_POINT('',(70.119999479574,29.3310759108852,3.));
#11895=CARTESIAN_POINT('',(70.119999479574,42.2405379554426,3.));
#11896=CARTESIAN_POINT('',(73.119999479574,29.3310759108852,3.));
#11897=CARTESIAN_POINT('',(57.2799998698935,29.3310759108852,3.));
#11898=CARTESIAN_POINT('',(73.119999479574,23.3310759108852,3.));
#11899=CARTESIAN_POINT('',(73.119999479574,39.2405379554426,3.));
#11900=CARTESIAN_POINT('',(74.2180762113533,22.233,3.));
#11901=CARTESIAN_POINT('Origin',(71.62,20.733,3.));
#11902=CARTESIAN_POINT('',(80.2180762113533,22.233,3.));
#11903=CARTESIAN_POINT('',(63.1090381056767,22.233,3.));
#11904=CARTESIAN_POINT('',(80.2180762113533,19.233,3.));
#11905=CARTESIAN_POINT('',(80.2180762113533,37.5664999624415,3.));
#11906=CARTESIAN_POINT('',(74.2180762113533,19.233,3.));
#11907=CARTESIAN_POINT('',(60.1090381056767,19.233,3.));
#11908=CARTESIAN_POINT('',(73.12,18.1349237886467,3.));
#11909=CARTESIAN_POINT('Origin',(71.62,20.733,3.));
#11910=CARTESIAN_POINT('',(73.12,12.1349237886467,3.));
#11911=CARTESIAN_POINT('',(73.12,33.6424618943233,3.));
#11912=CARTESIAN_POINT('',(70.12,12.1349237886467,3.));
#11913=CARTESIAN_POINT('',(56.53,12.1349237886467,3.));
#11914=CARTESIAN_POINT('',(70.12,18.1349237886467,3.));
#11915=CARTESIAN_POINT('',(70.12,36.6424618943233,3.));
#11916=CARTESIAN_POINT('',(69.0219237886467,19.233,3.));
#11917=CARTESIAN_POINT('Origin',(71.62,20.733,3.));
#11918=CARTESIAN_POINT('',(58.9780762113533,19.233,3.));
#11919=CARTESIAN_POINT('',(52.4890381056767,19.233,3.));
#11920=CARTESIAN_POINT('',(57.88,18.1349237886467,3.));
#11921=CARTESIAN_POINT('Origin',(56.38,20.733,3.));
#11922=CARTESIAN_POINT('',(57.88,12.1349237886467,3.));
#11923=CARTESIAN_POINT('',(57.88,33.6424618943233,3.));
#11924=CARTESIAN_POINT('',(54.88,12.1349237886467,3.));
#11925=CARTESIAN_POINT('',(52.72,12.1349237886467,3.));
#11926=CARTESIAN_POINT('',(54.88,18.1349237886467,3.));
#11927=CARTESIAN_POINT('',(54.88,36.6424618943233,3.));
#11928=CARTESIAN_POINT('',(53.7819237886467,19.233,3.));
#11929=CARTESIAN_POINT('Origin',(56.38,20.733,3.));
#11930=CARTESIAN_POINT('',(47.7819237886467,19.233,3.));
#11931=CARTESIAN_POINT('',(46.8909618943234,19.233,3.));
#11932=CARTESIAN_POINT('',(47.7819237886467,22.233,3.));
#11933=CARTESIAN_POINT('',(47.7819237886467,38.3164999624415,3.));
#11934=CARTESIAN_POINT('',(53.7819237886467,22.233,3.));
#11935=CARTESIAN_POINT('',(49.8909618943233,22.233,3.));
#11936=CARTESIAN_POINT('',(54.879999479574,23.3310759108852,3.));
#11937=CARTESIAN_POINT('Origin',(56.38,20.733,3.));
#11938=CARTESIAN_POINT('',(54.879999479574,29.3310759108852,3.));
#11939=CARTESIAN_POINT('',(54.879999479574,42.2405379554426,3.));
#11940=CARTESIAN_POINT('',(57.879999479574,29.3310759108852,3.));
#11941=CARTESIAN_POINT('',(53.4699998698935,29.3310759108852,3.));
#11942=CARTESIAN_POINT('',(57.879999479574,23.3310759108852,3.));
#11943=CARTESIAN_POINT('',(57.879999479574,39.2405379554426,3.));
#11944=CARTESIAN_POINT('Origin',(56.38,20.733,3.));
#11945=CARTESIAN_POINT('Origin',(48.42271,2.25000000000001,109.42271));
#11946=CARTESIAN_POINT('',(48.42271,-5.,115.));
#11947=CARTESIAN_POINT('',(54.,-5.,109.42271));
#11948=CARTESIAN_POINT('Origin',(48.42271,-5.,109.42271));
#11949=CARTESIAN_POINT('',(54.,2.25000000000001,109.42271));
#11950=CARTESIAN_POINT('',(48.42271,2.25000000000001,115.));
#11951=CARTESIAN_POINT('Origin',(0.,-5.,0.));
#11952=CARTESIAN_POINT('',(54.,-5.,63.));
#11953=CARTESIAN_POINT('',(47.2002591008566,-5.,115.));
#11954=CARTESIAN_POINT('',(9.,-5.,115.));
#11955=CARTESIAN_POINT('',(43.0670978069427,-5.,107.186287555827));
#11956=CARTESIAN_POINT('Origin',(47.2002591008566,-5.,110.));
#11957=CARTESIAN_POINT('',(46.0159558171178,-5.,102.854606180872));
#11958=CARTESIAN_POINT('',(61.883443322383,-5.,79.5462950120273));
#11959=CARTESIAN_POINT('',(46.8618005002892,-5.,85.6682949588726));
#11960=CARTESIAN_POINT('Origin',(32.3765235472018,-5.,93.5693551151021));
#11961=CARTESIAN_POINT('',(45.4852778322559,-5.,83.1446700674782));
#11962=CARTESIAN_POINT('',(25.6125507208003,-5.,46.7113370298097));
#11963=CARTESIAN_POINT('',(16.5147239260812,-5.,83.1446700674782));
#11964=CARTESIAN_POINT('Origin',(31.0000008791685,-5.,91.0457302237076));
#11965=CARTESIAN_POINT('',(15.4487578697662,-5.,85.0989411707222));
#11966=CARTESIAN_POINT('',(35.2791705811669,-5.,48.7431845331544));
#11967=CARTESIAN_POINT('',(15.4487581172347,-5.,100.901061936873));
#11968=CARTESIAN_POINT('Origin',(29.9340348228536,-5.,93.0000013269517));
#11969=CARTESIAN_POINT('',(19.1058550836595,-5.,107.605739209115));
#11970=CARTESIAN_POINT('',(-9.81637244434172,-5.,54.5816593583813));
#11971=CARTESIAN_POINT('',(14.716377294078,-5.,115.));
#11972=CARTESIAN_POINT('Origin',(14.716377294078,-5.,110.));
#11973=CARTESIAN_POINT('',(0.05,-5.,115.));
#11974=CARTESIAN_POINT('',(9.,-5.,115.));
#11975=CARTESIAN_POINT('',(0.05,-5.,-2.95));
#11976=CARTESIAN_POINT('',(0.05,-5.,44.));
#11977=CARTESIAN_POINT('',(83.,-5.,-2.95));
#11978=CARTESIAN_POINT('',(9.,-5.,-2.95));
#11979=CARTESIAN_POINT('',(83.,-5.,0.));
#11980=CARTESIAN_POINT('',(32.,-5.,3.));
#11981=CARTESIAN_POINT('',(48.3493939568167,-5.,78.6738111629372));
#11982=CARTESIAN_POINT('',(45.6506078015203,-5.,78.6738111629372));
#11983=CARTESIAN_POINT('Origin',(47.0000008791685,-5.,77.0000016391277));
#11984=CARTESIAN_POINT('',(47.0000008791685,-5.,80.1500016391275));
#11985=CARTESIAN_POINT('',(45.8557014795742,-5.,78.8981767234881));
#11986=CARTESIAN_POINT('',(30.1714173986804,-5.,98.5599038930846));
#11987=CARTESIAN_POINT('',(48.3493939568167,-5.,110.673811162937));
#11988=CARTESIAN_POINT('',(45.6506078015203,-5.,110.673811162937));
#11989=CARTESIAN_POINT('Origin',(47.0000008791685,-5.,109.000001639128));
#11990=CARTESIAN_POINT('',(47.0000008791685,-5.,112.150001639127));
#11991=CARTESIAN_POINT('',(37.8878566401283,-5.,102.181623435508));
#11992=CARTESIAN_POINT('',(38.1392622381264,-5.,121.843350605104));
#11993=CARTESIAN_POINT('',(16.3493939568167,-5.,78.6738111629372));
#11994=CARTESIAN_POINT('',(13.6506078015203,-5.,78.6738111629372));
#11995=CARTESIAN_POINT('Origin',(15.0000008791685,-5.,77.0000016391277));
#11996=CARTESIAN_POINT('',(15.0000008791685,-5.,80.1500016391275));
#11997=CARTESIAN_POINT('',(21.139148191594,-5.,86.866021562934));
#11998=CARTESIAN_POINT('',(5.45486411070034,-5.,90.5920590536387));
#11999=CARTESIAN_POINT('',(15.0000008791685,-5.,112.150001639127));
#12000=CARTESIAN_POINT('',(16.3493939568167,-5.,110.673811162937));
#12001=CARTESIAN_POINT('',(13.4227089501463,-5.,113.875505765659));
#12002=CARTESIAN_POINT('',(13.6506078015203,-5.,110.673811162937));
#12003=CARTESIAN_POINT('Origin',(15.0000008791685,-5.,109.000001639128));
#12004=CARTESIAN_POINT('',(13.1713033521481,-5.,110.149468274954));
#12005=CARTESIAN_POINT('Origin',(9.,3.00000000000001,115.));
#12006=CARTESIAN_POINT('',(47.2002591008566,-0.999999999999996,115.));
#12007=CARTESIAN_POINT('Origin',(60.9780762113533,22.233,6.));
#12008=CARTESIAN_POINT('',(67.0219237886467,22.233,6.));
#12009=CARTESIAN_POINT('',(67.0219237886467,19.233,6.));
#12010=CARTESIAN_POINT('',(67.0219237886467,21.482999924883,6.));
#12011=CARTESIAN_POINT('',(60.9780762113533,22.233,6.));
#12012=CARTESIAN_POINT('',(60.9780762113533,22.233,6.));
#12013=CARTESIAN_POINT('',(60.9780762113533,19.233,6.));
#12014=CARTESIAN_POINT('',(60.9780762113533,19.982999924883,6.));
#12015=CARTESIAN_POINT('',(60.9780762113533,19.233,6.));
#12016=CARTESIAN_POINT('Origin',(68.0219237886467,21.482999924883,7.));
#12017=CARTESIAN_POINT('',(69.0219237886467,19.233,8.));
#12018=CARTESIAN_POINT('',(64.0109618943233,19.233,2.98903810567667));
#12019=CARTESIAN_POINT('',(69.0219237886467,22.233,8.));
#12020=CARTESIAN_POINT('',(69.0219237886467,21.482999924883,8.));
#12021=CARTESIAN_POINT('',(66.5219237886467,22.233,5.50000000000001));
#12022=CARTESIAN_POINT('Origin',(59.9780762113533,19.982999924883,7.));
#12023=CARTESIAN_POINT('',(58.9780762113533,22.233,8.));
#12024=CARTESIAN_POINT('',(63.9890381056767,22.233,2.98903810567666));
#12025=CARTESIAN_POINT('',(58.9780762113533,19.233,8.));
#12026=CARTESIAN_POINT('',(58.9780762113533,19.982999924883,8.));
#12027=CARTESIAN_POINT('',(61.4780762113533,19.233,5.5));
#12028=CARTESIAN_POINT('Origin',(69.0219237886467,22.233,0.));
#12029=CARTESIAN_POINT('',(69.0219237886467,22.233,0.));
#12030=CARTESIAN_POINT('',(58.9780762113533,22.233,0.));
#12031=CARTESIAN_POINT('Origin',(58.9780762113533,19.233,0.));
#12032=CARTESIAN_POINT('',(58.9780762113533,19.233,0.));
#12033=CARTESIAN_POINT('',(69.0219237886467,19.233,0.));
#12034=CARTESIAN_POINT('Origin',(64.,20.7329998497659,8.));
#12035=CARTESIAN_POINT('',(70.12,18.1349237886467,8.));
#12036=CARTESIAN_POINT('Origin',(71.62,20.733,8.));
#12037=CARTESIAN_POINT('',(70.12,17.1349237886467,8.));
#12038=CARTESIAN_POINT('',(70.12,18.1349237886467,8.));
#12039=CARTESIAN_POINT('',(73.12,17.1349237886467,8.));
#12040=CARTESIAN_POINT('',(67.06,17.1349237886467,8.));
#12041=CARTESIAN_POINT('',(73.12,18.1349237886467,8.));
#12042=CARTESIAN_POINT('',(73.12,12.1349237886467,8.));
#12043=CARTESIAN_POINT('',(74.2180762113533,19.233,8.));
#12044=CARTESIAN_POINT('Origin',(71.62,20.733,8.));
#12045=CARTESIAN_POINT('',(75.2180762113533,19.233,8.));
#12046=CARTESIAN_POINT('',(74.2180762113533,19.233,8.));
#12047=CARTESIAN_POINT('',(75.2180762113533,22.233,8.));
#12048=CARTESIAN_POINT('',(75.2180762113533,19.982999924883,8.));
#12049=CARTESIAN_POINT('',(74.2180762113533,22.233,8.));
#12050=CARTESIAN_POINT('',(80.2180762113533,22.233,8.));
#12051=CARTESIAN_POINT('',(73.119999479574,23.3310759108852,8.));
#12052=CARTESIAN_POINT('Origin',(71.62,20.733,8.));
#12053=CARTESIAN_POINT('',(73.119999479574,24.3310759108852,8.));
#12054=CARTESIAN_POINT('',(73.119999479574,23.3310759108852,8.));
#12055=CARTESIAN_POINT('',(70.119999479574,24.3310759108852,8.));
#12056=CARTESIAN_POINT('',(68.559999739787,24.3310759108852,8.));
#12057=CARTESIAN_POINT('',(70.119999479574,23.3310759108852,8.));
#12058=CARTESIAN_POINT('',(70.119999479574,29.3310759108852,8.));
#12059=CARTESIAN_POINT('Origin',(71.62,20.733,8.));
#12060=CARTESIAN_POINT('',(70.12,20.733,8.));
#12061=CARTESIAN_POINT('Origin',(71.62,20.733,8.));
#12062=CARTESIAN_POINT('Origin',(10.,5.,-2.95));
#12063=CARTESIAN_POINT('',(8.35,5.,-2.95));
#12064=CARTESIAN_POINT('Origin',(10.,5.,-2.95));
#12065=CARTESIAN_POINT('',(8.35,5.,1.25));
#12066=CARTESIAN_POINT('',(8.35,5.,-2.95));
#12067=CARTESIAN_POINT('Origin',(10.,5.,1.25));
#12068=CARTESIAN_POINT('Origin',(10.,5.,1.25));
#12069=CARTESIAN_POINT('Origin',(10.,103.3,-2.95));
#12070=CARTESIAN_POINT('',(8.35,103.3,-2.95));
#12071=CARTESIAN_POINT('Origin',(10.,103.3,-2.95));
#12072=CARTESIAN_POINT('',(8.35,103.3,1.25));
#12073=CARTESIAN_POINT('',(8.35,103.3,-2.95));
#12074=CARTESIAN_POINT('Origin',(10.,103.3,1.25));
#12075=CARTESIAN_POINT('Origin',(10.,103.3,1.25));
#12076=CARTESIAN_POINT('Origin',(73.0000010877848,5.,-2.95));
#12077=CARTESIAN_POINT('',(71.3500010877848,5.,-2.95));
#12078=CARTESIAN_POINT('Origin',(73.0000010877848,5.,-2.95));
#12079=CARTESIAN_POINT('',(71.3500010877848,5.,1.25));
#12080=CARTESIAN_POINT('',(71.3500010877848,5.,-2.95));
#12081=CARTESIAN_POINT('Origin',(73.0000010877848,5.,1.25));
#12082=CARTESIAN_POINT('Origin',(73.0000010877848,5.,1.25));
#12083=CARTESIAN_POINT('Origin',(73.,103.3,-2.95));
#12084=CARTESIAN_POINT('',(71.35,103.3,-2.95));
#12085=CARTESIAN_POINT('Origin',(73.,103.3,-2.95));
#12086=CARTESIAN_POINT('',(71.35,103.3,1.25));
#12087=CARTESIAN_POINT('',(71.35,103.3,-2.95));
#12088=CARTESIAN_POINT('Origin',(73.,103.3,1.25));
#12089=CARTESIAN_POINT('Origin',(73.,103.3,1.25));
#12090=CARTESIAN_POINT('Origin',(10.05,56.65,114.95));
#12091=CARTESIAN_POINT('',(10.05,113.3,124.95));
#12092=CARTESIAN_POINT('',(0.0500000000000078,113.3,114.95));
#12093=CARTESIAN_POINT('Origin',(10.05,113.3,114.95));
#12094=CARTESIAN_POINT('',(0.05,97.35,114.95));
#12095=CARTESIAN_POINT('',(0.05,56.65,114.95));
#12096=CARTESIAN_POINT('',(0.0501250007812604,97.35,115.));
#12097=CARTESIAN_POINT('Origin',(10.05,97.35,114.95));
#12098=CARTESIAN_POINT('',(0.0501250007812604,110.3,115.));
#12099=CARTESIAN_POINT('',(0.0501250007812604,56.65,115.));
#12100=CARTESIAN_POINT('',(10.05,110.3,124.95));
#12101=CARTESIAN_POINT('Origin',(10.05,110.3,114.95));
#12102=CARTESIAN_POINT('',(10.05,56.65,124.95));
#12103=CARTESIAN_POINT('Origin',(4.5,103.825,115.));
#12104=CARTESIAN_POINT('',(9.,97.35,115.));
#12105=CARTESIAN_POINT('',(0.,97.35,115.));
#12106=CARTESIAN_POINT('',(9.,110.3,115.));
#12107=CARTESIAN_POINT('',(9.,97.35,115.));
#12108=CARTESIAN_POINT('',(2.25,110.3,115.));
#12109=CARTESIAN_POINT('Origin',(0.,97.35,111.8));
#12110=CARTESIAN_POINT('',(0.05,97.35,111.8));
#12111=CARTESIAN_POINT('',(0.05,97.35,99.9));
#12112=CARTESIAN_POINT('',(9.,97.35,111.8));
#12113=CARTESIAN_POINT('',(2.25,97.35,111.8));
#12114=CARTESIAN_POINT('',(9.,97.35,111.8));
#12115=CARTESIAN_POINT('Origin',(0.05,1.5,88.));
#12116=CARTESIAN_POINT('',(0.0500000000000039,113.3,-2.95));
#12117=CARTESIAN_POINT('',(0.0500000000000078,113.3,44.));
#12118=CARTESIAN_POINT('',(0.0499999999999989,1.12500000558794,-2.95));
#12119=CARTESIAN_POINT('',(0.05,15.85,115.));
#12120=CARTESIAN_POINT('',(0.05,2.25000000000001,115.));
#12121=CARTESIAN_POINT('',(0.05,15.85,111.8));
#12122=CARTESIAN_POINT('',(0.05,15.85,99.9));
#12123=CARTESIAN_POINT('',(0.05,28.325,111.8));
#12124=CARTESIAN_POINT('Origin',(64.,111.8,124.95));
#12125=CARTESIAN_POINT('',(24.,110.3,124.95));
#12126=CARTESIAN_POINT('',(32.,110.3,124.95));
#12127=CARTESIAN_POINT('',(24.,113.3,124.95));
#12128=CARTESIAN_POINT('',(24.,111.8,124.95));
#12129=CARTESIAN_POINT('',(96.,113.3,124.95));
#12130=CARTESIAN_POINT('Origin',(117.95,111.05,114.95));
#12131=CARTESIAN_POINT('',(127.95,113.3,114.95));
#12132=CARTESIAN_POINT('',(117.95,113.3,124.95));
#12133=CARTESIAN_POINT('Origin',(117.95,113.3,114.95));
#12134=CARTESIAN_POINT('',(117.95,110.3,124.95));
#12135=CARTESIAN_POINT('',(117.95,111.05,124.95));
#12136=CARTESIAN_POINT('',(127.95,110.3,114.95));
#12137=CARTESIAN_POINT('Origin',(117.95,110.3,114.95));
#12138=CARTESIAN_POINT('',(127.95,111.05,114.95));
#12139=CARTESIAN_POINT('Origin',(0.,110.3,0.));
#12140=CARTESIAN_POINT('',(104.,110.3,124.95));
#12141=CARTESIAN_POINT('',(32.,110.3,124.95));
#12142=CARTESIAN_POINT('',(94.,110.3,114.95));
#12143=CARTESIAN_POINT('Origin',(104.,110.3,114.95));
#12144=CARTESIAN_POINT('',(94.,110.3,26.2000000000089));
#12145=CARTESIAN_POINT('',(94.,110.3,53.));
#12146=CARTESIAN_POINT('',(83.0000000000044,110.300000000015,15.2000000000089));
#12147=CARTESIAN_POINT('Origin',(83.,110.299999999994,26.2000000000089));
#12148=CARTESIAN_POINT('',(83.,110.3,-2.95));
#12149=CARTESIAN_POINT('',(83.,110.3,0.));
#12150=CARTESIAN_POINT('',(127.95,110.3,-2.95));
#12151=CARTESIAN_POINT('',(0.,110.3,-2.95));
#12152=CARTESIAN_POINT('',(127.95,110.3,0.));
#12153=CARTESIAN_POINT('',(109.33016812244,110.3,119.023076923077));
#12154=CARTESIAN_POINT('',(106.86983187756,110.3,119.023076923077));
#12155=CARTESIAN_POINT('Origin',(108.1,110.3,118.));
#12156=CARTESIAN_POINT('',(108.1,110.3,120.6));
#12157=CARTESIAN_POINT('',(58.4076513029514,110.3,56.9005673960585));
#12158=CARTESIAN_POINT('',(117.510132462409,110.3,108.537376390925));
#12159=CARTESIAN_POINT('',(109.33016812244,110.3,5.02307692307692));
#12160=CARTESIAN_POINT('',(106.86983187756,110.3,5.02307692307692));
#12161=CARTESIAN_POINT('Origin',(108.1,110.3,4.));
#12162=CARTESIAN_POINT('',(108.1,110.3,6.59999999999997));
#12163=CARTESIAN_POINT('',(86.0509484389343,110.3,-21.6641515388537));
#12164=CARTESIAN_POINT('',(89.8668353264266,110.3,29.9726574560133));
#12165=CARTESIAN_POINT('Origin',(64.,111.8,124.95));
#12166=CARTESIAN_POINT('',(104.,113.3,124.95));
#12167=CARTESIAN_POINT('',(96.,113.3,124.95));
#12168=CARTESIAN_POINT('',(104.,112.55,124.95));
#12169=CARTESIAN_POINT('Origin',(127.95,110.3,0.));
#12170=CARTESIAN_POINT('',(127.95,113.3,-2.95));
#12171=CARTESIAN_POINT('',(127.95,55.5250000055879,-2.95));
#12172=CARTESIAN_POINT('',(127.95,113.3,0.));
#12173=CARTESIAN_POINT('Origin',(128.,113.3,0.));
#12174=CARTESIAN_POINT('',(34.,113.3,114.95));
#12175=CARTESIAN_POINT('Origin',(24.,113.3,114.95));
#12176=CARTESIAN_POINT('',(34.,113.3,26.2000000000096));
#12177=CARTESIAN_POINT('',(34.,113.3,15.2));
#12178=CARTESIAN_POINT('',(45.,113.3,15.2));
#12179=CARTESIAN_POINT('Origin',(45.,113.299999999994,26.2000000000096));
#12180=CARTESIAN_POINT('',(83.,113.3,15.2));
#12181=CARTESIAN_POINT('',(118.,113.3,15.2));
#12182=CARTESIAN_POINT('',(94.,113.3,26.2000000000096));
#12183=CARTESIAN_POINT('Origin',(83.,113.299999999994,26.2000000000096));
#12184=CARTESIAN_POINT('',(94.,113.3,114.95));
#12185=CARTESIAN_POINT('',(94.,113.3,53.));
#12186=CARTESIAN_POINT('Origin',(104.,113.3,114.95));
#12187=CARTESIAN_POINT('',(128.,113.3,-2.95));
#12188=CARTESIAN_POINT('',(106.86983187756,113.3,5.02307692307692));
#12189=CARTESIAN_POINT('',(109.33016812244,113.3,5.02307692307692));
#12190=CARTESIAN_POINT('Origin',(108.1,113.3,4.));
#12191=CARTESIAN_POINT('',(108.1,113.3,6.59999999999997));
#12192=CARTESIAN_POINT('',(114.079853077906,113.3,-1.06543055631802));
#12193=CARTESIAN_POINT('',(110.263966190415,113.3,9.37393647347786));
#12194=CARTESIAN_POINT('',(18.66983187756,113.3,119.023076923077));
#12195=CARTESIAN_POINT('',(21.13016812244,113.3,119.023076923077));
#12196=CARTESIAN_POINT('Origin',(19.9,113.3,118.));
#12197=CARTESIAN_POINT('',(19.9,113.3,120.6));
#12198=CARTESIAN_POINT('',(70.2074327582679,113.3,56.1121058575965));
#12199=CARTESIAN_POINT('',(11.1049515988111,113.3,109.325837929387));
#12200=CARTESIAN_POINT('',(106.86983187756,113.3,119.023076923077));
#12201=CARTESIAN_POINT('',(109.33016812244,113.3,119.023076923077));
#12202=CARTESIAN_POINT('Origin',(108.1,113.3,118.));
#12203=CARTESIAN_POINT('',(108.1,113.3,120.6));
#12204=CARTESIAN_POINT('',(141.723150213889,113.3,77.4992883785934));
#12205=CARTESIAN_POINT('',(82.6206690544318,113.3,87.9386554083901));
#12206=CARTESIAN_POINT('',(18.66983187756,113.3,5.02307692307692));
#12207=CARTESIAN_POINT('',(21.13016812244,113.3,5.02307692307692));
#12208=CARTESIAN_POINT('Origin',(19.9,113.3,4.));
#12209=CARTESIAN_POINT('',(19.9,113.3,6.59999999999997));
#12210=CARTESIAN_POINT('',(42.5641356222852,113.3,-22.4526130773151));
#12211=CARTESIAN_POINT('',(38.7482487347938,113.3,30.761118994475));
#12212=CARTESIAN_POINT('Origin',(104.,112.55,114.95));
#12213=CARTESIAN_POINT('',(94.,112.55,114.95));
#12214=CARTESIAN_POINT('Origin',(24.,111.8,114.95));
#12215=CARTESIAN_POINT('',(34.,110.3,114.95));
#12216=CARTESIAN_POINT('Origin',(24.,110.3,114.95));
#12217=CARTESIAN_POINT('',(34.,111.8,114.95));
#12218=CARTESIAN_POINT('Origin',(0.,110.3,0.));
#12219=CARTESIAN_POINT('',(32.7900000000046,110.300000000008,15.2000000000044));
#12220=CARTESIAN_POINT('',(32.7900000000046,110.299999999994,2.99999999999999));
#12221=CARTESIAN_POINT('',(45.,110.3,15.2000000000089));
#12222=CARTESIAN_POINT('',(65.9275000000028,110.3,15.2000000000089));
#12223=CARTESIAN_POINT('',(34.,110.3,26.2000000000089));
#12224=CARTESIAN_POINT('Origin',(45.,110.299999999994,26.2000000000089));
#12225=CARTESIAN_POINT('',(34.,110.3,30.3));
#12226=CARTESIAN_POINT('',(9.,110.3,107.));
#12227=CARTESIAN_POINT('',(21.13016812244,110.3,5.02307692307692));
#12228=CARTESIAN_POINT('',(18.66983187756,110.3,5.02307692307692));
#12229=CARTESIAN_POINT('Origin',(19.9,110.3,4.));
#12230=CARTESIAN_POINT('',(19.9,110.3,6.59999999999997));
#12231=CARTESIAN_POINT('',(14.5352309833138,110.3,-0.276969017856492));
#12232=CARTESIAN_POINT('',(18.3511178708054,110.3,8.58547493501628));
#12233=CARTESIAN_POINT('',(21.13016812244,110.3,119.023076923077));
#12234=CARTESIAN_POINT('',(18.66983187756,110.3,119.023076923077));
#12235=CARTESIAN_POINT('Origin',(19.9,110.3,118.));
#12236=CARTESIAN_POINT('',(19.9,110.3,120.6));
#12237=CARTESIAN_POINT('',(-13.108066152669,110.3,78.2877499170554));
#12238=CARTESIAN_POINT('',(45.9944150067881,110.3,87.1501938699279));
#12239=CARTESIAN_POINT('Origin',(94.,113.3,20.));
#12240=CARTESIAN_POINT('',(94.,107.237500000005,26.2000000000082));
#12241=CARTESIAN_POINT('Origin',(34.,111.8,60.6));
#12242=CARTESIAN_POINT('',(34.,106.48750000001,26.200000000008));
#12243=CARTESIAN_POINT('Origin',(64.0000000402586,0.75000001117587,-2.95));
#12244=CARTESIAN_POINT('',(83.,0.,-2.95));
#12245=CARTESIAN_POINT('',(24.2000019711442,61.6170008419156,-2.95));
#12246=CARTESIAN_POINT('Origin',(52.1000019711442,61.6170008419156,-2.95));
#12247=CARTESIAN_POINT('Origin',(52.1000019711442,61.6170008419156,0.));
#12248=CARTESIAN_POINT('',(24.2000019711442,61.6170008419156,0.));
#12249=CARTESIAN_POINT('Origin',(45.,106.48750000001,26.200000000008));
#12250=CARTESIAN_POINT('',(45.,106.487500000013,15.200000000008));
#12251=CARTESIAN_POINT('Origin',(122.855000000006,101.175000000015,15.2000000000068));
#12252=CARTESIAN_POINT('',(32.7900000000045,94.0500000000151,15.200000000005));
#12253=CARTESIAN_POINT('',(32.7900000000046,101.675000000015,15.2000000000068));
#12254=CARTESIAN_POINT('',(35.1400000000045,94.0500000000151,15.200000000005));
#12255=CARTESIAN_POINT('',(68.229079510322,94.0500000000149,15.2000000000051));
#12256=CARTESIAN_POINT('',(35.1400000000046,108.300000000015,15.2000000000084));
#12257=CARTESIAN_POINT('',(35.1400000000046,99.6750000000158,15.2000000000064));
#12258=CARTESIAN_POINT('',(56.9200000000043,108.300000000015,15.2000000000084));
#12259=CARTESIAN_POINT('',(106.222500000005,108.300000000015,15.2000000000084));
#12260=CARTESIAN_POINT('',(56.9200000000043,94.050000000015,15.200000000005));
#12261=CARTESIAN_POINT('',(56.9200000000043,99.6750000000156,15.2000000000064));
#12262=CARTESIAN_POINT('',(58.8700000000044,94.050000000015,15.200000000005));
#12263=CARTESIAN_POINT('',(91.1250000000049,94.0500000000148,15.2000000000051));
#12264=CARTESIAN_POINT('',(58.8700000000044,108.300000000015,15.2000000000084));
#12265=CARTESIAN_POINT('',(58.8700000000044,99.6750000000156,15.2000000000064));
#12266=CARTESIAN_POINT('',(80.6500000000044,108.300000000015,15.2000000000084));
#12267=CARTESIAN_POINT('',(80.1375000000045,108.300000000015,15.2000000000084));
#12268=CARTESIAN_POINT('',(80.6500000000044,94.0500000000148,15.2000000000051));
#12269=CARTESIAN_POINT('',(80.6500000000044,99.6750000000155,15.2000000000064));
#12270=CARTESIAN_POINT('',(83.0000000000043,94.0500000000148,15.2000000000051));
#12271=CARTESIAN_POINT('',(68.9475000000044,94.0500000000149,15.2000000000051));
#12272=CARTESIAN_POINT('',(83.0000000000043,89.8125000000143,15.2000000000041));
#12273=CARTESIAN_POINT('',(83.,107.237500000008,15.2000000000082));
#12274=CARTESIAN_POINT('Origin',(83.,107.237500000005,26.2000000000082));
#12275=CARTESIAN_POINT('Origin',(9.,15.85,111.8));
#12276=CARTESIAN_POINT('',(9.,15.85,111.8));
#12277=CARTESIAN_POINT('',(6.75,15.85,111.8));
#12278=CARTESIAN_POINT('',(9.,15.85,115.));
#12279=CARTESIAN_POINT('',(0.,15.85,115.));
#12280=CARTESIAN_POINT('',(9.,15.85,111.8));
#12281=CARTESIAN_POINT('Origin',(4.5,55.15,111.8));
#12282=CARTESIAN_POINT('',(9.,84.225,111.8));
#12283=CARTESIAN_POINT('',(2.35,81.3,111.8));
#12284=CARTESIAN_POINT('Origin',(4.,81.3,111.8));
#12285=CARTESIAN_POINT('',(2.35,56.6,111.8));
#12286=CARTESIAN_POINT('Origin',(4.,56.6,111.8));
#12287=CARTESIAN_POINT('',(2.35,31.9,111.8));
#12288=CARTESIAN_POINT('Origin',(4.,31.9,111.8));
#12289=CARTESIAN_POINT('Origin',(31.0000008791685,-5.,91.0457302237076));
#12290=CARTESIAN_POINT('',(45.4852778322559,-5.,83.1446700674782));
#12291=CARTESIAN_POINT('',(16.5147239260812,-5.,83.1446700674782));
#12292=CARTESIAN_POINT('Origin',(22.8778964520829,-5.,71.4788537698083));
#12293=CARTESIAN_POINT('',(15.4487578697662,-5.,85.0989411707222));
#12294=CARTESIAN_POINT('Origin',(29.9340348228536,-5.,93.0000013269517));
#12295=CARTESIAN_POINT('',(15.4487581172347,-5.,100.901061936873));
#12296=CARTESIAN_POINT('Origin',(32.3765235472018,-5.,93.5693551151021));
#12297=CARTESIAN_POINT('',(46.0159558171178,-5.,102.854606180872));
#12298=CARTESIAN_POINT('',(46.8618005002892,-5.,85.6682949588726));
#12299=CARTESIAN_POINT('Origin',(44.4772044097483,-5.,105.11493231017));
#12300=CARTESIAN_POINT('',(43.0670978069427,-0.999999999999996,107.186287555827));
#12301=CARTESIAN_POINT('Origin',(47.2002591008566,-0.999999999999996,110.));
#12302=CARTESIAN_POINT('Origin',(14.716377294078,-0.999999999999996,110.));
#12303=CARTESIAN_POINT('',(14.716377294078,-0.999999999999996,115.));
#12304=CARTESIAN_POINT('',(19.1058550836595,-0.999999999999996,107.605739209115));
#12305=CARTESIAN_POINT('Origin',(9.,3.00000000000001,115.));
#12306=CARTESIAN_POINT('',(9.,15.85,115.));
#12307=CARTESIAN_POINT('Origin',(10.8778964370848,-5.,92.5211494809507));
#12308=CARTESIAN_POINT('Origin',(51.1221053062541,-5.,93.4788537698083));
#12309=CARTESIAN_POINT('Origin',(13.6506078015203,1.54074395550979E-31,
78.6738111629372));
#12310=CARTESIAN_POINT('',(15.0000008791685,1.54074395550979E-31,80.1500016391275));
#12311=CARTESIAN_POINT('',(13.6506078015203,1.54074395550979E-31,78.6738111629372));
#12312=CARTESIAN_POINT('Origin',(45.6506078015203,1.54074395550979E-31,
110.673811162937));
#12313=CARTESIAN_POINT('',(47.0000008791685,1.54074395550979E-31,112.150001639127));
#12314=CARTESIAN_POINT('',(45.6506078015203,1.54074395550979E-31,110.673811162937));
#12315=CARTESIAN_POINT('Origin',(45.6506078015203,1.54074395550979E-31,
78.6738111629372));
#12316=CARTESIAN_POINT('',(47.0000008791685,1.54074395550979E-31,80.1500016391275));
#12317=CARTESIAN_POINT('',(45.6506078015203,1.54074395550979E-31,78.6738111629372));
#12318=CARTESIAN_POINT('Origin',(15.0000008791685,1.54074395550979E-31,
112.150001639127));
#12319=CARTESIAN_POINT('',(16.3493939568167,1.54074395550979E-31,110.673811162937));
#12320=CARTESIAN_POINT('',(15.0000008791685,1.54074395550979E-31,112.150001639127));
#12321=CARTESIAN_POINT('Origin',(54.,1.5,88.));
#12322=CARTESIAN_POINT('Origin',(47.0000008791685,1.54074395550979E-31,
77.0000016391277));
#12323=CARTESIAN_POINT('',(48.3493939568167,1.54074395550979E-31,78.6738111629372));
#12324=CARTESIAN_POINT('Origin',(47.0000008791685,1.54074395550979E-31,
80.1500016391275));
#12325=CARTESIAN_POINT('Origin',(47.0000008791685,1.54074395550979E-31,
109.000001639128));
#12326=CARTESIAN_POINT('',(48.3493939568167,1.54074395550979E-31,110.673811162937));
#12327=CARTESIAN_POINT('Origin',(47.0000008791685,1.54074395550979E-31,
112.150001639127));
#12328=CARTESIAN_POINT('Origin',(15.0000008791685,1.54074395550979E-31,
77.0000016391277));
#12329=CARTESIAN_POINT('',(16.3493939568167,1.54074395550979E-31,78.6738111629372));
#12330=CARTESIAN_POINT('Origin',(15.0000008791685,1.54074395550979E-31,
80.1500016391275));
#12331=CARTESIAN_POINT('Origin',(13.6506078015203,1.54074395550979E-31,
110.673811162937));
#12332=CARTESIAN_POINT('',(13.6506078015203,1.54074395550979E-31,110.673811162937));
#12333=CARTESIAN_POINT('Origin',(15.0000008791685,1.54074395550979E-31,
109.000001639128));
#12334=CARTESIAN_POINT('Origin',(4.,81.3,110.8));
#12335=CARTESIAN_POINT('',(2.35,81.3,107.6));
#12336=CARTESIAN_POINT('',(2.35,81.3,110.8));
#12337=CARTESIAN_POINT('Origin',(4.,81.3,107.6));
#12338=CARTESIAN_POINT('Origin',(4.,81.3,107.6));
#12339=CARTESIAN_POINT('Origin',(4.,56.6,110.8));
#12340=CARTESIAN_POINT('',(2.35,56.6,107.6));
#12341=CARTESIAN_POINT('',(2.35,56.6,110.8));
#12342=CARTESIAN_POINT('Origin',(4.,56.6,107.6));
#12343=CARTESIAN_POINT('Origin',(4.,56.6,107.6));
#12344=CARTESIAN_POINT('Origin',(4.,31.9,110.8));
#12345=CARTESIAN_POINT('',(2.35,31.9,107.6));
#12346=CARTESIAN_POINT('',(2.35,31.9,110.8));
#12347=CARTESIAN_POINT('Origin',(4.,31.9,107.6));
#12348=CARTESIAN_POINT('Origin',(4.,31.9,107.6));
#12349=CARTESIAN_POINT('Origin',(9.,25.02,83.76));
#12350=CARTESIAN_POINT('',(9.,23.52,83.76));
#12351=CARTESIAN_POINT('Origin',(9.,25.02,83.76));
#12352=CARTESIAN_POINT('',(4.,23.52,83.76));
#12353=CARTESIAN_POINT('',(9.,23.52,83.76));
#12354=CARTESIAN_POINT('Origin',(4.,25.02,83.76));
#12355=CARTESIAN_POINT('Origin',(4.,25.02,83.76));
#12356=CARTESIAN_POINT('Origin',(9.,60.58,83.76));
#12357=CARTESIAN_POINT('',(9.,59.08,83.76));
#12358=CARTESIAN_POINT('Origin',(9.,60.58,83.76));
#12359=CARTESIAN_POINT('',(4.,59.08,83.76));
#12360=CARTESIAN_POINT('',(9.,59.08,83.76));
#12361=CARTESIAN_POINT('Origin',(4.,60.58,83.76));
#12362=CARTESIAN_POINT('Origin',(4.,60.58,83.76));
#12363=CARTESIAN_POINT('Origin',(9.,25.02,99.));
#12364=CARTESIAN_POINT('',(9.,23.52,99.));
#12365=CARTESIAN_POINT('Origin',(9.,25.02,99.));
#12366=CARTESIAN_POINT('',(4.,23.52,99.));
#12367=CARTESIAN_POINT('',(9.,23.52,99.));
#12368=CARTESIAN_POINT('Origin',(4.,25.02,99.));
#12369=CARTESIAN_POINT('Origin',(4.,25.02,99.));
#12370=CARTESIAN_POINT('Origin',(9.,60.58,99.));
#12371=CARTESIAN_POINT('',(9.,59.08,99.));
#12372=CARTESIAN_POINT('Origin',(9.,60.58,99.));
#12373=CARTESIAN_POINT('',(4.,59.08,99.));
#12374=CARTESIAN_POINT('',(9.,59.08,99.));
#12375=CARTESIAN_POINT('Origin',(4.,60.58,99.));
#12376=CARTESIAN_POINT('Origin',(4.,60.58,99.));
#12377=CARTESIAN_POINT('Origin',(9.,42.8,25.));
#12378=CARTESIAN_POINT('',(9.,41.15,25.));
#12379=CARTESIAN_POINT('Origin',(9.,42.8,25.));
#12380=CARTESIAN_POINT('',(3.,41.15,25.));
#12381=CARTESIAN_POINT('',(9.,41.15,25.));
#12382=CARTESIAN_POINT('Origin',(3.,42.8,25.));
#12383=CARTESIAN_POINT('Origin',(3.,42.8,25.));
#12384=CARTESIAN_POINT('Origin',(9.,100.8,25.));
#12385=CARTESIAN_POINT('',(9.,99.15,25.));
#12386=CARTESIAN_POINT('Origin',(9.,100.8,25.));
#12387=CARTESIAN_POINT('',(3.,99.15,25.));
#12388=CARTESIAN_POINT('',(9.,99.15,25.));
#12389=CARTESIAN_POINT('Origin',(3.,100.8,25.));
#12390=CARTESIAN_POINT('Origin',(3.,100.8,25.));
#12391=CARTESIAN_POINT('Origin',(9.,42.8,74.));
#12392=CARTESIAN_POINT('',(9.,41.15,74.));
#12393=CARTESIAN_POINT('Origin',(9.,42.8,74.));
#12394=CARTESIAN_POINT('',(3.,41.15,74.));
#12395=CARTESIAN_POINT('',(9.,41.15,74.));
#12396=CARTESIAN_POINT('Origin',(3.,42.8,74.));
#12397=CARTESIAN_POINT('Origin',(3.,42.8,74.));
#12398=CARTESIAN_POINT('Origin',(9.,100.8,74.));
#12399=CARTESIAN_POINT('',(9.,99.15,74.));
#12400=CARTESIAN_POINT('Origin',(9.,100.8,74.));
#12401=CARTESIAN_POINT('',(3.,99.15,74.));
#12402=CARTESIAN_POINT('',(9.,99.15,74.));
#12403=CARTESIAN_POINT('Origin',(3.,100.8,74.));
#12404=CARTESIAN_POINT('Origin',(3.,100.8,74.));
#12405=CARTESIAN_POINT('Origin',(108.1,113.3,118.));
#12406=CARTESIAN_POINT('',(106.86983187756,113.3,119.023076923077));
#12407=CARTESIAN_POINT('',(109.33016812244,113.3,119.023076923077));
#12408=CARTESIAN_POINT('Origin',(108.1,113.3,120.6));
#12409=CARTESIAN_POINT('',(108.1,113.3,120.6));
#12410=CARTESIAN_POINT('Origin',(109.33016812244,113.3,119.023076923077));
#12411=CARTESIAN_POINT('Origin',(19.9,113.3,6.59999999999997));
#12412=CARTESIAN_POINT('',(19.9,113.3,6.59999999999997));
#12413=CARTESIAN_POINT('',(18.66983187756,113.3,5.02307692307692));
#12414=CARTESIAN_POINT('Origin',(21.13016812244,113.3,5.02307692307692));
#12415=CARTESIAN_POINT('',(21.13016812244,113.3,5.02307692307692));
#12416=CARTESIAN_POINT('Origin',(19.9,113.3,118.));
#12417=CARTESIAN_POINT('',(18.66983187756,113.3,119.023076923077));
#12418=CARTESIAN_POINT('',(21.13016812244,113.3,119.023076923077));
#12419=CARTESIAN_POINT('Origin',(19.9,113.3,120.6));
#12420=CARTESIAN_POINT('',(19.9,113.3,120.6));
#12421=CARTESIAN_POINT('Origin',(21.13016812244,113.3,119.023076923077));
#12422=CARTESIAN_POINT('Origin',(108.1,113.3,6.59999999999997));
#12423=CARTESIAN_POINT('',(108.1,113.3,6.59999999999997));
#12424=CARTESIAN_POINT('',(106.86983187756,113.3,5.02307692307692));
#12425=CARTESIAN_POINT('Origin',(109.33016812244,113.3,5.02307692307692));
#12426=CARTESIAN_POINT('',(109.33016812244,113.3,5.02307692307692));
#12427=CARTESIAN_POINT('Origin',(9.,113.3,108.));
#12428=CARTESIAN_POINT('',(8.99999999998207,47.0196742931757,19.2500000000001));
#12429=CARTESIAN_POINT('',(9.,47.0196742931758,17.9250000000015));
#12430=CARTESIAN_POINT('',(8.99999999998306,97.2296742931755,19.2500000000018));
#12431=CARTESIAN_POINT('',(9.,25.0098371465875,19.2499999999993));
#12432=CARTESIAN_POINT('',(9.,97.2296742931756,17.9250000000032));
#12433=CARTESIAN_POINT('Origin',(80.0000000000044,94.0500000000173,5.00000000000425));
#12434=CARTESIAN_POINT('',(32.7900000000045,94.050000000017,7.05000000000345));
#12435=CARTESIAN_POINT('',(83.0000000000043,94.0500000000167,7.2296051224255));
#12436=CARTESIAN_POINT('',(80.2500000000042,94.0500000000149,14.8000000000085));
#12437=CARTESIAN_POINT('',(72.6862499999581,94.0500000000168,7.23625000002787));
#12438=CARTESIAN_POINT('',(80.2500000000042,94.0500000000165,7.85000000000428));
#12439=CARTESIAN_POINT('',(80.2500000000042,94.0500000000159,10.976293341578));
#12440=CARTESIAN_POINT('',(79.2750000000043,94.0500000000165,7.85000000000427));
#12441=CARTESIAN_POINT('',(80.0000000000044,94.0500000000165,7.85000000000427));
#12442=CARTESIAN_POINT('',(79.2750000000043,94.0500000000175,5.0000000000043));
#12443=CARTESIAN_POINT('',(79.2750000000043,94.0500000000173,5.00000000000425));
#12444=CARTESIAN_POINT('',(60.2450000000045,94.0500000000173,5.0000000000043));
#12445=CARTESIAN_POINT('',(32.4325000000043,94.0500000000175,5.00000000000426));
#12446=CARTESIAN_POINT('',(60.2450000000045,94.0500000000166,7.85000000000427));
#12447=CARTESIAN_POINT('',(60.2450000000045,94.0500000000173,5.0000000000043));
#12448=CARTESIAN_POINT('',(59.2700000000043,94.0500000000166,7.85000000000427));
#12449=CARTESIAN_POINT('',(56.3950000000044,94.0500000000166,7.85000000000427));
#12450=CARTESIAN_POINT('',(59.2700000000043,94.0500000000151,14.8000000000085));
#12451=CARTESIAN_POINT('',(59.2700000000043,94.050000000016,10.976293341578));
#12452=CARTESIAN_POINT('',(61.6512500000057,94.0500000000156,12.418750000028));
#12453=CARTESIAN_POINT('',(56.5200000000044,94.0500000000151,14.8000000000085));
#12454=CARTESIAN_POINT('',(54.8887500000095,94.0500000000154,13.168750000028));
#12455=CARTESIAN_POINT('',(56.5200000000044,94.0500000000166,7.85000000000427));
#12456=CARTESIAN_POINT('',(56.5200000000044,94.050000000016,10.976293341578));
#12457=CARTESIAN_POINT('',(55.5450000000044,94.0500000000166,7.85000000000427));
#12458=CARTESIAN_POINT('',(59.3950000000043,94.0500000000166,7.85000000000427));
#12459=CARTESIAN_POINT('',(55.5450000000044,94.0500000000174,5.0000000000043));
#12460=CARTESIAN_POINT('',(55.5450000000044,94.0500000000174,5.0000000000043));
#12461=CARTESIAN_POINT('',(36.5150000000044,94.0500000000177,5.00000000000429));
#12462=CARTESIAN_POINT('',(90.4675000000037,94.0500000000172,5.00000000000426));
#12463=CARTESIAN_POINT('',(36.5150000000044,94.0500000000168,7.85000000000427));
#12464=CARTESIAN_POINT('',(36.5150000000044,94.0500000000175,5.00000000000424));
#12465=CARTESIAN_POINT('',(35.5400000000045,94.0500000000168,7.85000000000427));
#12466=CARTESIAN_POINT('',(35.7900000000045,94.0500000000168,7.85000000000427));
#12467=CARTESIAN_POINT('',(35.5400000000045,94.0500000000152,14.8000000000085));
#12468=CARTESIAN_POINT('',(35.5400000000045,94.0500000000161,10.976293341578));
#12469=CARTESIAN_POINT('',(43.8537500000577,94.0500000000171,6.48625000002809));
#12470=CARTESIAN_POINT('Origin',(32.7900000000045,77.4500000000165,4.45000000000055));
#12471=CARTESIAN_POINT('Origin',(35.3400000000045,99.6750000000158,15.0000000000081));
#12472=CARTESIAN_POINT('',(35.5400000000045,108.300000000015,14.8000000000119));
#12473=CARTESIAN_POINT('',(35.5400000000045,99.675000000016,14.8000000000099));
#12474=CARTESIAN_POINT('',(51.4025000001237,108.300000000019,-1.06249999996861));
#12475=CARTESIAN_POINT('Origin',(35.5400000000045,98.1750000000159,16.9525866831527));
#12476=CARTESIAN_POINT('',(35.5400000000045,94.450000000017,8.25000000000214));
#12477=CARTESIAN_POINT('',(35.5400000000045,97.4568966708037,11.256896670791));
#12478=CARTESIAN_POINT('',(35.5400000000045,107.050000000017,8.25000000000397));
#12479=CARTESIAN_POINT('',(35.5400000000045,102.612500000017,8.25000000000406));
#12480=CARTESIAN_POINT('',(35.5400000000045,107.050000000016,11.9500000000074));
#12481=CARTESIAN_POINT('',(35.5400000000045,107.050000000015,13.5262933415811));
#12482=CARTESIAN_POINT('',(35.5400000000045,108.300000000016,13.2000000000076));
#12483=CARTESIAN_POINT('',(35.5400000000045,106.081896670803,10.9818966707943));
#12484=CARTESIAN_POINT('',(35.5400000000045,108.300000000015,10.9762933415813));
#12485=CARTESIAN_POINT('Origin',(121.540000000003,101.175000000017,5.00000000000596));
#12486=CARTESIAN_POINT('',(55.3950000000043,94.2000000000173,5.00000000000432));
#12487=CARTESIAN_POINT('',(67.3575000000044,82.2375000000173,5.00000000000148));
#12488=CARTESIAN_POINT('',(55.3950000000044,110.300000000017,5.00000000000812));
#12489=CARTESIAN_POINT('',(55.3950000000043,101.175000000017,5.00000000000596));
#12490=CARTESIAN_POINT('',(36.6650000000046,110.300000000017,5.00000000000809));
#12491=CARTESIAN_POINT('',(60.7700000000016,110.3,5.00000000000807));
#12492=CARTESIAN_POINT('',(36.6650000000045,94.2000000000174,5.00000000000427));
#12493=CARTESIAN_POINT('',(36.6650000000046,101.175000000017,5.00000000000591));
#12494=CARTESIAN_POINT('',(59.6525000000044,117.187500000017,5.00000000000968));
#12495=CARTESIAN_POINT('Origin',(56.7200000000043,99.6750000000156,15.0000000000081));
#12496=CARTESIAN_POINT('',(56.5200000000045,108.300000000014,14.8000000000119));
#12497=CARTESIAN_POINT('',(62.4375000000755,108.300000000014,20.7175000000313));
#12498=CARTESIAN_POINT('',(56.5200000000044,99.6750000000159,14.8000000000099));
#12499=CARTESIAN_POINT('Origin',(56.5200000000044,98.1750000000158,16.9525866831527));
#12500=CARTESIAN_POINT('',(56.5200000000045,108.300000000015,13.2000000000077));
#12501=CARTESIAN_POINT('',(56.5200000000045,108.300000000015,10.9762933415814));
#12502=CARTESIAN_POINT('',(56.5200000000045,107.050000000016,11.9500000000073));
#12503=CARTESIAN_POINT('',(56.5200000000045,106.081896670803,10.9818966707943));
#12504=CARTESIAN_POINT('',(56.5200000000045,107.050000000016,8.25000000000402));
#12505=CARTESIAN_POINT('',(56.5200000000045,107.050000000015,13.5262933415811));
#12506=CARTESIAN_POINT('',(56.5200000000044,94.4500000000166,8.25000000000218));
#12507=CARTESIAN_POINT('',(56.5200000000044,102.612500000017,8.2500000000041));
#12508=CARTESIAN_POINT('',(56.5200000000044,97.4568966708031,11.2568966707923));
#12509=CARTESIAN_POINT('Origin',(59.0700000000044,99.6750000000156,15.0000000000081));
#12510=CARTESIAN_POINT('',(59.2700000000044,108.300000000014,14.8000000000119));
#12511=CARTESIAN_POINT('',(59.2700000000043,99.6750000000159,14.8000000000099));
#12512=CARTESIAN_POINT('',(56.1574999999578,108.300000000014,17.9125000000313));
#12513=CARTESIAN_POINT('Origin',(80.4500000000044,99.6750000000155,15.0000000000081));
#12514=CARTESIAN_POINT('',(80.2500000000043,108.300000000014,14.8000000000119));
#12515=CARTESIAN_POINT('',(67.1924999999104,108.300000000018,1.74250000003124));
#12516=CARTESIAN_POINT('',(80.2500000000042,99.6750000000158,14.8000000000099));
#12517=CARTESIAN_POINT('Origin',(80.2500000000042,98.1750000000157,16.9525866831527));
#12518=CARTESIAN_POINT('',(80.2500000000043,108.300000000015,13.2000000000076));
#12519=CARTESIAN_POINT('',(80.2500000000043,108.300000000015,10.9762933415813));
#12520=CARTESIAN_POINT('',(80.2500000000043,107.050000000016,11.9500000000074));
#12521=CARTESIAN_POINT('',(80.2500000000043,106.081896670803,10.9818966707943));
#12522=CARTESIAN_POINT('',(80.2500000000043,107.050000000016,8.25000000000397));
#12523=CARTESIAN_POINT('',(80.2500000000043,107.050000000015,13.5262933415811));
#12524=CARTESIAN_POINT('',(80.2500000000042,94.4500000000168,8.25000000000214));
#12525=CARTESIAN_POINT('',(80.2500000000042,102.612500000017,8.25000000000406));
#12526=CARTESIAN_POINT('',(80.2500000000042,97.4568966708035,11.256896670791));
#12527=CARTESIAN_POINT('Origin',(89.5900000000045,108.300000000017,5.00000000000762));
#12528=CARTESIAN_POINT('',(36.9150000000044,108.300000000016,13.2000000000076));
#12529=CARTESIAN_POINT('',(34.6630000000045,108.300000000016,13.2000000000076));
#12530=CARTESIAN_POINT('',(55.1450000000044,108.300000000015,13.2000000000077));
#12531=CARTESIAN_POINT('',(40.4200000000043,108.300000000015,13.2000000000077));
#12532=CARTESIAN_POINT('',(-5.5069999999956,108.300000000016,13.2000000000076));
#12533=CARTESIAN_POINT('Origin',(78.8750000000044,101.175000000017,5.00000000000591));
#12534=CARTESIAN_POINT('',(78.8750000000044,94.450000000017,6.25000000000432));
#12535=CARTESIAN_POINT('',(78.8750000000044,94.4500000000164,7.85000000000435));
#12536=CARTESIAN_POINT('',(78.8750000000044,94.4500000000172,5.00000000000434));
#12537=CARTESIAN_POINT('',(78.8750000000044,106.300000000017,7.85000000000714));
#12538=CARTESIAN_POINT('',(78.8750000000044,104.112500000017,7.85000000000662));
#12539=CARTESIAN_POINT('',(78.8750000000044,106.300000000017,6.25000000000711));
#12540=CARTESIAN_POINT('',(78.8750000000044,106.300000000017,5.00000000000713));
#12541=CARTESIAN_POINT('',(78.8750000000044,101.175000000017,6.25000000000589));
#12542=CARTESIAN_POINT('Origin',(79.1250000000044,100.175000000017,6.2500000000057));
#12543=CARTESIAN_POINT('',(79.1250000000044,94.2000000000169,6.2500000000043));
#12544=CARTESIAN_POINT('',(77.6062500000045,95.7187500000168,6.25000000000465));
#12545=CARTESIAN_POINT('',(79.1250000000045,106.300000000017,6.25000000000711));
#12546=CARTESIAN_POINT('',(79.1250000000045,106.300000000017,6.25000000000711));
#12547=CARTESIAN_POINT('',(79.1250000000044,100.175000000017,6.2500000000057));
#12548=CARTESIAN_POINT('Origin',(79.1250000000045,106.300000000017,7.25000000000711));
#12549=CARTESIAN_POINT('',(79.1250000000045,106.300000000017,8.10000000000714));
#12550=CARTESIAN_POINT('',(78.8875000000044,106.300000000017,7.86250000000713));
#12551=CARTESIAN_POINT('',(79.1250000000045,106.300000000017,7.25000000000711));
#12552=CARTESIAN_POINT('Origin',(79.1250000000045,109.042000000016,10.7250000000078));
#12553=CARTESIAN_POINT('',(78.8750000000044,109.042000000017,8.25000000000777));
#12554=CARTESIAN_POINT('',(78.8750000000044,109.042000000015,13.2000000000078));
#12555=CARTESIAN_POINT('',(78.8750000000044,109.042000000017,5.00000000000774));
#12556=CARTESIAN_POINT('',(79.1250000000045,109.042000000015,13.2000000000078));
#12557=CARTESIAN_POINT('',(79.1250000000045,109.042000000015,13.2000000000078));
#12558=CARTESIAN_POINT('',(79.1250000000045,109.042000000017,8.25000000000777));
#12559=CARTESIAN_POINT('',(79.1250000000045,109.042000000016,10.7250000000078));
#12560=CARTESIAN_POINT('',(79.1250000000045,109.042000000017,8.25000000000777));
#12561=CARTESIAN_POINT('Origin',(78.8750000000044,101.175000000017,5.00000000000591));
#12562=CARTESIAN_POINT('',(78.8750000000044,107.050000000016,8.25000000000731));
#12563=CARTESIAN_POINT('',(78.8750000000044,107.050000000016,11.9500000000073));
#12564=CARTESIAN_POINT('',(78.8750000000044,107.050000000016,11.7250000000073));
#12565=CARTESIAN_POINT('',(78.8750000000044,108.300000000015,13.2000000000076));
#12566=CARTESIAN_POINT('',(78.8750000000044,100.637500000017,5.5375000000058));
#12567=CARTESIAN_POINT('',(78.8750000000044,110.300000000015,13.2000000000081));
#12568=CARTESIAN_POINT('',(78.8750000000044,101.175000000017,8.2500000000059));
#12569=CARTESIAN_POINT('Origin',(79.1250000000045,107.050000000016,8.25000000000731));
#12570=CARTESIAN_POINT('',(79.1250000000045,107.050000000016,8.25000000000731));
#12571=CARTESIAN_POINT('',(79.1250000000045,107.050000000016,8.25000000000731));
#12572=CARTESIAN_POINT('',(80.0000000000045,107.050000000016,8.25000000000731));
#12573=CARTESIAN_POINT('Origin',(79.0750000000044,104.112500000016,8.05000000000662));
#12574=CARTESIAN_POINT('',(79.0750000000043,94.2500000000165,8.05000000000426));
#12575=CARTESIAN_POINT('',(76.9229166666711,96.4020833333505,5.89791666667146));
#12576=CARTESIAN_POINT('',(79.2750000000043,94.4500000000168,8.25000000000435));
#12577=CARTESIAN_POINT('',(80.8729166666713,96.047916666684,9.84791666667163));
#12578=CARTESIAN_POINT('',(79.2750000000044,107.050000000017,8.25000000000736));
#12579=CARTESIAN_POINT('',(79.2750000000044,104.112500000016,8.25000000000662));
#12580=CARTESIAN_POINT('',(79.1250000000045,107.050000000016,8.10000000000731));
#12581=CARTESIAN_POINT('',(67.8687500000044,107.050000000019,-3.15624999999267));
#12582=CARTESIAN_POINT('',(79.1250000000045,103.143750000016,8.10000000000639));
#12583=CARTESIAN_POINT('Origin',(79.0750000000043,94.2500000000172,5.00000000000429));
#12584=CARTESIAN_POINT('',(79.7375000000042,93.5875000000169,7.3875000000045));
#12585=CARTESIAN_POINT('',(79.1250000000044,94.2000000000172,5.00000000000427));
#12586=CARTESIAN_POINT('',(79.1250000000044,94.2000000000167,7.55000000000427));
#12587=CARTESIAN_POINT('',(56.1375000000045,117.187500000017,5.00000000000968));
#12588=CARTESIAN_POINT('Origin',(79.1250000000044,102.175000000016,10.1000000000061));
#12589=CARTESIAN_POINT('',(79.1250000000045,107.050000000016,10.1000000000073));
#12590=CARTESIAN_POINT('',(79.1250000000045,110.300000000015,13.2000000000081));
#12591=CARTESIAN_POINT('',(79.1250000000045,110.300000000015,13.2000000000081));
#12592=CARTESIAN_POINT('',(79.1250000000045,110.300000000017,5.00000000000809));
#12593=CARTESIAN_POINT('',(79.1250000000045,110.3,5.05000000000304));
#12594=CARTESIAN_POINT('',(79.1250000000044,101.175000000017,5.00000000000591));
#12595=CARTESIAN_POINT('Origin',(32.2000000000045,107.050000000016,11.9500000000073));
#12596=CARTESIAN_POINT('',(81.1270000000046,108.300000000015,13.2000000000076));
#12597=CARTESIAN_POINT('',(80.0950000000044,107.050000000016,11.9500000000074));
#12598=CARTESIAN_POINT('Origin',(32.2000000000045,107.050000000016,10.1000000000073));
#12599=CARTESIAN_POINT('',(81.1250000000043,107.050000000017,8.25000000000736));
#12600=CARTESIAN_POINT('Origin',(80.0000000000045,107.050000000016,8.25000000000731));
#12601=CARTESIAN_POINT('',(80.0000000000044,94.4500000000168,8.25000000000435));
#12602=CARTESIAN_POINT('Origin',(80.0000000000044,94.2500000000165,8.05000000000431));
#12603=CARTESIAN_POINT('Origin',(5.47000000000438,101.175000000018,5.00000000000596));
#12604=CARTESIAN_POINT('',(60.3950000000044,110.300000000017,5.00000000000812));
#12605=CARTESIAN_POINT('',(2.73500000000219,110.3,5.00000000000811));
#12606=CARTESIAN_POINT('',(60.3950000000043,94.2000000000172,5.00000000000432));
#12607=CARTESIAN_POINT('',(60.3950000000044,101.175000000017,5.00000000000596));
#12608=CARTESIAN_POINT('',(48.4325000000044,82.2375000000174,5.00000000000148));
#12609=CARTESIAN_POINT('Origin',(75.3700000000045,110.300000000015,13.2000000000081));
#12610=CARTESIAN_POINT('',(60.3950000000044,110.300000000015,13.2000000000081));
#12611=CARTESIAN_POINT('',(37.6850000000022,110.3,13.2000000000081));
#12612=CARTESIAN_POINT('',(60.6450000000044,108.300000000015,13.2000000000077));
#12613=CARTESIAN_POINT('',(64.1500000000044,108.300000000015,13.2000000000077));
#12614=CARTESIAN_POINT('',(60.6450000000044,109.042000000015,13.2000000000078));
#12615=CARTESIAN_POINT('',(60.6450000000044,110.300000000015,13.2000000000081));
#12616=CARTESIAN_POINT('',(60.3950000000044,109.042000000015,13.2000000000078));
#12617=CARTESIAN_POINT('',(60.3950000000044,109.042000000015,13.2000000000078));
#12618=CARTESIAN_POINT('',(60.3950000000044,110.300000000015,13.2000000000081));
#12619=CARTESIAN_POINT('Origin',(37.4200000000044,108.300000000017,5.00000000000762));
#12620=CARTESIAN_POINT('',(59.2700000000044,108.300000000015,13.2000000000077));
#12621=CARTESIAN_POINT('',(59.2700000000044,108.300000000015,10.9762933415814));
#12622=CARTESIAN_POINT('',(121.297000000005,108.300000000015,13.2000000000076));
#12623=CARTESIAN_POINT('Origin',(59.2700000000043,98.1750000000158,16.9525866831527));
#12624=CARTESIAN_POINT('',(59.2700000000043,94.4500000000166,8.25000000000218));
#12625=CARTESIAN_POINT('',(59.2700000000043,97.4568966708031,11.2568966707923));
#12626=CARTESIAN_POINT('',(59.2700000000044,107.050000000016,8.25000000000402));
#12627=CARTESIAN_POINT('',(59.2700000000043,102.612500000017,8.2500000000041));
#12628=CARTESIAN_POINT('',(59.2700000000044,107.050000000016,11.9500000000073));
#12629=CARTESIAN_POINT('',(59.2700000000044,107.050000000015,13.5262933415811));
#12630=CARTESIAN_POINT('',(59.2700000000044,106.081896670803,10.9818966707943));
#12631=CARTESIAN_POINT('Origin',(60.6450000000044,101.175000000017,5.00000000000596));
#12632=CARTESIAN_POINT('',(60.6450000000044,94.4500000000165,7.85000000000439));
#12633=CARTESIAN_POINT('',(60.6450000000044,94.450000000017,6.25000000000437));
#12634=CARTESIAN_POINT('',(60.6450000000044,94.4500000000173,5.00000000000439));
#12635=CARTESIAN_POINT('',(60.6450000000044,106.300000000017,6.25000000000716));
#12636=CARTESIAN_POINT('',(60.6450000000044,101.175000000017,6.25000000000594));
#12637=CARTESIAN_POINT('',(60.6450000000044,106.300000000017,7.85000000000718));
#12638=CARTESIAN_POINT('',(60.6450000000044,106.300000000017,5.00000000000715));
#12639=CARTESIAN_POINT('',(60.6450000000044,104.112500000017,7.85000000000667));
#12640=CARTESIAN_POINT('Origin',(60.3950000000044,106.300000000017,7.25000000000715));
#12641=CARTESIAN_POINT('',(60.3950000000044,106.300000000017,8.10000000000718));
#12642=CARTESIAN_POINT('',(60.6325000000045,106.300000000017,7.86250000000717));
#12643=CARTESIAN_POINT('',(60.3950000000044,106.300000000017,6.25000000000716));
#12644=CARTESIAN_POINT('',(60.3950000000044,106.300000000017,6.25000000000716));
#12645=CARTESIAN_POINT('',(60.3950000000044,106.300000000017,7.25000000000715));
#12646=CARTESIAN_POINT('Origin',(60.3950000000044,100.175000000017,6.25000000000573));
#12647=CARTESIAN_POINT('',(60.3950000000043,94.200000000017,6.25000000000432));
#12648=CARTESIAN_POINT('',(61.9137500000043,95.7187500000169,6.2500000000047));
#12649=CARTESIAN_POINT('',(60.3950000000044,100.175000000017,6.25000000000573));
#12650=CARTESIAN_POINT('Origin',(60.3950000000044,109.042000000016,10.7250000000078));
#12651=CARTESIAN_POINT('',(60.6450000000044,109.042000000017,8.25000000000782));
#12652=CARTESIAN_POINT('',(60.6450000000044,109.042000000017,5.00000000000784));
#12653=CARTESIAN_POINT('',(60.3950000000044,109.042000000017,8.25000000000782));
#12654=CARTESIAN_POINT('',(60.3950000000044,109.042000000017,8.25000000000782));
#12655=CARTESIAN_POINT('',(60.3950000000044,109.042000000016,10.7250000000078));
#12656=CARTESIAN_POINT('Origin',(60.4450000000044,94.2500000000173,5.00000000000434));
#12657=CARTESIAN_POINT('',(60.4450000000044,94.2500000000166,8.05000000000433));
#12658=CARTESIAN_POINT('',(62.5970833333377,96.4020833333505,5.89791666667151));
#12659=CARTESIAN_POINT('',(59.261666666671,93.0666666666837,6.8666666666707));
#12660=CARTESIAN_POINT('',(60.3950000000043,94.2000000000168,7.55000000000431));
#12661=CARTESIAN_POINT('Origin',(60.4450000000045,104.112500000017,8.05000000000667));
#12662=CARTESIAN_POINT('',(60.3950000000044,107.050000000016,8.10000000000735));
#12663=CARTESIAN_POINT('',(60.3950000000044,103.143750000016,8.10000000000643));
#12664=CARTESIAN_POINT('',(60.2450000000045,107.050000000016,8.25000000000736));
#12665=CARTESIAN_POINT('',(62.9137500000044,107.050000000017,5.58125000000735));
#12666=CARTESIAN_POINT('',(60.2450000000045,94.4500000000166,8.25000000000439));
#12667=CARTESIAN_POINT('',(60.2450000000045,104.112500000017,8.25000000000666));
#12668=CARTESIAN_POINT('',(58.1262500000044,96.5687500000162,10.3687500000049));
#12669=CARTESIAN_POINT('Origin',(60.3950000000044,102.175000000016,10.1000000000062));
#12670=CARTESIAN_POINT('',(60.3950000000044,110.3,5.05000000000307));
#12671=CARTESIAN_POINT('',(60.3950000000044,107.050000000016,8.25000000000736));
#12672=CARTESIAN_POINT('',(60.3950000000044,107.050000000016,8.25000000000736));
#12673=CARTESIAN_POINT('',(60.3950000000044,107.050000000016,10.1000000000073));
#12674=CARTESIAN_POINT('Origin',(60.3950000000044,107.050000000016,8.25000000000736));
#12675=CARTESIAN_POINT('',(60.6450000000044,107.050000000016,8.25000000000736));
#12676=CARTESIAN_POINT('',(60.6450000000044,101.175000000017,8.25000000000594));
#12677=CARTESIAN_POINT('',(59.3950000000044,107.050000000016,8.25000000000736));
#12678=CARTESIAN_POINT('Origin',(60.6450000000044,101.175000000017,5.00000000000596));
#12679=CARTESIAN_POINT('',(60.6450000000044,107.050000000016,11.9500000000073));
#12680=CARTESIAN_POINT('',(60.6450000000044,107.050000000016,11.9500000000073));
#12681=CARTESIAN_POINT('',(60.6450000000044,107.050000000017,5.00000000000734));
#12682=CARTESIAN_POINT('Origin',(56.3950000000044,94.2500000000166,8.05000000000433));
#12683=CARTESIAN_POINT('',(56.3950000000044,94.4500000000166,8.25000000000439));
#12684=CARTESIAN_POINT('Origin',(56.3950000000044,107.050000000016,8.25000000000736));
#12685=CARTESIAN_POINT('',(56.3950000000044,107.050000000016,8.25000000000736));
#12686=CARTESIAN_POINT('Origin',(72.3700000000043,107.050000000016,10.1000000000073));
#12687=CARTESIAN_POINT('',(55.1450000000044,107.050000000016,11.9500000000073));
#12688=CARTESIAN_POINT('Origin',(72.3700000000043,107.050000000016,11.9500000000073));
#12689=CARTESIAN_POINT('Origin',(55.1450000000043,101.175000000017,5.00000000000596));
#12690=CARTESIAN_POINT('',(55.1450000000043,94.4500000000166,7.85000000000439));
#12691=CARTESIAN_POINT('',(55.1450000000043,94.4500000000171,6.25000000000437));
#12692=CARTESIAN_POINT('',(55.1450000000043,94.4500000000173,5.00000000000439));
#12693=CARTESIAN_POINT('',(55.1450000000044,106.300000000017,7.85000000000718));
#12694=CARTESIAN_POINT('',(55.1450000000044,104.112500000017,7.85000000000667));
#12695=CARTESIAN_POINT('',(55.1450000000044,106.300000000017,6.25000000000716));
#12696=CARTESIAN_POINT('',(55.1450000000044,106.300000000017,5.00000000000715));
#12697=CARTESIAN_POINT('',(55.1450000000043,101.175000000017,6.25000000000594));
#12698=CARTESIAN_POINT('Origin',(55.3950000000044,106.300000000017,7.25000000000715));
#12699=CARTESIAN_POINT('',(55.3950000000044,106.300000000017,8.10000000000718));
#12700=CARTESIAN_POINT('',(55.1575000000046,106.300000000017,7.86250000000717));
#12701=CARTESIAN_POINT('',(55.3950000000044,106.300000000017,6.25000000000716));
#12702=CARTESIAN_POINT('',(55.3950000000044,106.300000000017,7.25000000000715));
#12703=CARTESIAN_POINT('',(55.3950000000044,106.300000000017,6.25000000000716));
#12704=CARTESIAN_POINT('Origin',(55.3950000000043,100.175000000017,6.25000000000573));
#12705=CARTESIAN_POINT('',(55.3950000000043,94.200000000017,6.25000000000432));
#12706=CARTESIAN_POINT('',(53.8762500000045,95.7187500000169,6.2500000000047));
#12707=CARTESIAN_POINT('',(55.3950000000043,100.175000000017,6.25000000000573));
#12708=CARTESIAN_POINT('Origin',(55.3950000000044,109.042000000016,10.7250000000078));
#12709=CARTESIAN_POINT('',(55.1450000000044,109.042000000015,13.2000000000078));
#12710=CARTESIAN_POINT('',(55.1450000000044,109.042000000017,8.25000000000782));
#12711=CARTESIAN_POINT('',(55.1450000000044,109.042000000017,5.00000000000784));
#12712=CARTESIAN_POINT('',(55.3950000000044,109.042000000015,13.2000000000078));
#12713=CARTESIAN_POINT('',(55.3950000000044,109.042000000015,13.2000000000078));
#12714=CARTESIAN_POINT('',(55.3950000000044,109.042000000017,8.25000000000782));
#12715=CARTESIAN_POINT('',(55.3950000000044,109.042000000016,10.7250000000078));
#12716=CARTESIAN_POINT('',(55.3950000000044,109.042000000017,8.25000000000782));
#12717=CARTESIAN_POINT('Origin',(55.3450000000045,94.2500000000173,5.00000000000434));
#12718=CARTESIAN_POINT('',(55.3450000000042,94.2500000000166,8.05000000000433));
#12719=CARTESIAN_POINT('',(53.1929166666711,96.4020833333506,5.89791666667151));
#12720=CARTESIAN_POINT('',(55.3950000000043,94.2000000000168,7.55000000000431));
#12721=CARTESIAN_POINT('',(56.5283333333376,93.0666666666837,6.8666666666707));
#12722=CARTESIAN_POINT('Origin',(55.3450000000046,104.112500000017,8.05000000000667));
#12723=CARTESIAN_POINT('',(55.5450000000044,94.4500000000166,8.25000000000439));
#12724=CARTESIAN_POINT('',(57.6637500000043,96.5687500000162,10.3687500000049));
#12725=CARTESIAN_POINT('',(55.5450000000045,107.050000000016,8.25000000000736));
#12726=CARTESIAN_POINT('',(55.5450000000045,104.112500000017,8.25000000000666));
#12727=CARTESIAN_POINT('',(55.3950000000044,107.050000000016,8.10000000000735));
#12728=CARTESIAN_POINT('',(52.8762500000044,107.050000000017,5.58125000000735));
#12729=CARTESIAN_POINT('',(55.3950000000044,103.143750000016,8.10000000000643));
#12730=CARTESIAN_POINT('Origin',(55.3950000000043,102.175000000016,10.1000000000062));
#12731=CARTESIAN_POINT('',(55.3950000000044,107.050000000016,8.25000000000736));
#12732=CARTESIAN_POINT('',(55.3950000000044,107.050000000016,10.1000000000073));
#12733=CARTESIAN_POINT('',(55.3950000000044,107.050000000016,8.25000000000736));
#12734=CARTESIAN_POINT('',(55.3950000000044,110.300000000016,13.2000000000081));
#12735=CARTESIAN_POINT('',(55.3950000000044,110.300000000016,13.2000000000081));
#12736=CARTESIAN_POINT('',(55.3950000000044,110.3,5.05000000000311));
#12737=CARTESIAN_POINT('Origin',(55.3950000000044,107.050000000016,8.25000000000736));
#12738=CARTESIAN_POINT('',(55.1450000000044,107.050000000016,8.25000000000736));
#12739=CARTESIAN_POINT('',(56.3950000000044,107.050000000016,8.25000000000736));
#12740=CARTESIAN_POINT('',(55.1450000000043,101.175000000017,8.25000000000594));
#12741=CARTESIAN_POINT('Origin',(55.1450000000043,101.175000000017,5.00000000000596));
#12742=CARTESIAN_POINT('',(55.1450000000044,110.300000000016,13.2000000000081));
#12743=CARTESIAN_POINT('',(55.1450000000044,107.050000000016,11.9500000000073));
#12744=CARTESIAN_POINT('',(55.1450000000044,107.050000000017,5.00000000000734));
#12745=CARTESIAN_POINT('',(55.1450000000044,107.050000000016,11.9500000000073));
#12746=CARTESIAN_POINT('Origin',(59.3950000000043,94.2500000000166,8.05000000000433));
#12747=CARTESIAN_POINT('',(59.3950000000043,94.4500000000166,8.25000000000439));
#12748=CARTESIAN_POINT('Origin',(59.3950000000044,107.050000000016,8.25000000000736));
#12749=CARTESIAN_POINT('',(59.3950000000044,107.050000000016,8.25000000000736));
#12750=CARTESIAN_POINT('Origin',(43.4200000000045,107.050000000016,10.1000000000073));
#12751=CARTESIAN_POINT('',(60.6450000000044,107.050000000016,11.9500000000073));
#12752=CARTESIAN_POINT('Origin',(43.4200000000045,107.050000000016,11.9500000000073));
#12753=CARTESIAN_POINT('Origin',(51.6400000000044,110.300000000016,13.2000000000081));
#12754=CARTESIAN_POINT('',(36.6650000000044,110.300000000016,13.2000000000081));
#12755=CARTESIAN_POINT('',(25.8200000000022,110.3,13.2000000000081));
#12756=CARTESIAN_POINT('',(36.9150000000044,109.042000000016,13.2000000000078));
#12757=CARTESIAN_POINT('',(36.9150000000044,110.300000000016,13.2000000000081));
#12758=CARTESIAN_POINT('',(36.6650000000044,109.042000000016,13.2000000000078));
#12759=CARTESIAN_POINT('',(36.6650000000044,109.042000000016,13.2000000000078));
#12760=CARTESIAN_POINT('',(36.6650000000044,110.300000000016,13.2000000000081));
#12761=CARTESIAN_POINT('Origin',(36.9150000000043,101.175000000017,5.00000000000591));
#12762=CARTESIAN_POINT('',(36.9150000000043,94.4500000000172,6.25000000000432));
#12763=CARTESIAN_POINT('',(36.9150000000043,94.4500000000167,7.85000000000434));
#12764=CARTESIAN_POINT('',(36.9150000000043,94.4500000000174,5.00000000000434));
#12765=CARTESIAN_POINT('',(36.9150000000044,106.300000000017,6.25000000000711));
#12766=CARTESIAN_POINT('',(36.9150000000043,101.175000000017,6.25000000000589));
#12767=CARTESIAN_POINT('',(36.9150000000044,106.300000000017,7.85000000000714));
#12768=CARTESIAN_POINT('',(36.9150000000044,106.300000000018,5.00000000000713));
#12769=CARTESIAN_POINT('',(36.9150000000044,104.112500000017,7.85000000000662));
#12770=CARTESIAN_POINT('Origin',(36.6650000000046,100.175000000017,6.2500000000057));
#12771=CARTESIAN_POINT('',(36.6650000000045,94.2000000000171,6.2500000000043));
#12772=CARTESIAN_POINT('',(38.1837500000045,95.718750000017,6.25000000000465));
#12773=CARTESIAN_POINT('',(36.6650000000046,106.300000000017,6.25000000000711));
#12774=CARTESIAN_POINT('',(36.6650000000046,100.175000000017,6.2500000000057));
#12775=CARTESIAN_POINT('',(36.6650000000046,106.300000000017,6.25000000000711));
#12776=CARTESIAN_POINT('Origin',(36.6650000000046,106.300000000017,7.2500000000071));
#12777=CARTESIAN_POINT('',(36.6650000000046,106.300000000017,8.10000000000714));
#12778=CARTESIAN_POINT('',(36.9025000000047,106.300000000017,7.86250000000713));
#12779=CARTESIAN_POINT('',(36.6650000000046,106.300000000017,7.2500000000071));
#12780=CARTESIAN_POINT('Origin',(36.6650000000046,109.042000000016,10.7250000000077));
#12781=CARTESIAN_POINT('',(36.9150000000044,109.042000000017,8.25000000000777));
#12782=CARTESIAN_POINT('',(36.9150000000044,109.042000000017,5.00000000000773));
#12783=CARTESIAN_POINT('',(36.6650000000046,109.042000000017,8.25000000000777));
#12784=CARTESIAN_POINT('',(36.6650000000046,109.042000000017,8.25000000000777));
#12785=CARTESIAN_POINT('',(36.6650000000046,109.042000000016,10.7250000000077));
#12786=CARTESIAN_POINT('Origin',(36.9150000000043,101.175000000017,5.00000000000591));
#12787=CARTESIAN_POINT('',(36.9150000000044,107.050000000017,8.25000000000731));
#12788=CARTESIAN_POINT('',(36.9150000000044,107.050000000016,11.9500000000073));
#12789=CARTESIAN_POINT('',(36.9150000000044,107.050000000016,11.7250000000073));
#12790=CARTESIAN_POINT('',(36.9150000000043,101.175000000017,8.25000000000589));
#12791=CARTESIAN_POINT('',(36.9150000000043,100.637500000017,5.5375000000058));
#12792=CARTESIAN_POINT('Origin',(36.6650000000046,107.050000000017,8.25000000000731));
#12793=CARTESIAN_POINT('',(36.6650000000046,107.050000000017,8.25000000000731));
#12794=CARTESIAN_POINT('',(35.7900000000046,107.050000000017,8.25000000000731));
#12795=CARTESIAN_POINT('',(36.6650000000046,107.050000000017,8.25000000000731));
#12796=CARTESIAN_POINT('Origin',(36.7150000000044,104.112500000017,8.05000000000662));
#12797=CARTESIAN_POINT('',(36.7150000000044,94.2500000000167,8.05000000000426));
#12798=CARTESIAN_POINT('',(38.8670833333379,96.4020833333506,5.89791666667146));
#12799=CARTESIAN_POINT('',(36.6650000000046,107.050000000017,8.10000000000731));
#12800=CARTESIAN_POINT('',(36.6650000000046,103.143750000017,8.10000000000639));
#12801=CARTESIAN_POINT('',(36.5150000000044,107.050000000017,8.25000000000736));
#12802=CARTESIAN_POINT('',(47.9212500000044,107.050000000019,-3.15624999999268));
#12803=CARTESIAN_POINT('',(36.5150000000044,94.450000000017,8.25000000000434));
#12804=CARTESIAN_POINT('',(36.5150000000044,104.112500000017,8.25000000000662));
#12805=CARTESIAN_POINT('',(34.9170833333377,96.0479166666842,9.84791666667163));
#12806=CARTESIAN_POINT('Origin',(36.7150000000044,94.2500000000175,5.00000000000429));
#12807=CARTESIAN_POINT('',(36.0525000000045,93.5875000000171,7.3875000000045));
#12808=CARTESIAN_POINT('',(36.6650000000045,94.2000000000169,7.55000000000426));
#12809=CARTESIAN_POINT('Origin',(36.6650000000046,102.175000000016,10.1000000000061));
#12810=CARTESIAN_POINT('',(36.6650000000046,110.3,5.05000000000308));
#12811=CARTESIAN_POINT('',(36.6650000000046,107.050000000016,10.1000000000073));
#12812=CARTESIAN_POINT('Origin',(83.5900000000046,107.050000000016,11.9500000000073));
#12813=CARTESIAN_POINT('',(35.6950000000044,107.050000000016,11.9500000000074));
#12814=CARTESIAN_POINT('Origin',(83.5900000000046,107.050000000016,10.1000000000073));
#12815=CARTESIAN_POINT('',(34.6650000000045,107.050000000017,8.25000000000736));
#12816=CARTESIAN_POINT('Origin',(35.7900000000046,107.050000000017,8.25000000000731));
#12817=CARTESIAN_POINT('',(35.7900000000045,94.450000000017,8.25000000000434));
#12818=CARTESIAN_POINT('Origin',(35.7900000000045,94.2500000000167,8.05000000000431));
#12819=CARTESIAN_POINT('Origin',(0.,110.3,0.));
#12820=CARTESIAN_POINT('Origin',(0.,110.3,0.));
#12821=CARTESIAN_POINT('Origin',(21.199999999988,7.16467429317465,12.1250000000018));
#12822=CARTESIAN_POINT('',(21.1999999999879,97.2296742931753,19.2500000000049));
#12823=CARTESIAN_POINT('',(21.1999999999898,97.2296742931756,11.6250000000049));
#12824=CARTESIAN_POINT('',(21.1999999999878,94.8796742931753,19.2500000000048));
#12825=CARTESIAN_POINT('',(21.1999999999872,61.7905947828578,19.2500000000037));
#12826=CARTESIAN_POINT('',(21.1999999999915,94.8796742931758,5.00000000000486));
#12827=CARTESIAN_POINT('',(21.1999999999893,94.8796742931755,13.6250000000041));
#12828=CARTESIAN_POINT('',(21.199999999991,73.0996742931761,5.00000000000411));
#12829=CARTESIAN_POINT('',(21.1999999999901,23.7971742931757,5.00000000000244));
#12830=CARTESIAN_POINT('',(21.1999999999874,73.0996742931756,19.250000000004));
#12831=CARTESIAN_POINT('',(21.1999999999888,73.0996742931758,13.6250000000034));
#12832=CARTESIAN_POINT('',(21.1999999999874,71.1496742931755,19.250000000004));
#12833=CARTESIAN_POINT('',(21.1999999999868,38.894674293175,19.2500000000029));
#12834=CARTESIAN_POINT('',(21.199999999991,71.149674293176,5.00000000000404));
#12835=CARTESIAN_POINT('',(21.1999999999888,71.1496742931757,13.6250000000033));
#12836=CARTESIAN_POINT('',(21.1999999999906,49.369674293176,5.00000000000329));
#12837=CARTESIAN_POINT('',(21.1999999999906,49.882174293176,5.00000000000333));
#12838=CARTESIAN_POINT('',(21.1999999999869,49.3696742931755,19.2500000000033));
#12839=CARTESIAN_POINT('',(21.1999999999884,49.3696742931757,13.6250000000026));
#12840=CARTESIAN_POINT('',(21.1999999999869,47.0196742931755,19.2500000000032));
#12841=CARTESIAN_POINT('',(21.1999999999872,61.0721742931754,19.2500000000036));
#12842=CARTESIAN_POINT('',(21.1999999999858,47.0196742931754,23.4875000000037));
#12843=CARTESIAN_POINT('Origin',(10.4499999999821,47.0196742931752,35.8500000000015));
#12844=CARTESIAN_POINT('',(13.2296051224073,47.0196742931757,19.2500000000011));
#12845=CARTESIAN_POINT('Origin',(14.0499999999871,94.2296742931755,19.050000000003));
#12846=CARTESIAN_POINT('',(14.049999999987,93.3046742931757,19.0500000000029));
#12847=CARTESIAN_POINT('',(13.849999999987,93.5046742931756,19.2500000000029));
#12848=CARTESIAN_POINT('',(13.3874999999873,93.9671742931755,19.7125000000026));
#12849=CARTESIAN_POINT('',(14.2499999999871,93.5046742931756,18.8500000000027));
#12850=CARTESIAN_POINT('',(15.8479166666545,95.1025909598424,17.2520833333355));
#12851=CARTESIAN_POINT('',(14.2499999999849,94.4796742931755,18.8500000000027));
#12852=CARTESIAN_POINT('',(14.2499999999871,94.2296742931755,18.8500000000027));
#12853=CARTESIAN_POINT('',(13.8499999999871,94.4796742931755,19.2500000000029));
#12854=CARTESIAN_POINT('',(17.2568966707739,94.4796742931756,15.843103329216));
#12855=CARTESIAN_POINT('',(13.849999999987,94.2296742931755,19.2500000000029));
#12856=CARTESIAN_POINT('Origin',(14.2499999999903,94.2296742931759,6.25000000000311));
#12857=CARTESIAN_POINT('',(14.2499999999904,93.5046742931761,6.25000000000283));
#12858=CARTESIAN_POINT('',(14.2499999999896,93.504674293176,9.187500000003));
#12859=CARTESIAN_POINT('',(14.249999999987,94.479674293176,6.25000000000311));
#12860=CARTESIAN_POINT('',(14.2499999999904,95.354674293176,6.2500000000029));
#12861=CARTESIAN_POINT('',(14.249999999987,94.4796742931758,10.6875000000024));
#12862=CARTESIAN_POINT('Origin',(16.0999999999894,46.4296742931758,6.25000000000198));
#12863=CARTESIAN_POINT('',(17.9499999999904,94.4796742931759,6.25000000000386));
#12864=CARTESIAN_POINT('',(19.5262933415641,94.4796742931759,6.25000000000439));
#12865=CARTESIAN_POINT('',(14.0999999999903,93.3546742931759,6.25000000000308));
#12866=CARTESIAN_POINT('',(2.84374999999012,82.0984242931764,6.24999999999966));
#12867=CARTESIAN_POINT('',(14.2499999999903,93.3546742931759,6.25000000000308));
#12868=CARTESIAN_POINT('',(16.0999999999903,93.3546742931759,6.25000000000357));
#12869=CARTESIAN_POINT('',(14.2499999999903,93.1046742931761,6.25000000000308));
#12870=CARTESIAN_POINT('',(14.2499999999903,94.2296742931759,6.25000000000311));
#12871=CARTESIAN_POINT('',(17.9499999999903,93.104674293176,6.25000000000382));
#12872=CARTESIAN_POINT('',(17.7249999999903,93.1046742931761,6.25000000000382));
#12873=CARTESIAN_POINT('',(17.9499999999904,94.324674293176,6.25000000000386));
#12874=CARTESIAN_POINT('Origin',(17.9499999999894,46.4296742931758,6.25000000000222));
#12875=CARTESIAN_POINT('',(19.1999999999907,94.4796742931759,5.00000000000429));
#12876=CARTESIAN_POINT('',(16.9818966707773,94.4796742931759,7.21810332921651));
#12877=CARTESIAN_POINT('',(19.1999999999906,93.1046742931761,5.00000000000425));
#12878=CARTESIAN_POINT('',(11.5374999999887,93.104674293176,12.6625000000023));
#12879=CARTESIAN_POINT('',(19.1999999999907,95.356674293176,5.00000000000432));
#12880=CARTESIAN_POINT('Origin',(16.099999999989,93.3546742931757,11.1250000000034));
#12881=CARTESIAN_POINT('',(10.999999999987,93.3546742931755,19.1000000000022));
#12882=CARTESIAN_POINT('',(12.2499999999871,93.3546742931755,19.1000000000025));
#12883=CARTESIAN_POINT('',(13.549999999987,93.3546742931755,19.1000000000027));
#12884=CARTESIAN_POINT('',(10.9999999999912,93.3546742931761,3.00000000000212));
#12885=CARTESIAN_POINT('',(10.9999999999888,93.3546742931757,12.1250000000022));
#12886=CARTESIAN_POINT('',(19.1999999999911,93.3546742931762,3.00000000000415));
#12887=CARTESIAN_POINT('',(31.0499999999949,93.3546742931757,3.));
#12888=CARTESIAN_POINT('',(19.1999999999908,93.3546742931761,4.2580000000042));
#12889=CARTESIAN_POINT('',(19.1999999999911,93.3546742931762,3.00000000000415));
#12890=CARTESIAN_POINT('',(14.2499999999908,93.354674293176,4.25800000000292));
#12891=CARTESIAN_POINT('',(16.7249999999908,93.3546742931759,4.25800000000367));
#12892=CARTESIAN_POINT('',(14.2499999999903,93.3546742931759,6.25000000000308));
#12893=CARTESIAN_POINT('',(14.0999999999901,93.3546742931759,7.00000000000289));
#12894=CARTESIAN_POINT('',(14.0999999999893,93.3546742931758,10.1562500000031));
#12895=CARTESIAN_POINT('',(12.2499999999901,93.3546742931759,7.00000000000261));
#12896=CARTESIAN_POINT('',(13.2499999999901,93.3546742931759,7.00000000000261));
#12897=CARTESIAN_POINT('',(12.2499999999886,93.3546742931757,13.1250000000025));
#12898=CARTESIAN_POINT('Origin',(10.9999999999871,93.3046742931757,19.0500000000022));
#12899=CARTESIAN_POINT('',(10.9999999999871,93.5046742931757,19.2500000000019));
#12900=CARTESIAN_POINT('',(10.999999999987,93.5046742931757,19.2500000000021));
#12901=CARTESIAN_POINT('',(10.9999999999924,70.3671742931765,-3.88749999999857));
#12902=CARTESIAN_POINT('',(12.2499999999871,93.1046742931758,18.8500000000025));
#12903=CARTESIAN_POINT('',(12.2499999999874,91.8359242931757,17.5812500000025));
#12904=CARTESIAN_POINT('',(13.8499999999871,93.1046742931757,18.850000000003));
#12905=CARTESIAN_POINT('',(10.9999999999871,93.1046742931758,18.8500000000022));
#12906=CARTESIAN_POINT('',(11.8979166666542,91.1525909598423,16.8979166666689));
#12907=CARTESIAN_POINT('Origin',(14.0499999999896,93.304674293176,9.187500000003));
#12908=CARTESIAN_POINT('',(13.8499999999901,93.1046742931761,7.00000000000289));
#12909=CARTESIAN_POINT('',(13.8499999999896,93.104674293176,9.18750000000275));
#12910=CARTESIAN_POINT('',(13.8624999999901,93.1171742931758,7.00000000000289));
#12911=CARTESIAN_POINT('Origin',(14.2499999999903,93.3546742931759,6.25000000000308));
#12912=CARTESIAN_POINT('',(14.2499999999908,93.1046742931762,4.25800000000292));
#12913=CARTESIAN_POINT('',(14.2499999999888,93.1046742931759,12.125000000003));
#12914=CARTESIAN_POINT('',(14.2499999999908,93.354674293176,4.25800000000292));
#12915=CARTESIAN_POINT('Origin',(10.9999999999888,93.104674293176,12.1250000000022));
#12916=CARTESIAN_POINT('',(19.1999999999908,93.1046742931761,4.2580000000042));
#12917=CARTESIAN_POINT('',(10.9999999999908,93.1046742931763,4.25800000000218));
#12918=CARTESIAN_POINT('',(19.1999999999911,93.1046742931761,3.00000000000415));
#12919=CARTESIAN_POINT('Origin',(16.7249999999908,93.3546742931759,4.25800000000367));
#12920=CARTESIAN_POINT('',(19.1999999999908,93.3546742931761,4.2580000000042));
#12921=CARTESIAN_POINT('Origin',(13.2499999999901,93.3546742931759,7.00000000000261));
#12922=CARTESIAN_POINT('',(12.2499999999901,93.1046742931761,7.00000000000261));
#12923=CARTESIAN_POINT('',(10.9999999999901,93.1046742931761,7.00000000000211));
#12924=CARTESIAN_POINT('',(12.2499999999901,93.3546742931759,7.00000000000261));
#12925=CARTESIAN_POINT('Origin',(12.2499999999886,93.3546742931757,13.1250000000025));
#12926=CARTESIAN_POINT('',(12.2499999999888,93.104674293176,12.1250000000024));
#12927=CARTESIAN_POINT('Origin',(10.9999999999888,93.104674293176,12.1250000000022));
#12928=CARTESIAN_POINT('Origin',(19.1999999999909,78.3796742931761,3.00000000000365));
#12929=CARTESIAN_POINT('',(19.1999999999908,74.6246742931762,3.00000000000351));
#12930=CARTESIAN_POINT('',(19.1999999999907,66.7648371465883,3.));
#12931=CARTESIAN_POINT('',(19.1999999999905,74.6246742931761,4.25800000000356));
#12932=CARTESIAN_POINT('',(19.1999999999908,74.6246742931762,3.00000000000351));
#12933=CARTESIAN_POINT('',(19.1999999999905,74.8746742931762,4.2580000000036));
#12934=CARTESIAN_POINT('',(19.1999999999905,74.6246742931761,4.25800000000356));
#12935=CARTESIAN_POINT('',(19.1999999999903,74.8746742931761,5.00000000000365));
#12936=CARTESIAN_POINT('',(19.1999999999908,74.8746742931762,3.00000000000355));
#12937=CARTESIAN_POINT('',(19.1999999999906,89.5996742931762,5.00000000000414));
#12938=CARTESIAN_POINT('Origin',(17.9499999999902,86.5996742931759,6.25000000000361));
#12939=CARTESIAN_POINT('',(19.1999999999903,73.499674293176,5.00000000000357));
#12940=CARTESIAN_POINT('',(17.9499999999899,73.499674293176,6.25000000000315));
#12941=CARTESIAN_POINT('',(16.9818966707769,73.499674293176,7.2181033292158));
#12942=CARTESIAN_POINT('',(19.1999999999915,135.526674293176,5.00000000000571));
#12943=CARTESIAN_POINT('',(17.94999999999,74.8746742931761,6.25000000000322));
#12944=CARTESIAN_POINT('',(17.94999999999,74.8746742931761,6.25000000000322));
#12945=CARTESIAN_POINT('',(17.9499999999899,69.374674293176,6.25000000000301));
#12946=CARTESIAN_POINT('Origin',(16.0999999999902,86.5996742931759,6.25000000000336));
#12947=CARTESIAN_POINT('',(14.2499999999866,73.499674293176,6.2500000000024));
#12948=CARTESIAN_POINT('',(19.5262933415637,73.499674293176,6.25000000000368));
#12949=CARTESIAN_POINT('',(14.24999999999,74.8746742931762,6.25000000000247));
#12950=CARTESIAN_POINT('',(10.99999999999,74.8746742931762,6.25000000000144));
#12951=CARTESIAN_POINT('',(14.24999999999,74.6246742931761,6.25000000000244));
#12952=CARTESIAN_POINT('',(14.24999999999,73.6246742931761,6.2500000000024));
#12953=CARTESIAN_POINT('',(14.09999999999,74.6246742931762,6.25000000000244));
#12954=CARTESIAN_POINT('',(16.09999999999,74.6246742931761,6.25000000000294));
#12955=CARTESIAN_POINT('',(14.24999999999,74.474674293176,6.25000000000244));
#12956=CARTESIAN_POINT('',(11.58124999999,77.1434242931762,6.2500000000018));
#12957=CARTESIAN_POINT('',(14.2499999999899,70.6246742931761,6.25000000000233));
#12958=CARTESIAN_POINT('Origin',(14.2499999999899,70.6246742931761,6.25000000000233));
#12959=CARTESIAN_POINT('',(14.2499999999868,74.4746742931756,18.8500000000023));
#12960=CARTESIAN_POINT('',(14.2499999999892,74.4746742931759,9.18750000000236));
#12961=CARTESIAN_POINT('',(14.2499999999846,73.4996742931756,18.8500000000023));
#12962=CARTESIAN_POINT('',(14.2499999999867,70.6246742931757,18.8500000000022));
#12963=CARTESIAN_POINT('',(14.2499999999866,73.4996742931759,10.6875000000017));
#12964=CARTESIAN_POINT('Origin',(14.0499999999866,70.6246742931757,19.0500000000022));
#12965=CARTESIAN_POINT('',(13.8499999999867,74.4746742931756,19.2500000000023));
#12966=CARTESIAN_POINT('',(14.0499999999867,74.6746742931758,19.0500000000023));
#12967=CARTESIAN_POINT('',(12.866666666653,73.4913409598423,20.2333333333352));
#12968=CARTESIAN_POINT('',(13.8499999999866,73.4996742931756,19.2500000000022));
#12969=CARTESIAN_POINT('',(13.8499999999866,70.6246742931757,19.2500000000022));
#12970=CARTESIAN_POINT('',(17.2568966707747,73.4996742931757,15.8431033292158));
#12971=CARTESIAN_POINT('',(16.3687499999873,72.3559242931758,16.7312500000027));
#12972=CARTESIAN_POINT('Origin',(10.9999999999885,74.874674293176,12.1250000000016));
#12973=CARTESIAN_POINT('',(14.2499999999905,74.8746742931762,4.25800000000232));
#12974=CARTESIAN_POINT('',(10.9999999999905,74.8746742931763,4.25800000000157));
#12975=CARTESIAN_POINT('',(14.2499999999885,74.8746742931759,12.1250000000024));
#12976=CARTESIAN_POINT('Origin',(14.24999999999,74.6246742931761,6.25000000000244));
#12977=CARTESIAN_POINT('',(14.2499999999905,74.6246742931762,4.25800000000228));
#12978=CARTESIAN_POINT('',(14.24999999999,74.6246742931761,6.25000000000244));
#12979=CARTESIAN_POINT('',(14.2499999999905,74.6246742931762,4.25800000000228));
#12980=CARTESIAN_POINT('Origin',(16.0999999999887,74.6246742931759,11.1250000000027));
#12981=CARTESIAN_POINT('',(12.2499999999867,74.6246742931757,19.1000000000018));
#12982=CARTESIAN_POINT('',(10.9999999999867,74.6246742931757,19.1000000000016));
#12983=CARTESIAN_POINT('',(13.5499999999867,74.6246742931757,19.1000000000021));
#12984=CARTESIAN_POINT('',(12.2499999999898,74.6246742931762,7.00000000000172));
#12985=CARTESIAN_POINT('',(12.2499999999882,74.624674293176,13.1250000000019));
#12986=CARTESIAN_POINT('',(14.0999999999898,74.6246742931761,7.00000000000225));
#12987=CARTESIAN_POINT('',(13.2499999999898,74.6246742931761,7.00000000000197));
#12988=CARTESIAN_POINT('',(14.099999999989,74.624674293176,10.1562500000024));
#12989=CARTESIAN_POINT('',(16.7249999999905,74.6246742931762,4.25800000000303));
#12990=CARTESIAN_POINT('',(10.9999999999908,74.6246742931763,3.00000000000149));
#12991=CARTESIAN_POINT('',(31.0499999999946,74.6246742931759,3.));
#12992=CARTESIAN_POINT('',(10.9999999999885,74.624674293176,12.1250000000015));
#12993=CARTESIAN_POINT('Origin',(14.0499999999893,74.6746742931759,9.18750000000236));
#12994=CARTESIAN_POINT('',(13.8499999999868,74.8746742931758,18.8500000000024));
#12995=CARTESIAN_POINT('',(11.897916666654,76.8267576265091,16.8979166666684));
#12996=CARTESIAN_POINT('',(13.8499999999898,74.8746742931762,7.00000000000229));
#12997=CARTESIAN_POINT('',(13.8624999999898,74.8621742931759,7.00000000000229));
#12998=CARTESIAN_POINT('',(13.8499999999893,74.8746742931761,9.18750000000215));
#12999=CARTESIAN_POINT('Origin',(10.9999999999867,74.6746742931755,19.0500000000015));
#13000=CARTESIAN_POINT('',(12.2499999999868,74.8746742931758,18.8500000000018));
#13001=CARTESIAN_POINT('',(10.9999999999868,74.8746742931758,18.8500000000016));
#13002=CARTESIAN_POINT('',(12.2499999999871,76.1434242931757,17.581250000002));
#13003=CARTESIAN_POINT('',(10.9999999999867,74.4746742931756,19.2500000000015));
#13004=CARTESIAN_POINT('',(10.9999999999834,62.6621742931752,31.0625000000011));
#13005=CARTESIAN_POINT('',(10.9999999999867,74.4746742931756,19.2500000000015));
#13006=CARTESIAN_POINT('Origin',(16.7249999999905,74.6246742931762,4.25800000000303));
#13007=CARTESIAN_POINT('Origin',(12.2499999999882,74.624674293176,13.1250000000019));
#13008=CARTESIAN_POINT('',(12.2499999999898,74.8746742931762,7.00000000000176));
#13009=CARTESIAN_POINT('',(12.2499999999885,74.874674293176,12.1250000000018));
#13010=CARTESIAN_POINT('',(12.2499999999898,74.6246742931762,7.00000000000172));
#13011=CARTESIAN_POINT('Origin',(13.2499999999898,74.6246742931761,7.00000000000197));
#13012=CARTESIAN_POINT('',(10.9999999999898,74.8746742931762,7.00000000000151));
#13013=CARTESIAN_POINT('Origin',(10.9999999999885,74.874674293176,12.1250000000016));
#13014=CARTESIAN_POINT('Origin',(17.9499999999896,57.6496742931761,6.25000000000262));
#13015=CARTESIAN_POINT('',(19.1999999999903,70.7496742931761,5.0000000000035));
#13016=CARTESIAN_POINT('',(17.9499999999899,70.7496742931761,6.25000000000308));
#13017=CARTESIAN_POINT('',(16.9818966707769,70.7496742931761,7.21810332921573));
#13018=CARTESIAN_POINT('',(17.9499999999899,69.374674293176,6.25000000000301));
#13019=CARTESIAN_POINT('',(17.94999999999,74.8746742931761,6.25000000000322));
#13020=CARTESIAN_POINT('',(19.1999999999902,69.374674293176,5.00000000000343));
#13021=CARTESIAN_POINT('',(17.9499999999899,69.374674293176,6.25000000000301));
#13022=CARTESIAN_POINT('',(19.199999999989,8.72267429317581,5.00000000000137));
#13023=CARTESIAN_POINT('Origin',(16.0999999999897,57.6496742931761,6.25000000000237));
#13024=CARTESIAN_POINT('',(14.2499999999866,70.7496742931761,6.25000000000233));
#13025=CARTESIAN_POINT('',(19.5262933415637,70.7496742931761,6.25000000000361));
#13026=CARTESIAN_POINT('',(14.2499999999899,69.774674293176,6.2500000000023));
#13027=CARTESIAN_POINT('',(14.24999999999,73.6246742931761,6.2500000000024));
#13028=CARTESIAN_POINT('',(14.0999999999899,69.6246742931761,6.2500000000023));
#13029=CARTESIAN_POINT('',(11.5812499999898,67.1059242931762,6.25000000000144));
#13030=CARTESIAN_POINT('',(14.2499999999899,69.6246742931761,6.2500000000023));
#13031=CARTESIAN_POINT('',(16.0999999999899,69.6246742931761,6.25000000000279));
#13032=CARTESIAN_POINT('',(14.2499999999899,69.3746742931761,6.25000000000226));
#13033=CARTESIAN_POINT('',(14.2499999999899,70.6246742931761,6.25000000000233));
#13034=CARTESIAN_POINT('',(10.9999999999899,69.3746742931761,6.25000000000123));
#13035=CARTESIAN_POINT('Origin',(14.24999999999,73.6246742931761,6.2500000000024));
#13036=CARTESIAN_POINT('',(14.2499999999867,69.7746742931755,18.8500000000022));
#13037=CARTESIAN_POINT('',(14.2499999999892,69.7746742931758,9.18750000000222));
#13038=CARTESIAN_POINT('',(14.2499999999845,70.7496742931757,18.8500000000022));
#13039=CARTESIAN_POINT('',(14.2499999999866,70.749674293176,10.6875000000016));
#13040=CARTESIAN_POINT('',(14.2499999999868,73.6246742931756,18.8500000000023));
#13041=CARTESIAN_POINT('Origin',(14.0499999999867,73.6246742931756,19.0500000000023));
#13042=CARTESIAN_POINT('',(13.8499999999866,69.7746742931755,19.2500000000021));
#13043=CARTESIAN_POINT('',(14.0499999999866,69.5746742931756,19.0500000000022));
#13044=CARTESIAN_POINT('',(12.866666666653,70.758007626509,20.2333333333351));
#13045=CARTESIAN_POINT('',(16.3687499999873,71.8934242931756,16.7312500000027));
#13046=CARTESIAN_POINT('',(13.8499999999866,70.7496742931757,19.2500000000022));
#13047=CARTESIAN_POINT('',(17.2568966707747,70.7496742931757,15.8431033292158));
#13048=CARTESIAN_POINT('',(13.8499999999866,73.6246742931756,19.2500000000022));
#13049=CARTESIAN_POINT('Origin',(10.9999999999884,69.3746742931759,12.1250000000014));
#13050=CARTESIAN_POINT('',(19.1999999999904,69.3746742931761,4.25800000000339));
#13051=CARTESIAN_POINT('',(19.1999999999907,69.3746742931761,3.00000000000333));
#13052=CARTESIAN_POINT('',(14.2499999999904,69.3746742931761,4.25800000000211));
#13053=CARTESIAN_POINT('',(14.2499999999884,69.3746742931759,12.1250000000021));
#13054=CARTESIAN_POINT('',(10.9999999999904,69.3746742931762,4.25800000000136));
#13055=CARTESIAN_POINT('Origin',(14.2499999999899,69.6246742931761,6.2500000000023));
#13056=CARTESIAN_POINT('',(14.2499999999904,69.6246742931762,4.25800000000214));
#13057=CARTESIAN_POINT('',(14.2499999999899,69.6246742931761,6.2500000000023));
#13058=CARTESIAN_POINT('',(14.2499999999904,69.6246742931762,4.25800000000214));
#13059=CARTESIAN_POINT('Origin',(16.0999999999886,69.6246742931759,11.1250000000026));
#13060=CARTESIAN_POINT('',(12.2499999999866,69.6246742931757,19.1000000000017));
#13061=CARTESIAN_POINT('',(10.9999999999866,69.6246742931757,19.1000000000014));
#13062=CARTESIAN_POINT('',(13.5499999999866,69.6246742931757,19.1000000000019));
#13063=CARTESIAN_POINT('',(10.9999999999907,69.6246742931763,3.00000000000134));
#13064=CARTESIAN_POINT('',(10.9999999999884,69.624674293176,12.1250000000014));
#13065=CARTESIAN_POINT('',(19.1999999999907,69.6246742931761,3.00000000000337));
#13066=CARTESIAN_POINT('',(31.0499999999945,69.6246742931759,3.));
#13067=CARTESIAN_POINT('',(19.1999999999904,69.6246742931761,4.25800000000342));
#13068=CARTESIAN_POINT('',(19.1999999999907,69.6246742931761,3.00000000000337));
#13069=CARTESIAN_POINT('',(16.7249999999904,69.6246742931761,4.25800000000289));
#13070=CARTESIAN_POINT('',(14.0999999999897,69.6246742931761,7.00000000000211));
#13071=CARTESIAN_POINT('',(14.0999999999889,69.624674293176,10.1562500000023));
#13072=CARTESIAN_POINT('',(12.2499999999897,69.6246742931761,7.00000000000158));
#13073=CARTESIAN_POINT('',(13.2499999999897,69.6246742931761,7.00000000000183));
#13074=CARTESIAN_POINT('',(12.2499999999881,69.6246742931759,13.1250000000017));
#13075=CARTESIAN_POINT('Origin',(14.0499999999891,69.5746742931759,9.18750000000222));
#13076=CARTESIAN_POINT('',(13.8499999999867,69.3746742931757,18.8500000000022));
#13077=CARTESIAN_POINT('',(11.8979166666538,67.4225909598425,16.8979166666681));
#13078=CARTESIAN_POINT('',(13.8499999999897,69.3746742931761,7.00000000000208));
#13079=CARTESIAN_POINT('',(13.8499999999891,69.374674293176,9.18750000000193));
#13080=CARTESIAN_POINT('',(13.8624999999897,69.387174293176,7.00000000000208));
#13081=CARTESIAN_POINT('Origin',(10.9999999999866,69.5746742931756,19.0500000000014));
#13082=CARTESIAN_POINT('',(10.9999999999866,69.7746742931756,19.2500000000013));
#13083=CARTESIAN_POINT('',(10.9999999999866,69.7746742931756,19.2500000000013));
#13084=CARTESIAN_POINT('',(10.9999999999838,81.5871742931752,31.0625000000017));
#13085=CARTESIAN_POINT('',(12.2499999999867,69.3746742931757,18.8500000000016));
#13086=CARTESIAN_POINT('',(12.249999999987,68.1059242931758,17.5812500000017));
#13087=CARTESIAN_POINT('',(10.9999999999867,69.3746742931757,18.8500000000014));
#13088=CARTESIAN_POINT('Origin',(16.7249999999904,69.6246742931761,4.25800000000289));
#13089=CARTESIAN_POINT('',(19.1999999999904,69.6246742931761,4.25800000000342));
#13090=CARTESIAN_POINT('Origin',(12.2499999999881,69.6246742931759,13.1250000000017));
#13091=CARTESIAN_POINT('',(12.2499999999897,69.3746742931761,7.00000000000154));
#13092=CARTESIAN_POINT('',(12.2499999999897,69.6246742931761,7.00000000000158));
#13093=CARTESIAN_POINT('',(12.2499999999884,69.3746742931759,12.1250000000016));
#13094=CARTESIAN_POINT('Origin',(13.2499999999897,69.6246742931761,7.00000000000183));
#13095=CARTESIAN_POINT('',(10.9999999999897,69.3746742931761,7.00000000000129));
#13096=CARTESIAN_POINT('Origin',(10.9999999999884,69.3746742931759,12.1250000000014));
#13097=CARTESIAN_POINT('Origin',(22.9525866831351,70.7496742931757,15.1250000000031));
#13098=CARTESIAN_POINT('',(20.7999999999909,70.7496742931756,19.2500000000039));
#13099=CARTESIAN_POINT('',(16.9762933415603,70.7496742931756,19.2500000000029));
#13100=CARTESIAN_POINT('',(20.7999999999945,70.7496742931761,5.00000000000453));
#13101=CARTESIAN_POINT('',(16.976293341564,70.7496742931761,5.0000000000035));
#13102=CARTESIAN_POINT('',(20.7999999999923,70.7496742931758,13.625000000003));
#13103=CARTESIAN_POINT('Origin',(10.9999999999906,92.5996742931762,5.00000000000222));
#13104=CARTESIAN_POINT('',(23.912500000014,73.8621742932225,5.00000000000489));
#13105=CARTESIAN_POINT('',(19.1999999999898,51.144674293176,5.00000000000283));
#13106=CARTESIAN_POINT('',(19.1999999999902,65.8696742931761,5.00000000000333));
#13107=CARTESIAN_POINT('',(19.1999999999898,49.7696742931762,5.00000000000279));
#13108=CARTESIAN_POINT('',(19.1999999999898,48.8926742931759,5.00000000000276));
#13109=CARTESIAN_POINT('',(20.7999999999941,49.7696742931761,5.00000000000382));
#13110=CARTESIAN_POINT('',(16.9762933415635,49.7696742931762,5.00000000000279));
#13111=CARTESIAN_POINT('',(7.74250000001368,62.8271742932703,5.0000000000002));
#13112=CARTESIAN_POINT('Origin',(19.1999999999904,54.6496742931761,3.00000000000284));
#13113=CARTESIAN_POINT('',(19.1999999999903,50.8946742931761,3.00000000000273));
#13114=CARTESIAN_POINT('',(19.1999999999904,54.8998371465883,3.));
#13115=CARTESIAN_POINT('',(19.19999999999,50.894674293176,4.25800000000278));
#13116=CARTESIAN_POINT('',(19.1999999999903,50.8946742931761,3.00000000000273));
#13117=CARTESIAN_POINT('',(19.19999999999,51.1446742931761,4.25800000000278));
#13118=CARTESIAN_POINT('',(19.19999999999,50.894674293176,4.25800000000278));
#13119=CARTESIAN_POINT('',(19.1999999999903,51.1446742931761,3.00000000000273));
#13120=CARTESIAN_POINT('Origin',(10.9999999999895,124.549674293176,12.1250000000032));
#13121=CARTESIAN_POINT('',(10.9999999999862,50.7446742931758,19.2500000000005));
#13122=CARTESIAN_POINT('',(10.9999999999871,97.5871742931757,19.2500000000023));
#13123=CARTESIAN_POINT('',(10.9999999999862,50.8946742931757,19.1000000000008));
#13124=CARTESIAN_POINT('',(10.9999999999925,73.8821742931765,-3.88749999999843));
#13125=CARTESIAN_POINT('',(10.9999999999903,50.8946742931762,3.0000000000007));
#13126=CARTESIAN_POINT('',(10.999999999988,50.8946742931759,12.1250000000008));
#13127=CARTESIAN_POINT('',(10.9999999999911,89.8498371465883,3.));
#13128=CARTESIAN_POINT('Origin',(14.0499999999862,50.0196742931756,19.0500000000015));
#13129=CARTESIAN_POINT('',(14.0499999999862,50.9446742931757,19.0500000000015));
#13130=CARTESIAN_POINT('',(13.8499999999862,50.7446742931757,19.2500000000015));
#13131=CARTESIAN_POINT('',(13.3874999999864,50.2821742931758,19.7125000000011));
#13132=CARTESIAN_POINT('',(13.8499999999862,49.7696742931758,19.2500000000014));
#13133=CARTESIAN_POINT('',(13.8499999999862,50.0196742931756,19.2500000000014));
#13134=CARTESIAN_POINT('',(14.249999999984,49.7696742931758,18.8500000000012));
#13135=CARTESIAN_POINT('',(17.256896670773,49.7696742931758,15.8431033292145));
#13136=CARTESIAN_POINT('',(14.2499999999863,50.7446742931757,18.8500000000013));
#13137=CARTESIAN_POINT('',(14.2499999999863,50.0196742931756,18.8500000000012));
#13138=CARTESIAN_POINT('',(15.8479166666536,49.1467576265088,17.252083333334));
#13139=CARTESIAN_POINT('Origin',(14.2499999999895,50.019674293176,6.25000000000162));
#13140=CARTESIAN_POINT('',(14.2499999999895,50.7446742931761,6.25000000000141));
#13141=CARTESIAN_POINT('',(14.2499999999887,50.744674293176,9.18750000000158));
#13142=CARTESIAN_POINT('',(14.2499999999861,49.7696742931762,6.25000000000162));
#13143=CARTESIAN_POINT('',(14.2499999999861,49.769674293176,10.6875000000009));
#13144=CARTESIAN_POINT('',(14.2499999999895,48.8946742931762,6.25000000000134));
#13145=CARTESIAN_POINT('Origin',(16.0999999999904,97.819674293176,6.25000000000375));
#13146=CARTESIAN_POINT('',(17.9499999999895,49.7696742931761,6.25000000000237));
#13147=CARTESIAN_POINT('',(19.5262933415632,49.7696742931761,6.2500000000029));
#13148=CARTESIAN_POINT('',(17.9499999999895,51.144674293176,6.2500000000024));
#13149=CARTESIAN_POINT('',(17.9499999999895,49.9246742931761,6.25000000000237));
#13150=CARTESIAN_POINT('',(14.2499999999895,51.1446742931761,6.25000000000166));
#13151=CARTESIAN_POINT('',(17.7249999999895,51.144674293176,6.2500000000024));
#13152=CARTESIAN_POINT('',(14.2499999999895,50.894674293176,6.25000000000166));
#13153=CARTESIAN_POINT('',(14.2499999999895,50.019674293176,6.25000000000162));
#13154=CARTESIAN_POINT('',(14.0999999999895,50.8946742931761,6.25000000000166));
#13155=CARTESIAN_POINT('',(16.0999999999895,50.894674293176,6.25000000000215));
#13156=CARTESIAN_POINT('',(2.84374999998972,62.1509242931764,6.24999999999895));
#13157=CARTESIAN_POINT('Origin',(17.9499999999904,97.819674293176,6.250000000004));
#13158=CARTESIAN_POINT('',(16.9818966707764,49.7696742931761,7.21810332921502));
#13159=CARTESIAN_POINT('',(11.5374999999879,51.1446742931759,12.6625000000009));
#13160=CARTESIAN_POINT('Origin',(16.0999999999882,50.8946742931758,11.1250000000019));
#13161=CARTESIAN_POINT('',(12.2499999999862,50.8946742931757,19.1000000000011));
#13162=CARTESIAN_POINT('',(13.5499999999862,50.8946742931756,19.1000000000013));
#13163=CARTESIAN_POINT('',(12.2499999999893,50.8946742931761,7.00000000000119));
#13164=CARTESIAN_POINT('',(12.2499999999877,50.8946742931759,13.1250000000011));
#13165=CARTESIAN_POINT('',(14.0999999999893,50.894674293176,7.00000000000147));
#13166=CARTESIAN_POINT('',(13.2499999999893,50.894674293176,7.00000000000119));
#13167=CARTESIAN_POINT('',(14.0999999999885,50.8946742931759,10.1562500000017));
#13168=CARTESIAN_POINT('',(14.24999999999,50.8946742931761,4.2580000000015));
#13169=CARTESIAN_POINT('',(14.2499999999895,50.894674293176,6.25000000000166));
#13170=CARTESIAN_POINT('',(16.72499999999,50.8946742931761,4.25800000000225));
#13171=CARTESIAN_POINT('',(31.0499999999941,50.8946742931758,3.));
#13172=CARTESIAN_POINT('Origin',(10.9999999999862,50.9446742931758,19.0500000000007));
#13173=CARTESIAN_POINT('',(13.8499999999863,51.1446742931757,18.8500000000016));
#13174=CARTESIAN_POINT('',(11.8979166666535,53.096757626509,16.8979166666676));
#13175=CARTESIAN_POINT('',(12.2499999999862,51.1446742931757,18.850000000001));
#13176=CARTESIAN_POINT('',(10.9999999999863,51.1446742931757,18.8500000000008));
#13177=CARTESIAN_POINT('',(12.2499999999866,52.4134242931756,17.5812500000012));
#13178=CARTESIAN_POINT('',(10.9999999999862,50.7446742931758,19.2500000000007));
#13179=CARTESIAN_POINT('Origin',(14.0499999999887,50.9446742931761,9.18750000000158));
#13180=CARTESIAN_POINT('',(13.8499999999893,51.1446742931761,7.00000000000147));
#13181=CARTESIAN_POINT('',(13.8624999999893,51.1321742931761,7.00000000000147));
#13182=CARTESIAN_POINT('',(13.8499999999887,51.144674293176,9.18750000000133));
#13183=CARTESIAN_POINT('Origin',(14.2499999999895,50.894674293176,6.25000000000166));
#13184=CARTESIAN_POINT('',(14.24999999999,51.1446742931761,4.2580000000015));
#13185=CARTESIAN_POINT('',(14.249999999988,51.1446742931759,12.1250000000015));
#13186=CARTESIAN_POINT('',(14.24999999999,50.8946742931761,4.2580000000015));
#13187=CARTESIAN_POINT('Origin',(10.999999999988,51.1446742931759,12.1250000000008));
#13188=CARTESIAN_POINT('',(10.99999999999,51.1446742931762,4.25800000000076));
#13189=CARTESIAN_POINT('Origin',(16.72499999999,50.8946742931761,4.25800000000225));
#13190=CARTESIAN_POINT('Origin',(13.2499999999893,50.894674293176,7.00000000000119));
#13191=CARTESIAN_POINT('',(12.2499999999893,51.1446742931761,7.00000000000119));
#13192=CARTESIAN_POINT('',(12.2499999999893,50.8946742931761,7.00000000000119));
#13193=CARTESIAN_POINT('',(10.9999999999893,51.1446742931761,7.00000000000069));
#13194=CARTESIAN_POINT('Origin',(12.2499999999877,50.8946742931759,13.1250000000011));
#13195=CARTESIAN_POINT('',(12.2499999999879,51.1446742931759,12.125000000001));
#13196=CARTESIAN_POINT('Origin',(10.999999999988,51.1446742931759,12.1250000000008));
#13197=CARTESIAN_POINT('Origin',(10.9999999999896,40.4296742931761,5.00000000000045));
#13198=CARTESIAN_POINT('',(20.7999999999949,94.4796742931759,5.00000000000532));
#13199=CARTESIAN_POINT('',(4.93750000001413,78.617174293057,4.99999999999998));
#13200=CARTESIAN_POINT('',(16.9762933415644,94.479674293176,5.00000000000429));
#13201=CARTESIAN_POINT('',(20.7999999999945,73.499674293176,5.00000000000461));
#13202=CARTESIAN_POINT('',(16.976293341564,73.499674293176,5.00000000000357));
#13203=CARTESIAN_POINT('',(26.7175000000139,67.5821742931048,5.00000000000518));
#13204=CARTESIAN_POINT('Origin',(22.9525866831347,49.7696742931758,15.1250000000024));
#13205=CARTESIAN_POINT('',(20.7999999999904,49.7696742931756,19.2500000000032));
#13206=CARTESIAN_POINT('',(16.9762933415599,49.7696742931757,19.2500000000022));
#13207=CARTESIAN_POINT('',(20.7999999999919,49.7696742931759,13.6250000000023));
#13208=CARTESIAN_POINT('Origin',(20.9999999999901,49.5696742931757,13.6250000000026));
#13209=CARTESIAN_POINT('',(13.2362500000099,57.333424293222,19.2500000000015));
#13210=CARTESIAN_POINT('Origin',(20.9999999999905,70.9496742931757,13.6250000000033));
#13211=CARTESIAN_POINT('',(18.4187500000102,68.3684242931742,19.2500000000032));
#13212=CARTESIAN_POINT('Origin',(22.9525866831352,73.4996742931756,15.1250000000032));
#13213=CARTESIAN_POINT('',(20.7999999999909,73.4996742931755,19.2500000000039));
#13214=CARTESIAN_POINT('',(16.9762933415604,73.4996742931756,19.250000000003));
#13215=CARTESIAN_POINT('',(20.7999999999923,73.4996742931757,13.6250000000031));
#13216=CARTESIAN_POINT('Origin',(20.9999999999906,73.2996742931758,13.6250000000034));
#13217=CARTESIAN_POINT('',(19.1687500000104,75.1309242931704,19.2500000000036));
#13218=CARTESIAN_POINT('Origin',(10.9999999999872,8.47967429317716,12.1249999999993));
#13219=CARTESIAN_POINT('',(10.999999999986,39.5521742931763,19.2500000000003));
#13220=CARTESIAN_POINT('',(10.99999999999,31.8148371465889,3.));
#13221=CARTESIAN_POINT('Origin',(22.9525866831355,94.4796742931755,15.1250000000039));
#13222=CARTESIAN_POINT('',(20.7999999999913,94.4796742931754,19.2500000000047));
#13223=CARTESIAN_POINT('',(16.9762933415608,94.4796742931755,19.2500000000037));
#13224=CARTESIAN_POINT('',(20.7999999999928,94.4796742931756,13.6250000000038));
#13225=CARTESIAN_POINT('Origin',(20.999999999991,94.6796742931756,13.6250000000041));
#13226=CARTESIAN_POINT('',(12.4862500000107,86.1659242931223,19.2500000000023));
#13227=CARTESIAN_POINT('Origin',(10.4499999999831,97.229674293175,35.8500000000032));
#13228=CARTESIAN_POINT('',(13.0499999999863,97.2296742931755,19.2500000000028));
#13229=CARTESIAN_POINT('Origin',(10.9999999999861,50.0196742931756,19.2500000000007));
#13230=CARTESIAN_POINT('Origin',(46.,55.15,3.));
#13231=CARTESIAN_POINT('Origin',(46.,55.15,3.));
#13232=CARTESIAN_POINT('Origin',(71.62,-2.,0.));
#13233=CARTESIAN_POINT('',(74.2180762242581,-3.49999997764826,8.));
#13234=CARTESIAN_POINT('',(74.2180762242581,-3.49999997764826,0.));
#13235=CARTESIAN_POINT('',(69.0219237757419,-3.49999997764826,8.));
#13236=CARTESIAN_POINT('Origin',(71.62,-2.,8.));
#13237=CARTESIAN_POINT('',(69.0219237757419,-3.49999997764826,3.));
#13238=CARTESIAN_POINT('',(69.0219237757419,-3.49999997764826,0.));
#13239=CARTESIAN_POINT('Origin',(71.62,-2.,3.));
#13240=CARTESIAN_POINT('Origin',(80.2180762242581,-0.499999977648258,0.));
#13241=CARTESIAN_POINT('',(75.2180762242581,-0.499999977648258,8.));
#13242=CARTESIAN_POINT('',(79.7180762242581,-0.499999977648258,3.5));
#13243=CARTESIAN_POINT('',(74.2180762242581,-0.499999977648258,8.));
#13244=CARTESIAN_POINT('',(74.2180762242581,-0.499999977648258,0.));
#13245=CARTESIAN_POINT('',(80.2180762242581,-0.499999977648258,8.));
#13246=CARTESIAN_POINT('Origin',(71.62,-2.,0.));
#13247=CARTESIAN_POINT('',(73.119999479574,0.598075910885187,8.));
#13248=CARTESIAN_POINT('',(73.119999479574,0.598075910885187,0.));
#13249=CARTESIAN_POINT('Origin',(71.62,-2.,8.));
#13250=CARTESIAN_POINT('Origin',(73.119999479574,0.598075910885187,0.));
#13251=CARTESIAN_POINT('',(73.119999479574,1.59807591088519,8.));
#13252=CARTESIAN_POINT('',(73.119999479574,4.59807591088519,5.));
#13253=CARTESIAN_POINT('',(73.119999479574,0.598075910885187,8.));
#13254=CARTESIAN_POINT('Origin',(58.9780762242581,-3.49999997764826,0.));
#13255=CARTESIAN_POINT('',(58.9780762242581,-3.49999997764826,3.));
#13256=CARTESIAN_POINT('',(52.4890381121291,-3.49999997764826,3.));
#13257=CARTESIAN_POINT('',(58.9780762242581,-3.49999997764826,8.));
#13258=CARTESIAN_POINT('',(58.9780762242581,-3.49999997764826,8.));
#13259=CARTESIAN_POINT('',(58.9780762242581,-3.49999997764826,0.));
#13260=CARTESIAN_POINT('Origin',(56.38,-2.,0.));
#13261=CARTESIAN_POINT('',(54.88,-2.,8.));
#13262=CARTESIAN_POINT('Origin',(56.38,-2.,8.));
#13263=CARTESIAN_POINT('',(54.88,-2.,3.));
#13264=CARTESIAN_POINT('',(54.88,-2.,0.));
#13265=CARTESIAN_POINT('Origin',(56.38,-2.,3.));
#13266=CARTESIAN_POINT('Origin',(71.62,-2.,0.));
#13267=CARTESIAN_POINT('',(70.12,-2.,8.));
#13268=CARTESIAN_POINT('Origin',(71.62,-2.,8.));
#13269=CARTESIAN_POINT('',(70.12,-2.,3.));
#13270=CARTESIAN_POINT('',(70.12,-2.,0.));
#13271=CARTESIAN_POINT('Origin',(71.62,-2.,3.));
#13272=CARTESIAN_POINT('Origin',(56.38,-2.,0.));
#13273=CARTESIAN_POINT('Origin',(56.38,-2.,3.));
#13274=CARTESIAN_POINT('',(53.7819237757419,-3.49999997764826,8.));
#13275=CARTESIAN_POINT('Origin',(56.38,-2.,8.));
#13276=CARTESIAN_POINT('',(53.7819237757419,-3.49999997764826,0.));
#13277=CARTESIAN_POINT('Origin',(47.7819237757419,-3.49999997764826,0.));
#13278=CARTESIAN_POINT('',(52.7819237757419,-3.49999997764826,8.));
#13279=CARTESIAN_POINT('',(48.2819237757419,-3.49999997764826,3.5));
#13280=CARTESIAN_POINT('',(53.7819237757419,-3.49999997764826,8.));
#13281=CARTESIAN_POINT('Origin',(56.38,-2.,0.));
#13282=CARTESIAN_POINT('',(53.7819237757419,-0.499999977648258,8.));
#13283=CARTESIAN_POINT('',(53.7819237757419,-0.499999977648258,0.));
#13284=CARTESIAN_POINT('',(54.879999479574,0.598075910885187,8.));
#13285=CARTESIAN_POINT('Origin',(56.38,-2.,8.));
#13286=CARTESIAN_POINT('',(54.879999479574,0.598075910885187,0.));
#13287=CARTESIAN_POINT('Origin',(54.879999479574,6.59807591088519,0.));
#13288=CARTESIAN_POINT('',(54.879999479574,1.59807591088519,8.));
#13289=CARTESIAN_POINT('',(54.879999479574,6.09807591088519,3.5));
#13290=CARTESIAN_POINT('',(54.879999479574,6.59807591088519,8.));
#13291=CARTESIAN_POINT('Origin',(56.38,-2.,0.));
#13292=CARTESIAN_POINT('',(57.879999479574,0.598075910885187,8.));
#13293=CARTESIAN_POINT('',(57.879999479574,0.598075910885187,0.));
#13294=CARTESIAN_POINT('',(58.9780762242581,-0.499999977648258,8.));
#13295=CARTESIAN_POINT('Origin',(56.38,-2.,8.));
#13296=CARTESIAN_POINT('',(58.9780762242581,-0.499999977648258,0.));
#13297=CARTESIAN_POINT('Origin',(69.0219237757419,-0.499999977648258,0.));
#13298=CARTESIAN_POINT('',(69.0219237757419,-0.499999977648258,8.));
#13299=CARTESIAN_POINT('',(63.0219237757419,-0.499999977648258,8.));
#13300=CARTESIAN_POINT('',(69.0219237757419,-0.499999977648258,0.));
#13301=CARTESIAN_POINT('Origin',(71.62,-2.,0.));
#13302=CARTESIAN_POINT('',(70.119999479574,0.598075910885187,8.));
#13303=CARTESIAN_POINT('Origin',(71.62,-2.,8.));
#13304=CARTESIAN_POINT('',(70.119999479574,0.598075910885187,0.));
#13305=CARTESIAN_POINT('Origin',(53.7819237757419,-0.499999977648258,0.));
#13306=CARTESIAN_POINT('',(52.7819237757419,-0.499999977648258,8.));
#13307=CARTESIAN_POINT('',(49.7819237757419,-0.499999977648258,5.));
#13308=CARTESIAN_POINT('',(47.7819237757419,-0.499999977648258,8.));
#13309=CARTESIAN_POINT('Origin',(50.2819237757419,0.149518988897168,5.5));
#13310=CARTESIAN_POINT('',(52.7819237757419,0.149518988897168,8.));
#13311=CARTESIAN_POINT('Origin',(57.879999479574,0.598075910885187,0.));
#13312=CARTESIAN_POINT('',(57.879999479574,1.59807591088519,8.));
#13313=CARTESIAN_POINT('',(57.879999479574,4.59807591088519,5.));
#13314=CARTESIAN_POINT('',(57.879999479574,0.598075910885187,8.));
#13315=CARTESIAN_POINT('Origin',(60.939999739787,4.09807591088519,5.5));
#13316=CARTESIAN_POINT('',(60.939999739787,1.59807591088519,8.));
#13317=CARTESIAN_POINT('Origin',(70.119999479574,6.59807591088519,0.));
#13318=CARTESIAN_POINT('',(70.119999479574,1.59807591088519,8.));
#13319=CARTESIAN_POINT('',(70.119999479574,6.09807591088519,3.5));
#13320=CARTESIAN_POINT('',(70.119999479574,6.59807591088519,8.));
#13321=CARTESIAN_POINT('Origin',(68.559999739787,4.09807591088519,5.5));
#13322=CARTESIAN_POINT('',(68.559999739787,1.59807591088519,8.));
#13323=CARTESIAN_POINT('Origin',(64.,0.799037955442594,8.));
#13324=CARTESIAN_POINT('',(75.2180762242581,-3.49999997764826,8.));
#13325=CARTESIAN_POINT('',(75.2180762242581,-1.35048101110283,8.));
#13326=CARTESIAN_POINT('',(74.2180762242581,-3.49999997764826,8.));
#13327=CARTESIAN_POINT('Origin',(74.2180762242581,-3.49999997764826,0.));
#13328=CARTESIAN_POINT('',(78.2180762242581,-3.49999997764826,5.));
#13329=CARTESIAN_POINT('Origin',(77.7180762242581,-1.35048101110283,5.5));
#13330=CARTESIAN_POINT('Origin',(46.,55.15,3.));
#13331=CARTESIAN_POINT('Origin',(46.,55.15,3.));
#13332=CARTESIAN_POINT('Origin',(50.2819237886467,21.482999924883,5.5));
#13333=CARTESIAN_POINT('',(52.7819237886467,19.233,8.));
#13334=CARTESIAN_POINT('',(48.2819237886467,19.233,3.5));
#13335=CARTESIAN_POINT('',(52.7819237886467,22.233,8.));
#13336=CARTESIAN_POINT('',(52.7819237886467,21.482999924883,8.));
#13337=CARTESIAN_POINT('',(49.7819237886467,22.233,5.));
#13338=CARTESIAN_POINT('Origin',(53.7819237886467,22.233,0.));
#13339=CARTESIAN_POINT('',(53.7819237886467,22.233,8.));
#13340=CARTESIAN_POINT('',(47.7819237886467,22.233,8.));
#13341=CARTESIAN_POINT('',(53.7819237886467,22.233,0.));
#13342=CARTESIAN_POINT('Origin',(64.,20.7329998497659,8.));
#13343=CARTESIAN_POINT('',(57.879999479574,23.3310759108852,8.));
#13344=CARTESIAN_POINT('Origin',(56.38,20.733,8.));
#13345=CARTESIAN_POINT('',(57.879999479574,24.3310759108852,8.));
#13346=CARTESIAN_POINT('',(57.879999479574,23.3310759108852,8.));
#13347=CARTESIAN_POINT('',(54.879999479574,24.3310759108852,8.));
#13348=CARTESIAN_POINT('',(60.939999739787,24.3310759108852,8.));
#13349=CARTESIAN_POINT('',(54.879999479574,23.3310759108852,8.));
#13350=CARTESIAN_POINT('',(54.879999479574,29.3310759108852,8.));
#13351=CARTESIAN_POINT('Origin',(56.38,20.733,8.));
#13352=CARTESIAN_POINT('',(53.7819237886467,19.233,8.));
#13353=CARTESIAN_POINT('',(53.7819237886467,19.233,8.));
#13354=CARTESIAN_POINT('',(54.88,18.1349237886467,8.));
#13355=CARTESIAN_POINT('Origin',(56.38,20.733,8.));
#13356=CARTESIAN_POINT('',(54.88,17.1349237886467,8.));
#13357=CARTESIAN_POINT('',(54.88,18.1349237886467,8.));
#13358=CARTESIAN_POINT('',(57.88,17.1349237886467,8.));
#13359=CARTESIAN_POINT('',(59.44,17.1349237886467,8.));
#13360=CARTESIAN_POINT('',(57.88,18.1349237886467,8.));
#13361=CARTESIAN_POINT('',(57.88,12.1349237886467,8.));
#13362=CARTESIAN_POINT('Origin',(56.38,20.733,8.));
#13363=CARTESIAN_POINT('',(54.88,20.733,8.));
#13364=CARTESIAN_POINT('Origin',(56.38,20.733,8.));
#13365=CARTESIAN_POINT('Origin',(60.939999739787,26.8310759108852,5.5));
#13366=CARTESIAN_POINT('',(54.879999479574,28.8310759108852,3.5));
#13367=CARTESIAN_POINT('',(57.879999479574,27.3310759108852,5.));
#13368=CARTESIAN_POINT('Origin',(57.879999479574,23.3310759108852,0.));
#13369=CARTESIAN_POINT('',(57.879999479574,23.3310759108852,0.));
#13370=CARTESIAN_POINT('Origin',(59.44,14.6349237886467,5.5));
#13371=CARTESIAN_POINT('',(54.88,14.1349237886467,5.));
#13372=CARTESIAN_POINT('',(57.88,12.6349237886467,3.5));
#13373=CARTESIAN_POINT('Origin',(54.88,18.1349237886467,0.));
#13374=CARTESIAN_POINT('',(54.88,18.1349237886467,0.));
#13375=CARTESIAN_POINT('Origin',(67.06,14.6349237886467,5.5));
#13376=CARTESIAN_POINT('',(73.12,12.6349237886467,3.5));
#13377=CARTESIAN_POINT('',(70.12,14.1349237886467,5.));
#13378=CARTESIAN_POINT('Origin',(70.12,18.1349237886467,0.));
#13379=CARTESIAN_POINT('',(70.12,18.1349237886467,0.));
#13380=CARTESIAN_POINT('Origin',(77.7180762113533,19.982999924883,5.5));
#13381=CARTESIAN_POINT('',(79.7180762113533,22.233,3.5));
#13382=CARTESIAN_POINT('',(78.2180762113533,19.233,5.));
#13383=CARTESIAN_POINT('Origin',(80.2180762113533,22.233,0.));
#13384=CARTESIAN_POINT('',(74.2180762113533,22.233,0.));
#13385=CARTESIAN_POINT('Origin',(68.559999739787,26.8310759108852,5.5));
#13386=CARTESIAN_POINT('',(73.119999479574,27.3310759108852,5.));
#13387=CARTESIAN_POINT('',(70.119999479574,28.8310759108852,3.5));
#13388=CARTESIAN_POINT('Origin',(73.119999479574,23.3310759108852,0.));
#13389=CARTESIAN_POINT('',(73.119999479574,23.3310759108852,0.));
#13390=CARTESIAN_POINT('Origin',(71.62,20.733,0.));
#13391=CARTESIAN_POINT('Origin',(70.119999479574,29.3310759108852,0.));
#13392=CARTESIAN_POINT('',(70.119999479574,23.3310759108852,0.));
#13393=CARTESIAN_POINT('Origin',(71.62,20.733,0.));
#13394=CARTESIAN_POINT('Origin',(56.38,20.733,0.));
#13395=CARTESIAN_POINT('Origin',(54.879999479574,29.3310759108852,0.));
#13396=CARTESIAN_POINT('',(54.879999479574,23.3310759108852,0.));
#13397=CARTESIAN_POINT('Origin',(56.38,20.733,0.));
#13398=CARTESIAN_POINT('Origin',(47.7819237886467,19.233,0.));
#13399=CARTESIAN_POINT('',(53.7819237886467,19.233,0.));
#13400=CARTESIAN_POINT('Origin',(71.62,20.733,0.));
#13401=CARTESIAN_POINT('',(70.12,20.733,3.));
#13402=CARTESIAN_POINT('',(70.12,20.733,0.));
#13403=CARTESIAN_POINT('Origin',(71.62,20.733,3.));
#13404=CARTESIAN_POINT('Origin',(56.38,20.733,0.));
#13405=CARTESIAN_POINT('',(54.88,20.733,3.));
#13406=CARTESIAN_POINT('',(54.88,20.733,0.));
#13407=CARTESIAN_POINT('Origin',(56.38,20.733,3.));
#13408=CARTESIAN_POINT('Origin',(74.2180762113533,19.233,0.));
#13409=CARTESIAN_POINT('',(74.2180762113533,19.233,0.));
#13410=CARTESIAN_POINT('Origin',(71.62,20.733,0.));
#13411=CARTESIAN_POINT('',(73.12,18.1349237886467,0.));
#13412=CARTESIAN_POINT('Origin',(73.12,12.1349237886467,0.));
#13413=CARTESIAN_POINT('Origin',(71.62,20.733,0.));
#13414=CARTESIAN_POINT('Origin',(56.38,20.733,0.));
#13415=CARTESIAN_POINT('',(57.88,18.1349237886467,0.));
#13416=CARTESIAN_POINT('Origin',(57.88,12.1349237886467,0.));
#13417=CARTESIAN_POINT('Origin',(56.38,20.733,0.));
#13418=CARTESIAN_POINT('Origin',(46.,55.15,3.));
#13419=CARTESIAN_POINT('Origin',(46.,55.15,3.));
#13420=CARTESIAN_POINT('Origin',(46.,55.15,3.));
#13421=CARTESIAN_POINT('Origin',(108.1,113.3,4.));
#13422=CARTESIAN_POINT('Origin',(19.9,113.3,4.));
#13423=CARTESIAN_POINT('Origin',(83.,0.,0.));
#13424=CARTESIAN_POINT('',(0.,0.,0.));
#13425=CARTESIAN_POINT('Origin',(71.5973262801665,111.294426291161,114.));
#13426=CARTESIAN_POINT('',(84.0806967176187,85.7069989147358,114.));
#13427=CARTESIAN_POINT('Origin',(85.4397155021083,85.0721225933909,114.));
#13428=CARTESIAN_POINT('Origin',(71.5973262801665,111.294426291161,114.));
#13429=CARTESIAN_POINT('',(41.3723941253751,85.7368149395067,114.));
#13430=CARTESIAN_POINT('Origin',(42.7314129098647,85.1019386181618,114.));
#13431=CARTESIAN_POINT('Origin',(71.5973262801665,111.294426291161,114.));
#13432=CARTESIAN_POINT('',(62.685704220318,27.221921183565,114.));
#13433=CARTESIAN_POINT('Origin',(64.0447230048076,26.5870448622201,114.));
#13434=CARTESIAN_POINT('Origin',(85.4397155021083,85.0721225933909,119.));
#13435=CARTESIAN_POINT('',(88.2483543233867,83.7600448626115,119.));
#13436=CARTESIAN_POINT('Origin',(85.4397155021083,85.0721225933909,119.));
#13437=CARTESIAN_POINT('',(84.0806967176187,85.7069989147358,119.));
#13438=CARTESIAN_POINT('Origin',(85.4397155021083,85.0721225933909,119.));
#13439=CARTESIAN_POINT('Origin',(42.7314129098647,85.1019386181618,119.));
#13440=CARTESIAN_POINT('',(45.5400517311432,83.7898608873822,119.));
#13441=CARTESIAN_POINT('Origin',(42.7314129098647,85.1019386181618,119.));
#13442=CARTESIAN_POINT('',(41.3723941253751,85.7368149395067,119.));
#13443=CARTESIAN_POINT('Origin',(42.7314129098647,85.1019386181618,119.));
#13444=CARTESIAN_POINT('Origin',(64.0447230048076,26.5870448622201,119.));
#13445=CARTESIAN_POINT('',(66.8533618260861,25.2749671314406,119.));
#13446=CARTESIAN_POINT('Origin',(64.0447230048076,26.5870448622201,119.));
#13447=CARTESIAN_POINT('',(62.685704220318,27.221921183565,119.));
#13448=CARTESIAN_POINT('Origin',(64.0447230048076,26.5870448622201,119.));
#13449=CARTESIAN_POINT('Origin',(20.0000002980232,46.0000006854534,112.));
#13450=CARTESIAN_POINT('',(13.5000002980232,46.0000006854534,112.));
#13451=CARTESIAN_POINT('Origin',(20.0000002980232,46.0000006854534,112.));
#13452=CARTESIAN_POINT('',(13.5000002980232,46.0000006854534,115.));
#13453=CARTESIAN_POINT('',(13.5000002980232,46.0000006854534,112.));
#13454=CARTESIAN_POINT('Origin',(20.0000002980232,46.0000006854534,115.));
#13455=CARTESIAN_POINT('Origin',(42.7314129098647,85.1019386181618,116.));
#13456=CARTESIAN_POINT('',(41.3723941253751,85.7368149395067,116.));
#13457=CARTESIAN_POINT('Origin',(42.7314129098647,85.1019386181618,115.));
#13458=CARTESIAN_POINT('',(45.5400517311432,83.7898608873822,115.));
#13459=CARTESIAN_POINT('',(45.5400517311432,83.7898608873823,115.));
#13460=CARTESIAN_POINT('Origin',(42.7314129098647,85.1019386181618,115.));
#13461=CARTESIAN_POINT('Origin',(64.0447230048076,26.5870448622201,116.));
#13462=CARTESIAN_POINT('',(62.685704220318,27.221921183565,116.));
#13463=CARTESIAN_POINT('Origin',(64.0447230048076,26.5870448622201,115.));
#13464=CARTESIAN_POINT('',(66.8533618260861,25.2749671314406,115.));
#13465=CARTESIAN_POINT('',(66.8533618260861,25.2749671314406,115.));
#13466=CARTESIAN_POINT('Origin',(64.0447230048076,26.5870448622201,115.));
#13467=CARTESIAN_POINT('Origin',(85.4397155021083,85.0721225933909,116.));
#13468=CARTESIAN_POINT('',(84.0806967176187,85.7069989147358,116.));
#13469=CARTESIAN_POINT('Origin',(85.4397155021083,85.0721225933909,115.));
#13470=CARTESIAN_POINT('',(88.2483543233867,83.7600448626114,115.));
#13471=CARTESIAN_POINT('',(88.2483543233867,83.7600448626114,115.));
#13472=CARTESIAN_POINT('Origin',(85.4397155021083,85.0721225933909,115.));
#13473=CARTESIAN_POINT('Origin',(93.,55.15,113.5));
#13474=CARTESIAN_POINT('',(93.,38.9,112.));
#13475=CARTESIAN_POINT('',(93.,38.9,115.));
#13476=CARTESIAN_POINT('',(93.,38.9,114.25));
#13477=CARTESIAN_POINT('',(93.,74.3,112.));
#13478=CARTESIAN_POINT('',(93.,20.,112.));
#13479=CARTESIAN_POINT('',(93.,74.3,115.));
#13480=CARTESIAN_POINT('',(93.,74.3,112.75));
#13481=CARTESIAN_POINT('',(93.,93.122,115.));
#13482=CARTESIAN_POINT('Origin',(4.,31.9,114.));
#13483=CARTESIAN_POINT('',(7.,31.9,114.));
#13484=CARTESIAN_POINT('Origin',(4.,31.9,114.));
#13485=CARTESIAN_POINT('',(2.35,31.9,114.));
#13486=CARTESIAN_POINT('Origin',(4.,31.9,114.));
#13487=CARTESIAN_POINT('Origin',(4.,81.3,114.));
#13488=CARTESIAN_POINT('',(7.,81.3,114.));
#13489=CARTESIAN_POINT('Origin',(4.,81.3,114.));
#13490=CARTESIAN_POINT('',(2.35,81.3,114.));
#13491=CARTESIAN_POINT('Origin',(4.,81.3,114.));
#13492=CARTESIAN_POINT('Origin',(4.,56.6,114.));
#13493=CARTESIAN_POINT('',(7.,56.6,114.));
#13494=CARTESIAN_POINT('Origin',(4.,56.6,114.));
#13495=CARTESIAN_POINT('',(2.35,56.6,114.));
#13496=CARTESIAN_POINT('Origin',(4.,56.6,114.));
#13497=CARTESIAN_POINT('Origin',(4.,31.9,110.8));
#13498=CARTESIAN_POINT('',(2.35,31.9,112.));
#13499=CARTESIAN_POINT('',(2.35,31.9,110.8));
#13500=CARTESIAN_POINT('Origin',(4.,31.9,112.));
#13501=CARTESIAN_POINT('Origin',(4.,56.6,110.8));
#13502=CARTESIAN_POINT('',(2.35,56.6,112.));
#13503=CARTESIAN_POINT('',(2.35,56.6,110.8));
#13504=CARTESIAN_POINT('Origin',(4.,56.6,112.));
#13505=CARTESIAN_POINT('Origin',(4.,81.3,110.8));
#13506=CARTESIAN_POINT('',(2.35,81.3,112.));
#13507=CARTESIAN_POINT('',(2.35,81.3,110.8));
#13508=CARTESIAN_POINT('Origin',(4.,81.3,112.));
#13509=CARTESIAN_POINT('Origin',(4.,31.9,114.));
#13510=CARTESIAN_POINT('',(0.,31.9,115.));
#13511=CARTESIAN_POINT('',(8.,31.9,115.));
#13512=CARTESIAN_POINT('Origin',(4.,31.9,115.));
#13513=CARTESIAN_POINT('Origin',(8.,31.9,114.));
#13514=CARTESIAN_POINT('Origin',(4.,31.9,115.));
#13515=CARTESIAN_POINT('Origin',(4.,56.6,114.));
#13516=CARTESIAN_POINT('',(0.,56.6,115.));
#13517=CARTESIAN_POINT('',(8.,56.6,115.));
#13518=CARTESIAN_POINT('Origin',(4.,56.6,115.));
#13519=CARTESIAN_POINT('Origin',(8.,56.6,114.));
#13520=CARTESIAN_POINT('Origin',(4.,56.6,115.));
#13521=CARTESIAN_POINT('Origin',(4.,81.3,114.));
#13522=CARTESIAN_POINT('',(0.,81.3,115.));
#13523=CARTESIAN_POINT('',(8.,81.3,115.));
#13524=CARTESIAN_POINT('Origin',(4.,81.3,115.));
#13525=CARTESIAN_POINT('Origin',(8.,81.3,114.));
#13526=CARTESIAN_POINT('Origin',(4.,81.3,115.));
#13527=CARTESIAN_POINT('Origin',(0.,55.15,113.5));
#13528=CARTESIAN_POINT('',(0.,97.3,112.));
#13529=CARTESIAN_POINT('',(0.,15.9,112.));
#13530=CARTESIAN_POINT('',(0.,17.,112.));
#13531=CARTESIAN_POINT('',(0.,15.9,115.));
#13532=CARTESIAN_POINT('',(0.,15.9,114.25));
#13533=CARTESIAN_POINT('',(0.,82.725,115.));
#13534=CARTESIAN_POINT('',(0.,82.725,115.));
#13535=CARTESIAN_POINT('',(0.,82.725,115.));
#13536=CARTESIAN_POINT('',(0.,97.3,115.));
#13537=CARTESIAN_POINT('',(0.,93.122,115.));
#13538=CARTESIAN_POINT('',(0.,97.3,112.75));
#13539=CARTESIAN_POINT('Origin',(9.,97.3,112.));
#13540=CARTESIAN_POINT('',(70.,97.3,112.));
#13541=CARTESIAN_POINT('',(70.,97.3,115.));
#13542=CARTESIAN_POINT('',(70.,97.3,112.75));
#13543=CARTESIAN_POINT('',(9.,97.3,112.));
#13544=CARTESIAN_POINT('',(41.,97.3,115.));
#13545=CARTESIAN_POINT('Origin',(70.,74.3,112.75));
#13546=CARTESIAN_POINT('Origin',(70.,74.3,112.));
#13547=CARTESIAN_POINT('Origin',(70.,74.3,115.));
#13548=CARTESIAN_POINT('Origin',(73.,110.1,115.));
#13549=CARTESIAN_POINT('',(70.,15.9,115.));
#13550=CARTESIAN_POINT('Origin',(70.,38.9,115.));
#13551=CARTESIAN_POINT('',(73.,15.9,115.));
#13552=CARTESIAN_POINT('Origin',(73.,15.9,115.));
#13553=CARTESIAN_POINT('',(70.,15.9,112.));
#13554=CARTESIAN_POINT('',(70.,15.9,114.25));
#13555=CARTESIAN_POINT('',(41.,15.9,112.));
#13556=CARTESIAN_POINT('Origin',(70.,38.9,114.25));
#13557=CARTESIAN_POINT('Origin',(70.,38.9,112.));
#13558=CARTESIAN_POINT('Origin',(9.,0.,112.));
#13559=CARTESIAN_POINT('',(127.949999999999,113.3,2.55437989567576));
#13560=CARTESIAN_POINT('',(127.989423208564,113.3,2.95000000000006));
#13561=UNCERTAINTY_MEASURE_WITH_UNIT(LENGTH_MEASURE(0.01),#13569,
'DISTANCE_ACCURACY_VALUE',
'Maximum model space distance between geometric entities at asserted c
onnectivities');
#13562=UNCERTAINTY_MEASURE_WITH_UNIT(LENGTH_MEASURE(0.01),#13569,
'DISTANCE_ACCURACY_VALUE',
'Maximum model space distance between geometric entities at asserted c
onnectivities');
#13563=UNCERTAINTY_MEASURE_WITH_UNIT(LENGTH_MEASURE(0.01),#13569,
'DISTANCE_ACCURACY_VALUE',
'Maximum model space distance between geometric entities at asserted c
onnectivities');
#13564=UNCERTAINTY_MEASURE_WITH_UNIT(LENGTH_MEASURE(0.01),#13569,
'DISTANCE_ACCURACY_VALUE',
'Maximum model space distance between geometric entities at asserted c
onnectivities');
#13565=(
GEOMETRIC_REPRESENTATION_CONTEXT(3)
GLOBAL_UNCERTAINTY_ASSIGNED_CONTEXT((#13561))
GLOBAL_UNIT_ASSIGNED_CONTEXT((#13569,#13571,#13572))
REPRESENTATION_CONTEXT('','3D')
);
#13566=(
GEOMETRIC_REPRESENTATION_CONTEXT(3)
GLOBAL_UNCERTAINTY_ASSIGNED_CONTEXT((#13562))
GLOBAL_UNIT_ASSIGNED_CONTEXT((#13569,#13571,#13572))
REPRESENTATION_CONTEXT('','3D')
);
#13567=(
GEOMETRIC_REPRESENTATION_CONTEXT(3)
GLOBAL_UNCERTAINTY_ASSIGNED_CONTEXT((#13563))
GLOBAL_UNIT_ASSIGNED_CONTEXT((#13569,#13571,#13572))
REPRESENTATION_CONTEXT('','3D')
);
#13568=(
GEOMETRIC_REPRESENTATION_CONTEXT(3)
GLOBAL_UNCERTAINTY_ASSIGNED_CONTEXT((#13564))
GLOBAL_UNIT_ASSIGNED_CONTEXT((#13569,#13571,#13572))
REPRESENTATION_CONTEXT('','3D')
);
#13569=(
LENGTH_UNIT()
NAMED_UNIT(*)
SI_UNIT(.MILLI.,.METRE.)
);
#13570=(
LENGTH_UNIT()
NAMED_UNIT(*)
SI_UNIT($,.METRE.)
);
#13571=(
NAMED_UNIT(*)
PLANE_ANGLE_UNIT()
SI_UNIT($,.RADIAN.)
);
#13572=(
NAMED_UNIT(*)
SI_UNIT($,.STERADIAN.)
SOLID_ANGLE_UNIT()
);
#13573=SHAPE_DEFINITION_REPRESENTATION(#13576,#13581);
#13574=SHAPE_DEFINITION_REPRESENTATION(#13577,#13582);
#13575=SHAPE_DEFINITION_REPRESENTATION(#13578,#13583);
#13576=PRODUCT_DEFINITION_SHAPE('',$,#13585);
#13577=PRODUCT_DEFINITION_SHAPE('',$,#13586);
#13578=PRODUCT_DEFINITION_SHAPE('',$,#13587);
#13579=PRODUCT_DEFINITION_SHAPE($,$,#17);
#13580=PRODUCT_DEFINITION_SHAPE($,$,#18);
#13581=SHAPE_REPRESENTATION('',(#8361,#8927,#8928),#13565);
#13582=SHAPE_REPRESENTATION('',(#8362),#13566);
#13583=SHAPE_REPRESENTATION('',(#8860),#13567);
#13584=PRODUCT_DEFINITION_CONTEXT('part definition',#13595,'design');
#13585=PRODUCT_DEFINITION('2026-08-11-21-39-24-812',
'Cube Internal Body',#13588,#13584);
#13586=PRODUCT_DEFINITION('2026-08-30-21-15-06-349',
'Internal Body Inserts',#13589,#13584);
#13587=PRODUCT_DEFINITION('2026-08-30-21-15-06-429','Top Tray Inserts',
#13590,#13584);
#13588=PRODUCT_DEFINITION_FORMATION('',$,#13597);
#13589=PRODUCT_DEFINITION_FORMATION('',$,#13598);
#13590=PRODUCT_DEFINITION_FORMATION('',$,#13599);
#13591=PRODUCT_RELATED_PRODUCT_CATEGORY('Cube Internal Body',
'Cube Internal Body',(#13597));
#13592=PRODUCT_RELATED_PRODUCT_CATEGORY('Internal Body Inserts',
'Internal Body Inserts',(#13598));
#13593=PRODUCT_RELATED_PRODUCT_CATEGORY('Top Tray Inserts',
'Top Tray Inserts',(#13599));
#13594=APPLICATION_PROTOCOL_DEFINITION('international standard',
'automotive_design',2009,#13595);
#13595=APPLICATION_CONTEXT(
'Core Data for Automotive Mechanical Design Process');
#13596=PRODUCT_CONTEXT('part definition',#13595,'mechanical');
#13597=PRODUCT('2026-08-11-21-39-24-812','Cube Internal Body',$,(#13596));
#13598=PRODUCT('2026-08-30-21-15-06-349','Internal Body Inserts',$,(#13596));
#13599=PRODUCT('2026-08-30-21-15-06-429','Top Tray Inserts',$,(#13596));
#13600=PRESENTATION_STYLE_ASSIGNMENT((#13602));
#13601=PRESENTATION_STYLE_ASSIGNMENT((#13603));
#13602=SURFACE_STYLE_USAGE(.BOTH.,#13604);
#13603=SURFACE_STYLE_USAGE(.BOTH.,#13605);
#13604=SURFACE_SIDE_STYLE('',(#13606));
#13605=SURFACE_SIDE_STYLE('',(#13607));
#13606=SURFACE_STYLE_FILL_AREA(#13608);
#13607=SURFACE_STYLE_FILL_AREA(#13609);
#13608=FILL_AREA_STYLE('Steel - Satin',(#13610));
#13609=FILL_AREA_STYLE('Opaque(63,63,63)',(#13611));
#13610=FILL_AREA_STYLE_COLOUR('Steel - Satin',#13612);
#13611=FILL_AREA_STYLE_COLOUR('Opaque(63,63,63)',#13613);
#13612=COLOUR_RGB('Steel - Satin',0.627450980392157,0.627450980392157,0.627450980392157);
#13613=COLOUR_RGB('Opaque(63,63,63)',0.250980392156863,0.250980392156863,
0.250980392156863);
ENDSEC;
END-ISO-10303-21;
